,Year,Month,Day,Hour,Minute,ghi,dni,dhi,temp_air,wind_speed,wind_direction,albedo
2019-01-01 00:30:00-06:00,2019,1,1,0,30,0.0,0.0,0.0,20.0,2.3000000000000003,187.0,0.01
2019-01-01 01:30:00-06:00,2019,1,1,1,30,0.0,0.0,0.0,20.0,2.3000000000000003,188.0,0.01
2019-01-01 02:30:00-06:00,2019,1,1,2,30,0.0,0.0,0.0,20.0,2.2,191.0,0.01
2019-01-01 03:30:00-06:00,2019,1,1,3,30,0.0,0.0,0.0,20.0,1.9,197.0,0.01
2019-01-01 04:30:00-06:00,2019,1,1,4,30,0.0,0.0,0.0,19.9,1.6,210.0,0.01
2019-01-01 05:30:00-06:00,2019,1,1,5,30,0.0,0.0,0.0,19.8,1.5,223.0,0.01
2019-01-01 06:30:00-06:00,2019,1,1,6,30,0.0,0.0,0.0,19.700000000000003,1.5,234.0,0.01
2019-01-01 07:30:00-06:00,2019,1,1,7,30,6.0,0.0,6.0,19.6,1.4,241.0,0.01
2019-01-01 08:30:00-06:00,2019,1,1,8,30,24.0,0.0,24.0,19.700000000000003,1.0,236.0,0.01
2019-01-01 09:30:00-06:00,2019,1,1,9,30,203.0,97.0,160.0,19.8,0.7000000000000001,211.0,0.01
2019-01-01 10:30:00-06:00,2019,1,1,10,30,190.0,11.0,184.0,20.0,0.6000000000000001,170.0,0.01
2019-01-01 11:30:00-06:00,2019,1,1,11,30,202.0,9.0,197.0,20.200000000000003,0.6000000000000001,135.0,0.01
2019-01-01 12:30:00-06:00,2019,1,1,12,30,122.0,0.0,122.0,20.4,0.7000000000000001,122.0,0.01
2019-01-01 13:30:00-06:00,2019,1,1,13,30,302.0,145.0,221.0,20.6,0.9,121.0,0.01
2019-01-01 14:30:00-06:00,2019,1,1,14,30,381.0,588.0,111.0,20.6,1.1,121.0,0.01
2019-01-01 15:30:00-06:00,2019,1,1,15,30,183.0,252.0,104.0,20.6,1.2000000000000002,119.0,0.01
2019-01-01 16:30:00-06:00,2019,1,1,16,30,95.0,403.0,40.0,20.4,1.3,110.0,0.01
2019-01-01 17:30:00-06:00,2019,1,1,17,30,0.0,0.0,0.0,20.3,1.3,104.0,0.01
2019-01-01 18:30:00-06:00,2019,1,1,18,30,0.0,0.0,0.0,20.200000000000003,1.6,88.0,0.01
2019-01-01 19:30:00-06:00,2019,1,1,19,30,0.0,0.0,0.0,20.1,1.9,84.0,0.01
2019-01-01 20:30:00-06:00,2019,1,1,20,30,0.0,0.0,0.0,20.0,2.2,87.0,0.01
2019-01-01 21:30:00-06:00,2019,1,1,21,30,0.0,0.0,0.0,19.9,2.3000000000000003,92.0,0.01
2019-01-01 22:30:00-06:00,2019,1,1,22,30,0.0,0.0,0.0,19.9,2.4000000000000004,98.0,0.01
2019-01-01 23:30:00-06:00,2019,1,1,23,30,0.0,0.0,0.0,19.9,2.5,102.0,0.01
2019-01-02 00:30:00-06:00,2019,1,2,0,30,0.0,0.0,0.0,19.9,2.7,105.0,0.01
2019-01-02 01:30:00-06:00,2019,1,2,1,30,0.0,0.0,0.0,19.9,2.8000000000000003,106.0,0.01
2019-01-02 02:30:00-06:00,2019,1,2,2,30,0.0,0.0,0.0,19.8,2.8000000000000003,108.0,0.01
2019-01-02 03:30:00-06:00,2019,1,2,3,30,0.0,0.0,0.0,19.8,2.8000000000000003,109.0,0.01
2019-01-02 04:30:00-06:00,2019,1,2,4,30,0.0,0.0,0.0,19.700000000000003,2.8000000000000003,107.0,0.01
2019-01-02 05:30:00-06:00,2019,1,2,5,30,0.0,0.0,0.0,19.700000000000003,2.9000000000000004,107.0,0.01
2019-01-02 06:30:00-06:00,2019,1,2,6,30,0.0,0.0,0.0,19.700000000000003,3.3000000000000003,113.0,0.01
2019-01-02 07:30:00-06:00,2019,1,2,7,30,26.0,0.0,26.0,19.8,3.5,119.0,0.01
2019-01-02 08:30:00-06:00,2019,1,2,8,30,119.0,61.0,101.0,20.0,3.3000000000000003,124.0,0.01
2019-01-02 09:30:00-06:00,2019,1,2,9,30,152.0,12.0,147.0,20.1,3.2,126.0,0.01
2019-01-02 10:30:00-06:00,2019,1,2,10,30,304.0,112.0,243.0,20.3,3.3000000000000003,127.0,0.01
2019-01-02 11:30:00-06:00,2019,1,2,11,30,354.0,123.0,279.0,20.4,3.4000000000000004,129.0,0.01
2019-01-02 12:30:00-06:00,2019,1,2,12,30,340.0,102.0,278.0,20.4,3.4000000000000004,129.0,0.01
2019-01-02 13:30:00-06:00,2019,1,2,13,30,283.0,73.0,242.0,20.5,3.4000000000000004,127.0,0.01
2019-01-02 14:30:00-06:00,2019,1,2,14,30,216.0,57.0,190.0,20.5,3.3000000000000003,127.0,0.01
2019-01-02 15:30:00-06:00,2019,1,2,15,30,124.0,44.0,110.0,20.5,3.4000000000000004,129.0,0.01
2019-01-02 16:30:00-06:00,2019,1,2,16,30,36.0,0.0,36.0,20.4,3.8,131.0,0.01
2019-01-02 17:30:00-06:00,2019,1,2,17,30,0.0,0.0,0.0,20.3,4.0,133.0,0.01
2019-01-02 18:30:00-06:00,2019,1,2,18,30,0.0,0.0,0.0,20.3,3.4000000000000004,143.0,0.01
2019-01-02 19:30:00-06:00,2019,1,2,19,30,0.0,0.0,0.0,20.3,3.5,151.0,0.01
2019-01-02 20:30:00-06:00,2019,1,2,20,30,0.0,0.0,0.0,20.4,3.6,159.0,0.01
2019-01-02 21:30:00-06:00,2019,1,2,21,30,0.0,0.0,0.0,20.4,4.0,164.0,0.01
2019-01-02 22:30:00-06:00,2019,1,2,22,30,0.0,0.0,0.0,20.5,4.6000000000000005,169.0,0.01
2019-01-02 23:30:00-06:00,2019,1,2,23,30,0.0,0.0,0.0,20.5,4.800000000000001,175.0,0.01
2019-01-03 00:30:00-06:00,2019,1,3,0,30,0.0,0.0,0.0,20.4,4.3,179.0,0.01
2019-01-03 01:30:00-06:00,2019,1,3,1,30,0.0,0.0,0.0,20.4,3.6,182.0,0.01
2019-01-03 02:30:00-06:00,2019,1,3,2,30,0.0,0.0,0.0,20.200000000000003,2.9000000000000004,185.0,0.01
2019-01-03 03:30:00-06:00,2019,1,3,3,30,0.0,0.0,0.0,20.0,2.5,172.0,0.01
2019-01-03 04:30:00-06:00,2019,1,3,4,30,0.0,0.0,0.0,19.9,2.5,145.0,0.01
2019-01-03 05:30:00-06:00,2019,1,3,5,30,0.0,0.0,0.0,19.700000000000003,2.6,121.0,0.01
2019-01-03 06:30:00-06:00,2019,1,3,6,30,0.0,0.0,0.0,19.6,3.1,103.0,0.01
2019-01-03 07:30:00-06:00,2019,1,3,7,30,38.0,20.0,36.0,19.6,4.0,92.0,0.01
2019-01-03 08:30:00-06:00,2019,1,3,8,30,89.0,54.0,73.0,19.6,4.5,91.0,0.01
2019-01-03 09:30:00-06:00,2019,1,3,9,30,156.0,24.0,145.0,19.6,4.7,96.0,0.01
2019-01-03 10:30:00-06:00,2019,1,3,10,30,124.0,0.0,124.0,19.6,5.0,103.0,0.01
2019-01-03 11:30:00-06:00,2019,1,3,11,30,141.0,0.0,141.0,19.6,5.4,113.0,0.01
2019-01-03 12:30:00-06:00,2019,1,3,12,30,113.0,0.0,113.0,19.700000000000003,5.9,123.0,0.01
2019-01-03 13:30:00-06:00,2019,1,3,13,30,105.0,1.0,104.0,19.9,6.2,133.0,0.01
2019-01-03 14:30:00-06:00,2019,1,3,14,30,60.0,0.0,60.0,20.1,6.300000000000001,144.0,0.01
2019-01-03 15:30:00-06:00,2019,1,3,15,30,49.0,0.0,49.0,20.5,6.5,155.0,0.01
2019-01-03 16:30:00-06:00,2019,1,3,16,30,29.0,0.0,29.0,20.8,6.800000000000001,167.0,0.01
2019-01-03 17:30:00-06:00,2019,1,3,17,30,0.0,0.0,0.0,20.8,6.9,173.0,0.01
2019-01-03 18:30:00-06:00,2019,1,3,18,30,0.0,0.0,0.0,20.4,6.7,199.0,0.01
2019-01-03 19:30:00-06:00,2019,1,3,19,30,0.0,0.0,0.0,19.5,7.1000000000000005,226.0,0.01
2019-01-03 20:30:00-06:00,2019,1,3,20,30,0.0,0.0,0.0,18.5,7.800000000000001,249.0,0.01
2019-01-03 21:30:00-06:00,2019,1,3,21,30,0.0,0.0,0.0,17.5,8.5,263.0,0.01
2019-01-03 22:30:00-06:00,2019,1,3,22,30,0.0,0.0,0.0,17.1,8.700000000000001,267.0,0.01
2019-01-03 23:30:00-06:00,2019,1,3,23,30,0.0,0.0,0.0,16.900000000000002,8.6,269.0,0.01
2019-01-04 00:30:00-06:00,2019,1,4,0,30,0.0,0.0,0.0,16.7,8.4,272.0,0.01
2019-01-04 01:30:00-06:00,2019,1,4,1,30,0.0,0.0,0.0,16.2,8.4,276.0,0.01
2019-01-04 02:30:00-06:00,2019,1,4,2,30,0.0,0.0,0.0,15.6,8.9,281.0,0.01
2019-01-04 03:30:00-06:00,2019,1,4,3,30,0.0,0.0,0.0,14.9,9.4,284.0,0.01
2019-01-04 04:30:00-06:00,2019,1,4,4,30,0.0,0.0,0.0,14.5,9.4,284.0,0.01
2019-01-04 05:30:00-06:00,2019,1,4,5,30,0.0,0.0,0.0,14.4,9.3,285.0,0.01
2019-01-04 06:30:00-06:00,2019,1,4,6,30,0.0,0.0,0.0,14.4,9.2,288.0,0.01
2019-01-04 07:30:00-06:00,2019,1,4,7,30,55.0,156.0,39.0,14.4,9.1,291.0,0.01
2019-01-04 08:30:00-06:00,2019,1,4,8,30,208.0,390.0,96.0,14.5,9.0,292.0,0.01
2019-01-04 09:30:00-06:00,2019,1,4,9,30,454.0,873.0,69.0,14.7,8.700000000000001,289.0,0.01
2019-01-04 10:30:00-06:00,2019,1,4,10,30,580.0,907.0,81.0,15.1,8.5,286.0,0.01
2019-01-04 11:30:00-06:00,2019,1,4,11,30,657.0,946.0,80.0,15.4,8.6,284.0,0.01
2019-01-04 12:30:00-06:00,2019,1,4,12,30,660.0,942.0,80.0,15.7,8.8,283.0,0.01
2019-01-04 13:30:00-06:00,2019,1,4,13,30,600.0,922.0,78.0,16.0,8.9,283.0,0.01
2019-01-04 14:30:00-06:00,2019,1,4,14,30,478.0,874.0,71.0,16.1,8.8,282.0,0.01
2019-01-04 15:30:00-06:00,2019,1,4,15,30,307.0,771.0,59.0,16.0,8.5,283.0,0.01
2019-01-04 16:30:00-06:00,2019,1,4,16,30,111.0,496.0,40.0,15.6,8.200000000000001,286.0,0.01
2019-01-04 17:30:00-06:00,2019,1,4,17,30,0.0,0.0,0.0,15.4,7.9,288.0,0.01
2019-01-04 18:30:00-06:00,2019,1,4,18,30,0.0,0.0,0.0,14.8,7.1000000000000005,296.0,0.01
2019-01-04 19:30:00-06:00,2019,1,4,19,30,0.0,0.0,0.0,14.5,6.800000000000001,303.0,0.01
2019-01-04 20:30:00-06:00,2019,1,4,20,30,0.0,0.0,0.0,14.2,6.6000000000000005,312.0,0.01
2019-01-04 21:30:00-06:00,2019,1,4,21,30,0.0,0.0,0.0,13.9,6.6000000000000005,319.0,0.01
2019-01-04 22:30:00-06:00,2019,1,4,22,30,0.0,0.0,0.0,13.6,6.5,325.0,0.01
2019-01-04 23:30:00-06:00,2019,1,4,23,30,0.0,0.0,0.0,13.3,6.2,329.0,0.01
2019-01-05 00:30:00-06:00,2019,1,5,0,30,0.0,0.0,0.0,13.0,5.9,334.0,0.01
2019-01-05 01:30:00-06:00,2019,1,5,1,30,0.0,0.0,0.0,12.7,5.7,337.0,0.01
2019-01-05 02:30:00-06:00,2019,1,5,2,30,0.0,0.0,0.0,12.5,5.6000000000000005,339.0,0.01
2019-01-05 03:30:00-06:00,2019,1,5,3,30,0.0,0.0,0.0,12.4,5.5,340.0,0.01
2019-01-05 04:30:00-06:00,2019,1,5,4,30,0.0,0.0,0.0,12.4,5.4,342.0,0.01
2019-01-05 05:30:00-06:00,2019,1,5,5,30,0.0,0.0,0.0,12.4,5.2,346.0,0.01
2019-01-05 06:30:00-06:00,2019,1,5,6,30,0.0,0.0,0.0,12.6,4.800000000000001,350.0,0.01
2019-01-05 07:30:00-06:00,2019,1,5,7,30,82.0,482.0,32.0,12.9,4.3,354.0,0.01
2019-01-05 08:30:00-06:00,2019,1,5,8,30,276.0,779.0,51.0,13.2,3.8,358.0,0.01
2019-01-05 09:30:00-06:00,2019,1,5,9,30,457.0,897.0,61.0,13.7,3.4000000000000004,180.0,0.01
2019-01-05 10:30:00-06:00,2019,1,5,10,30,592.0,953.0,67.0,14.1,3.0,179.0,0.01
2019-01-05 11:30:00-06:00,2019,1,5,11,30,666.0,978.0,68.0,14.6,2.7,355.0,0.01
2019-01-05 12:30:00-06:00,2019,1,5,12,30,674.0,981.0,69.0,15.1,2.5,348.0,0.01
2019-01-05 13:30:00-06:00,2019,1,5,13,30,610.0,957.0,66.0,15.5,2.4000000000000004,341.0,0.01
2019-01-05 14:30:00-06:00,2019,1,5,14,30,487.0,908.0,62.0,15.9,2.4000000000000004,336.0,0.01
2019-01-05 15:30:00-06:00,2019,1,5,15,30,316.0,807.0,55.0,16.0,2.2,331.0,0.01
2019-01-05 16:30:00-06:00,2019,1,5,16,30,120.0,572.0,37.0,16.0,1.8,327.0,0.01
2019-01-05 17:30:00-06:00,2019,1,5,17,30,0.0,0.0,0.0,15.9,1.6,326.0,0.01
2019-01-05 18:30:00-06:00,2019,1,5,18,30,0.0,0.0,0.0,15.8,0.9,301.0,0.01
2019-01-05 19:30:00-06:00,2019,1,5,19,30,0.0,0.0,0.0,15.7,0.8,266.0,0.01
2019-01-05 20:30:00-06:00,2019,1,5,20,30,0.0,0.0,0.0,15.6,1.0,249.0,0.01
2019-01-05 21:30:00-06:00,2019,1,5,21,30,0.0,0.0,0.0,15.5,1.3,257.0,0.01
2019-01-05 22:30:00-06:00,2019,1,5,22,30,0.0,0.0,0.0,15.3,1.7000000000000002,276.0,0.01
2019-01-05 23:30:00-06:00,2019,1,5,23,30,0.0,0.0,0.0,15.2,2.3000000000000003,296.0,0.01
2019-01-06 00:30:00-06:00,2019,1,6,0,30,0.0,0.0,0.0,15.0,2.7,307.0,0.01
2019-01-06 01:30:00-06:00,2019,1,6,1,30,0.0,0.0,0.0,14.8,2.4000000000000004,314.0,0.01
2019-01-06 02:30:00-06:00,2019,1,6,2,30,0.0,0.0,0.0,14.6,2.0,323.0,0.01
2019-01-06 03:30:00-06:00,2019,1,6,3,30,0.0,0.0,0.0,14.6,1.9,337.0,0.01
2019-01-06 04:30:00-06:00,2019,1,6,4,30,0.0,0.0,0.0,14.6,1.9,178.0,0.01
2019-01-06 05:30:00-06:00,2019,1,6,5,30,0.0,0.0,0.0,14.7,2.0,25.0,0.01
2019-01-06 06:30:00-06:00,2019,1,6,6,30,0.0,0.0,0.0,14.8,2.2,41.0,0.01
2019-01-06 07:30:00-06:00,2019,1,6,7,30,83.0,497.0,31.0,15.2,2.4000000000000004,54.0,0.01
2019-01-06 08:30:00-06:00,2019,1,6,8,30,279.0,789.0,51.0,15.7,2.6,74.0,0.01
2019-01-06 09:30:00-06:00,2019,1,6,9,30,460.0,906.0,60.0,16.1,2.7,93.0,0.01
2019-01-06 10:30:00-06:00,2019,1,6,10,30,596.0,961.0,65.0,16.5,2.7,107.0,0.01
2019-01-06 11:30:00-06:00,2019,1,6,11,30,669.0,980.0,69.0,16.8,2.7,121.0,0.01
2019-01-06 12:30:00-06:00,2019,1,6,12,30,676.0,982.0,68.0,17.0,2.6,131.0,0.01
2019-01-06 13:30:00-06:00,2019,1,6,13,30,616.0,963.0,67.0,17.2,2.4000000000000004,136.0,0.01
2019-01-06 14:30:00-06:00,2019,1,6,14,30,494.0,917.0,62.0,17.3,2.2,139.0,0.01
2019-01-06 15:30:00-06:00,2019,1,6,15,30,321.0,822.0,53.0,17.2,2.0,142.0,0.01
2019-01-06 16:30:00-06:00,2019,1,6,16,30,124.0,590.0,37.0,16.900000000000002,1.9,142.0,0.01
2019-01-06 17:30:00-06:00,2019,1,6,17,30,0.0,0.0,0.0,16.8,1.9,142.0,0.01
2019-01-06 18:30:00-06:00,2019,1,6,18,30,0.0,0.0,0.0,16.8,2.2,141.0,0.01
2019-01-06 19:30:00-06:00,2019,1,6,19,30,0.0,0.0,0.0,16.8,2.5,141.0,0.01
2019-01-06 20:30:00-06:00,2019,1,6,20,30,0.0,0.0,0.0,16.8,2.7,141.0,0.01
2019-01-06 21:30:00-06:00,2019,1,6,21,30,0.0,0.0,0.0,16.8,3.0,141.0,0.01
2019-01-06 22:30:00-06:00,2019,1,6,22,30,0.0,0.0,0.0,16.8,3.2,141.0,0.01
2019-01-06 23:30:00-06:00,2019,1,6,23,30,0.0,0.0,0.0,16.900000000000002,3.3000000000000003,144.0,0.01
2019-01-07 00:30:00-06:00,2019,1,7,0,30,0.0,0.0,0.0,16.900000000000002,3.3000000000000003,147.0,0.01
2019-01-07 01:30:00-06:00,2019,1,7,1,30,0.0,0.0,0.0,16.900000000000002,3.2,149.0,0.01
2019-01-07 02:30:00-06:00,2019,1,7,2,30,0.0,0.0,0.0,16.900000000000002,3.3000000000000003,150.0,0.01
2019-01-07 03:30:00-06:00,2019,1,7,3,30,0.0,0.0,0.0,17.0,3.6,150.0,0.01
2019-01-07 04:30:00-06:00,2019,1,7,4,30,0.0,0.0,0.0,17.1,3.8,150.0,0.01
2019-01-07 05:30:00-06:00,2019,1,7,5,30,0.0,0.0,0.0,17.3,3.7,148.0,0.01
2019-01-07 06:30:00-06:00,2019,1,7,6,30,0.0,0.0,0.0,17.400000000000002,3.3000000000000003,146.0,0.01
2019-01-07 07:30:00-06:00,2019,1,7,7,30,81.0,496.0,29.0,17.8,2.9000000000000004,141.0,0.01
2019-01-07 08:30:00-06:00,2019,1,7,8,30,245.0,600.0,72.0,18.2,2.4000000000000004,139.0,0.01
2019-01-07 09:30:00-06:00,2019,1,7,9,30,258.0,148.0,193.0,18.6,1.7000000000000002,146.0,0.01
2019-01-07 10:30:00-06:00,2019,1,7,10,30,363.0,207.0,249.0,18.8,1.2000000000000002,163.0,0.01
2019-01-07 11:30:00-06:00,2019,1,7,11,30,412.0,208.0,284.0,19.0,1.0,186.0,0.01
2019-01-07 12:30:00-06:00,2019,1,7,12,30,497.0,388.0,256.0,19.1,1.1,204.0,0.01
2019-01-07 13:30:00-06:00,2019,1,7,13,30,507.0,582.0,174.0,19.200000000000003,1.2000000000000002,210.0,0.01
2019-01-07 14:30:00-06:00,2019,1,7,14,30,374.0,432.0,170.0,19.200000000000003,1.2000000000000002,205.0,0.01
2019-01-07 15:30:00-06:00,2019,1,7,15,30,256.0,488.0,95.0,19.1,1.1,192.0,0.01
2019-01-07 16:30:00-06:00,2019,1,7,16,30,101.0,368.0,46.0,18.8,1.1,174.0,0.01
2019-01-07 17:30:00-06:00,2019,1,7,17,30,0.0,0.0,0.0,18.7,1.1,164.0,0.01
2019-01-07 18:30:00-06:00,2019,1,7,18,30,0.0,0.0,0.0,18.5,1.8,147.0,0.01
2019-01-07 19:30:00-06:00,2019,1,7,19,30,0.0,0.0,0.0,18.4,2.5,144.0,0.01
2019-01-07 20:30:00-06:00,2019,1,7,20,30,0.0,0.0,0.0,18.3,2.9000000000000004,147.0,0.01
2019-01-07 21:30:00-06:00,2019,1,7,21,30,0.0,0.0,0.0,18.3,3.1,154.0,0.01
2019-01-07 22:30:00-06:00,2019,1,7,22,30,0.0,0.0,0.0,18.3,2.9000000000000004,164.0,0.01
2019-01-07 23:30:00-06:00,2019,1,7,23,30,0.0,0.0,0.0,18.3,2.5,175.0,0.01
2019-01-08 00:30:00-06:00,2019,1,8,0,30,0.0,0.0,0.0,18.3,1.9,186.0,0.01
2019-01-08 01:30:00-06:00,2019,1,8,1,30,0.0,0.0,0.0,18.3,1.5,192.0,0.01
2019-01-08 02:30:00-06:00,2019,1,8,2,30,0.0,0.0,0.0,18.3,1.4,191.0,0.01
2019-01-08 03:30:00-06:00,2019,1,8,3,30,0.0,0.0,0.0,18.3,1.5,187.0,0.01
2019-01-08 04:30:00-06:00,2019,1,8,4,30,0.0,0.0,0.0,18.3,1.6,185.0,0.01
2019-01-08 05:30:00-06:00,2019,1,8,5,30,0.0,0.0,0.0,18.3,1.5,188.0,0.01
2019-01-08 06:30:00-06:00,2019,1,8,6,30,0.0,0.0,0.0,18.4,1.2000000000000002,195.0,0.01
2019-01-08 07:30:00-06:00,2019,1,8,7,30,29.0,0.0,29.0,18.6,1.0,203.0,0.01
2019-01-08 08:30:00-06:00,2019,1,8,8,30,119.0,32.0,110.0,18.8,0.9,210.0,0.01
2019-01-08 09:30:00-06:00,2019,1,8,9,30,300.0,267.0,182.0,19.1,0.9,221.0,0.01
2019-01-08 10:30:00-06:00,2019,1,8,10,30,475.0,539.0,176.0,19.4,1.0,232.0,0.01
2019-01-08 11:30:00-06:00,2019,1,8,11,30,618.0,843.0,99.0,19.5,1.2000000000000002,237.0,0.01
2019-01-08 12:30:00-06:00,2019,1,8,12,30,456.0,280.0,282.0,19.5,1.3,237.0,0.01
2019-01-08 13:30:00-06:00,2019,1,8,13,30,365.0,173.0,266.0,19.5,1.4,236.0,0.01
2019-01-08 14:30:00-06:00,2019,1,8,14,30,452.0,766.0,88.0,19.5,1.4,241.0,0.01
2019-01-08 15:30:00-06:00,2019,1,8,15,30,305.0,739.0,60.0,19.4,1.5,249.0,0.01
2019-01-08 16:30:00-06:00,2019,1,8,16,30,91.0,272.0,49.0,19.1,1.6,252.0,0.01
2019-01-08 17:30:00-06:00,2019,1,8,17,30,0.0,0.0,0.0,19.0,1.7000000000000002,253.0,0.01
2019-01-08 18:30:00-06:00,2019,1,8,18,30,0.0,0.0,0.0,18.7,2.3000000000000003,260.0,0.01
2019-01-08 19:30:00-06:00,2019,1,8,19,30,0.0,0.0,0.0,18.6,2.6,265.0,0.01
2019-01-08 20:30:00-06:00,2019,1,8,20,30,0.0,0.0,0.0,18.4,2.9000000000000004,272.0,0.01
2019-01-08 21:30:00-06:00,2019,1,8,21,30,0.0,0.0,0.0,18.3,3.3000000000000003,279.0,0.01
2019-01-08 22:30:00-06:00,2019,1,8,22,30,0.0,0.0,0.0,18.1,3.8,287.0,0.01
2019-01-08 23:30:00-06:00,2019,1,8,23,30,0.0,0.0,0.0,18.0,4.1000000000000005,298.0,0.01
2019-01-09 00:30:00-06:00,2019,1,9,0,30,0.0,0.0,0.0,17.8,4.3,310.0,0.01
2019-01-09 01:30:00-06:00,2019,1,9,1,30,0.0,0.0,0.0,17.6,4.6000000000000005,327.0,0.01
2019-01-09 02:30:00-06:00,2019,1,9,2,30,0.0,0.0,0.0,17.400000000000002,5.2,168.0,0.01
2019-01-09 03:30:00-06:00,2019,1,9,3,30,0.0,0.0,0.0,17.2,6.1000000000000005,7.0,0.01
2019-01-09 04:30:00-06:00,2019,1,9,4,30,0.0,0.0,0.0,16.900000000000002,7.4,20.0,0.01
2019-01-09 05:30:00-06:00,2019,1,9,5,30,0.0,0.0,0.0,16.400000000000002,8.700000000000001,29.0,0.01
2019-01-09 06:30:00-06:00,2019,1,9,6,30,0.0,0.0,0.0,15.7,9.2,32.0,0.01
2019-01-09 07:30:00-06:00,2019,1,9,7,30,52.0,126.0,39.0,15.3,8.9,31.0,0.01
2019-01-09 08:30:00-06:00,2019,1,9,8,30,209.0,404.0,92.0,15.2,8.5,31.0,0.01
2019-01-09 09:30:00-06:00,2019,1,9,9,30,404.0,678.0,103.0,15.2,8.0,29.0,0.01
2019-01-09 10:30:00-06:00,2019,1,9,10,30,528.0,720.0,128.0,15.3,7.5,26.0,0.01
2019-01-09 11:30:00-06:00,2019,1,9,11,30,668.0,970.0,69.0,15.3,7.1000000000000005,21.0,0.01
2019-01-09 12:30:00-06:00,2019,1,9,12,30,677.0,968.0,72.0,15.4,6.9,16.0,0.01
2019-01-09 13:30:00-06:00,2019,1,9,13,30,616.0,949.0,68.0,15.5,6.7,10.0,0.01
2019-01-09 14:30:00-06:00,2019,1,9,14,30,495.0,906.0,62.0,15.7,6.6000000000000005,183.0,0.01
2019-01-09 15:30:00-06:00,2019,1,9,15,30,325.0,813.0,53.0,15.8,6.5,357.0,0.01
2019-01-09 16:30:00-06:00,2019,1,9,16,30,130.0,592.0,38.0,15.8,6.5,354.0,0.01
2019-01-09 17:30:00-06:00,2019,1,9,17,30,0.0,0.0,0.0,15.7,6.6000000000000005,352.0,0.01
2019-01-09 18:30:00-06:00,2019,1,9,18,30,0.0,0.0,0.0,15.4,7.4,350.0,0.01
2019-01-09 19:30:00-06:00,2019,1,9,19,30,0.0,0.0,0.0,15.0,7.800000000000001,350.0,0.01
2019-01-09 20:30:00-06:00,2019,1,9,20,30,0.0,0.0,0.0,14.5,8.1,353.0,0.01
2019-01-09 21:30:00-06:00,2019,1,9,21,30,0.0,0.0,0.0,14.0,8.3,178.0,0.01
2019-01-09 22:30:00-06:00,2019,1,9,22,30,0.0,0.0,0.0,13.5,8.5,3.0,0.01
2019-01-09 23:30:00-06:00,2019,1,9,23,30,0.0,0.0,0.0,13.0,8.5,8.0,0.01
2019-01-10 00:30:00-06:00,2019,1,10,0,30,0.0,0.0,0.0,12.7,8.5,12.0,0.01
2019-01-10 01:30:00-06:00,2019,1,10,1,30,0.0,0.0,0.0,12.5,8.4,16.0,0.01
2019-01-10 02:30:00-06:00,2019,1,10,2,30,0.0,0.0,0.0,12.2,8.3,19.0,0.01
2019-01-10 03:30:00-06:00,2019,1,10,3,30,0.0,0.0,0.0,12.0,8.1,22.0,0.01
2019-01-10 04:30:00-06:00,2019,1,10,4,30,0.0,0.0,0.0,11.8,7.9,26.0,0.01
2019-01-10 05:30:00-06:00,2019,1,10,5,30,0.0,0.0,0.0,11.7,7.7,28.0,0.01
2019-01-10 06:30:00-06:00,2019,1,10,6,30,0.0,0.0,0.0,11.8,7.4,29.0,0.01
2019-01-10 07:30:00-06:00,2019,1,10,7,30,82.0,502.0,30.0,11.9,7.0,30.0,0.01
2019-01-10 08:30:00-06:00,2019,1,10,8,30,278.0,792.0,49.0,12.1,6.4,31.0,0.01
2019-01-10 09:30:00-06:00,2019,1,10,9,30,460.0,908.0,57.0,12.3,5.7,32.0,0.01
2019-01-10 10:30:00-06:00,2019,1,10,10,30,595.0,960.0,61.0,12.4,5.0,32.0,0.01
2019-01-10 11:30:00-06:00,2019,1,10,11,30,671.0,982.0,63.0,12.5,4.5,28.0,0.01
2019-01-10 12:30:00-06:00,2019,1,10,12,30,682.0,984.0,65.0,12.7,4.2,24.0,0.01
2019-01-10 13:30:00-06:00,2019,1,10,13,30,624.0,965.0,64.0,12.9,4.1000000000000005,22.0,0.01
2019-01-10 14:30:00-06:00,2019,1,10,14,30,500.0,915.0,60.0,13.0,4.1000000000000005,16.0,0.01
2019-01-10 15:30:00-06:00,2019,1,10,15,30,328.0,818.0,52.0,13.2,4.2,8.0,0.01
2019-01-10 16:30:00-06:00,2019,1,10,16,30,133.0,600.0,38.0,13.2,4.4,5.0,0.01
2019-01-10 17:30:00-06:00,2019,1,10,17,30,0.0,0.0,0.0,13.2,4.5,6.0,0.01
2019-01-10 18:30:00-06:00,2019,1,10,18,30,0.0,0.0,0.0,13.4,4.800000000000001,12.0,0.01
2019-01-10 19:30:00-06:00,2019,1,10,19,30,0.0,0.0,0.0,13.5,4.800000000000001,17.0,0.01
2019-01-10 20:30:00-06:00,2019,1,10,20,30,0.0,0.0,0.0,13.5,4.7,23.0,0.01
2019-01-10 21:30:00-06:00,2019,1,10,21,30,0.0,0.0,0.0,13.5,4.6000000000000005,29.0,0.01
2019-01-10 22:30:00-06:00,2019,1,10,22,30,0.0,0.0,0.0,13.4,4.5,33.0,0.01
2019-01-10 23:30:00-06:00,2019,1,10,23,30,0.0,0.0,0.0,13.4,4.4,35.0,0.01
2019-01-11 00:30:00-06:00,2019,1,11,0,30,0.0,0.0,0.0,13.3,4.5,37.0,0.01
2019-01-11 01:30:00-06:00,2019,1,11,1,30,0.0,0.0,0.0,13.2,4.6000000000000005,40.0,0.01
2019-01-11 02:30:00-06:00,2019,1,11,2,30,0.0,0.0,0.0,13.2,4.7,44.0,0.01
2019-01-11 03:30:00-06:00,2019,1,11,3,30,0.0,0.0,0.0,13.2,4.7,50.0,0.01
2019-01-11 04:30:00-06:00,2019,1,11,4,30,0.0,0.0,0.0,13.2,4.7,57.0,0.01
2019-01-11 05:30:00-06:00,2019,1,11,5,30,0.0,0.0,0.0,13.3,4.7,62.0,0.01
2019-01-11 06:30:00-06:00,2019,1,11,6,30,0.0,0.0,0.0,13.6,4.6000000000000005,66.0,0.01
2019-01-11 07:30:00-06:00,2019,1,11,7,30,76.0,417.0,33.0,14.0,4.4,70.0,0.01
2019-01-11 08:30:00-06:00,2019,1,11,8,30,265.0,713.0,58.0,14.6,4.3,75.0,0.01
2019-01-11 09:30:00-06:00,2019,1,11,9,30,443.0,833.0,72.0,15.0,4.1000000000000005,79.0,0.01
2019-01-11 10:30:00-06:00,2019,1,11,10,30,575.0,888.0,79.0,15.4,3.9,83.0,0.01
2019-01-11 11:30:00-06:00,2019,1,11,11,30,651.0,918.0,81.0,15.8,3.6,87.0,0.01
2019-01-11 12:30:00-06:00,2019,1,11,12,30,662.0,926.0,80.0,16.1,3.4000000000000004,91.0,0.01
2019-01-11 13:30:00-06:00,2019,1,11,13,30,603.0,902.0,78.0,16.400000000000002,3.4000000000000004,94.0,0.01
2019-01-11 14:30:00-06:00,2019,1,11,14,30,483.0,849.0,72.0,16.6,3.4000000000000004,95.0,0.01
2019-01-11 15:30:00-06:00,2019,1,11,15,30,316.0,746.0,62.0,16.6,3.6,94.0,0.01
2019-01-11 16:30:00-06:00,2019,1,11,16,30,126.0,510.0,43.0,16.5,3.9,95.0,0.01
2019-01-11 17:30:00-06:00,2019,1,11,17,30,0.0,0.0,0.0,16.3,4.1000000000000005,96.0,0.01
2019-01-11 18:30:00-06:00,2019,1,11,18,30,0.0,0.0,0.0,16.400000000000002,4.7,106.0,0.01
2019-01-11 19:30:00-06:00,2019,1,11,19,30,0.0,0.0,0.0,16.6,4.800000000000001,113.0,0.01
2019-01-11 20:30:00-06:00,2019,1,11,20,30,0.0,0.0,0.0,16.7,4.7,120.0,0.01
2019-01-11 21:30:00-06:00,2019,1,11,21,30,0.0,0.0,0.0,16.8,4.3,127.0,0.01
2019-01-11 22:30:00-06:00,2019,1,11,22,30,0.0,0.0,0.0,16.900000000000002,4.0,135.0,0.01
2019-01-11 23:30:00-06:00,2019,1,11,23,30,0.0,0.0,0.0,17.0,3.8,143.0,0.01
2019-01-12 00:30:00-06:00,2019,1,12,0,30,0.0,0.0,0.0,17.2,3.8,148.0,0.01
2019-01-12 01:30:00-06:00,2019,1,12,1,30,0.0,0.0,0.0,17.3,3.8,151.0,0.01
2019-01-12 02:30:00-06:00,2019,1,12,2,30,0.0,0.0,0.0,17.400000000000002,3.9,153.0,0.01
2019-01-12 03:30:00-06:00,2019,1,12,3,30,0.0,0.0,0.0,17.5,4.1000000000000005,155.0,0.01
2019-01-12 04:30:00-06:00,2019,1,12,4,30,0.0,0.0,0.0,17.7,4.4,155.0,0.01
2019-01-12 05:30:00-06:00,2019,1,12,5,30,0.0,0.0,0.0,17.8,4.9,158.0,0.01
2019-01-12 06:30:00-06:00,2019,1,12,6,30,0.0,0.0,0.0,18.0,5.2,163.0,0.01
2019-01-12 07:30:00-06:00,2019,1,12,7,30,10.0,0.0,10.0,18.3,5.2,170.0,0.01
2019-01-12 08:30:00-06:00,2019,1,12,8,30,26.0,0.0,26.0,18.5,4.9,178.0,0.01
2019-01-12 09:30:00-06:00,2019,1,12,9,30,101.0,2.0,100.0,18.7,4.6000000000000005,184.0,0.01
2019-01-12 10:30:00-06:00,2019,1,12,10,30,164.0,6.0,161.0,18.9,4.5,191.0,0.01
2019-01-12 11:30:00-06:00,2019,1,12,11,30,342.0,178.0,231.0,19.0,4.6000000000000005,201.0,0.01
2019-01-12 12:30:00-06:00,2019,1,12,12,30,196.0,11.0,189.0,19.0,4.7,211.0,0.01
2019-01-12 13:30:00-06:00,2019,1,12,13,30,150.0,2.0,149.0,19.0,4.5,216.0,0.01
2019-01-12 14:30:00-06:00,2019,1,12,14,30,237.0,91.0,193.0,18.9,4.2,219.0,0.01
2019-01-12 15:30:00-06:00,2019,1,12,15,30,50.0,0.0,50.0,18.7,4.1000000000000005,220.0,0.01
2019-01-12 16:30:00-06:00,2019,1,12,16,30,8.0,0.0,8.0,18.5,4.0,223.0,0.01
2019-01-12 17:30:00-06:00,2019,1,12,17,30,2.0,16.0,3.0,18.4,3.9,224.0,0.01
2019-01-12 18:30:00-06:00,2019,1,12,18,30,0.0,0.0,0.0,18.1,3.9,240.0,0.01
2019-01-12 19:30:00-06:00,2019,1,12,19,30,0.0,0.0,0.0,17.900000000000002,4.0,253.0,0.01
2019-01-12 20:30:00-06:00,2019,1,12,20,30,0.0,0.0,0.0,17.6,4.2,265.0,0.01
2019-01-12 21:30:00-06:00,2019,1,12,21,30,0.0,0.0,0.0,17.3,4.7,275.0,0.01
2019-01-12 22:30:00-06:00,2019,1,12,22,30,0.0,0.0,0.0,16.900000000000002,5.4,283.0,0.01
2019-01-12 23:30:00-06:00,2019,1,12,23,30,0.0,0.0,0.0,16.400000000000002,6.2,292.0,0.01
2019-01-13 00:30:00-06:00,2019,1,13,0,30,0.0,0.0,0.0,15.6,6.9,303.0,0.01
2019-01-13 01:30:00-06:00,2019,1,13,1,30,0.0,0.0,0.0,14.7,7.4,313.0,0.01
2019-01-13 02:30:00-06:00,2019,1,13,2,30,0.0,0.0,0.0,13.9,7.5,321.0,0.01
2019-01-13 03:30:00-06:00,2019,1,13,3,30,0.0,0.0,0.0,13.3,7.5,325.0,0.01
2019-01-13 04:30:00-06:00,2019,1,13,4,30,0.0,0.0,0.0,12.7,7.300000000000001,327.0,0.01
2019-01-13 05:30:00-06:00,2019,1,13,5,30,0.0,0.0,0.0,12.2,7.0,329.0,0.01
2019-01-13 06:30:00-06:00,2019,1,13,6,30,0.0,0.0,0.0,11.9,6.800000000000001,331.0,0.01
2019-01-13 07:30:00-06:00,2019,1,13,7,30,80.0,433.0,35.0,11.7,6.6000000000000005,334.0,0.01
2019-01-13 08:30:00-06:00,2019,1,13,8,30,276.0,742.0,60.0,11.6,6.4,336.0,0.01
2019-01-13 09:30:00-06:00,2019,1,13,9,30,460.0,869.0,71.0,11.6,6.1000000000000005,337.0,0.01
2019-01-13 10:30:00-06:00,2019,1,13,10,30,600.0,928.0,79.0,11.7,5.800000000000001,338.0,0.01
2019-01-13 11:30:00-06:00,2019,1,13,11,30,457.0,297.0,271.0,11.8,5.7,338.0,0.01
2019-01-13 12:30:00-06:00,2019,1,13,12,30,343.0,86.0,288.0,12.0,5.5,338.0,0.01
2019-01-13 13:30:00-06:00,2019,1,13,13,30,345.0,144.0,260.0,12.2,5.2,340.0,0.01
2019-01-13 14:30:00-06:00,2019,1,13,14,30,322.0,242.0,204.0,12.3,5.2,343.0,0.01
2019-01-13 15:30:00-06:00,2019,1,13,15,30,181.0,134.0,135.0,12.4,5.300000000000001,346.0,0.01
2019-01-13 16:30:00-06:00,2019,1,13,16,30,73.0,96.0,57.0,12.3,5.5,349.0,0.01
2019-01-13 17:30:00-06:00,2019,1,13,17,30,2.0,22.0,3.0,12.2,5.6000000000000005,352.0,0.01
2019-01-13 18:30:00-06:00,2019,1,13,18,30,0.0,0.0,0.0,12.0,6.2,182.0,0.01
2019-01-13 19:30:00-06:00,2019,1,13,19,30,0.0,0.0,0.0,11.7,6.4,8.0,0.01
2019-01-13 20:30:00-06:00,2019,1,13,20,30,0.0,0.0,0.0,11.4,6.5,14.0,0.01
2019-01-13 21:30:00-06:00,2019,1,13,21,30,0.0,0.0,0.0,11.0,6.5,16.0,0.01
2019-01-13 22:30:00-06:00,2019,1,13,22,30,0.0,0.0,0.0,10.6,6.300000000000001,16.0,0.01
2019-01-13 23:30:00-06:00,2019,1,13,23,30,0.0,0.0,0.0,10.3,6.1000000000000005,14.0,0.01
2019-01-14 00:30:00-06:00,2019,1,14,0,30,0.0,0.0,0.0,10.0,6.0,11.0,0.01
2019-01-14 01:30:00-06:00,2019,1,14,1,30,0.0,0.0,0.0,9.8,6.1000000000000005,8.0,0.01
2019-01-14 02:30:00-06:00,2019,1,14,2,30,0.0,0.0,0.0,9.7,6.2,6.0,0.01
2019-01-14 03:30:00-06:00,2019,1,14,3,30,0.0,0.0,0.0,9.5,6.4,4.0,0.01
2019-01-14 04:30:00-06:00,2019,1,14,4,30,0.0,0.0,0.0,9.4,6.5,4.0,0.01
2019-01-14 05:30:00-06:00,2019,1,14,5,30,0.0,0.0,0.0,9.3,6.4,4.0,0.01
2019-01-14 06:30:00-06:00,2019,1,14,6,30,0.0,0.0,0.0,9.3,6.2,3.0,0.01
2019-01-14 07:30:00-06:00,2019,1,14,7,30,16.0,0.0,16.0,9.5,5.9,2.0,0.01
2019-01-14 08:30:00-06:00,2019,1,14,8,30,58.0,0.0,58.0,9.6,5.6000000000000005,180.0,0.01
2019-01-14 09:30:00-06:00,2019,1,14,9,30,105.0,0.0,105.0,9.6,5.300000000000001,359.0,0.01
2019-01-14 10:30:00-06:00,2019,1,14,10,30,149.0,0.0,149.0,9.6,5.0,358.0,0.01
2019-01-14 11:30:00-06:00,2019,1,14,11,30,197.0,5.0,194.0,9.7,4.9,357.0,0.01
2019-01-14 12:30:00-06:00,2019,1,14,12,30,216.0,9.0,210.0,9.9,4.9,356.0,0.01
2019-01-14 13:30:00-06:00,2019,1,14,13,30,208.0,10.0,202.0,10.1,4.800000000000001,354.0,0.01
2019-01-14 14:30:00-06:00,2019,1,14,14,30,176.0,10.0,171.0,10.3,4.800000000000001,353.0,0.01
2019-01-14 15:30:00-06:00,2019,1,14,15,30,76.0,0.0,76.0,10.4,4.800000000000001,353.0,0.01
2019-01-14 16:30:00-06:00,2019,1,14,16,30,27.0,0.0,27.0,10.4,4.800000000000001,355.0,0.01
2019-01-14 17:30:00-06:00,2019,1,14,17,30,1.0,14.0,1.0,10.3,4.800000000000001,356.0,0.01
2019-01-14 18:30:00-06:00,2019,1,14,18,30,0.0,0.0,0.0,10.3,5.5,179.0,0.01
2019-01-14 19:30:00-06:00,2019,1,14,19,30,0.0,0.0,0.0,10.2,5.9,2.0,0.01
2019-01-14 20:30:00-06:00,2019,1,14,20,30,0.0,0.0,0.0,10.0,6.1000000000000005,5.0,0.01
2019-01-14 21:30:00-06:00,2019,1,14,21,30,0.0,0.0,0.0,10.0,6.1000000000000005,7.0,0.01
2019-01-14 22:30:00-06:00,2019,1,14,22,30,0.0,0.0,0.0,9.9,6.0,9.0,0.01
2019-01-14 23:30:00-06:00,2019,1,14,23,30,0.0,0.0,0.0,9.7,5.800000000000001,8.0,0.01
2019-01-15 00:30:00-06:00,2019,1,15,0,30,0.0,0.0,0.0,9.6,5.800000000000001,8.0,0.01
2019-01-15 01:30:00-06:00,2019,1,15,1,30,0.0,0.0,0.0,9.5,5.800000000000001,12.0,0.01
2019-01-15 02:30:00-06:00,2019,1,15,2,30,0.0,0.0,0.0,9.5,5.800000000000001,17.0,0.01
2019-01-15 03:30:00-06:00,2019,1,15,3,30,0.0,0.0,0.0,9.4,5.7,20.0,0.01
2019-01-15 04:30:00-06:00,2019,1,15,4,30,0.0,0.0,0.0,9.4,5.5,21.0,0.01
2019-01-15 05:30:00-06:00,2019,1,15,5,30,0.0,0.0,0.0,9.5,5.300000000000001,22.0,0.01
2019-01-15 06:30:00-06:00,2019,1,15,6,30,0.0,0.0,0.0,9.6,5.0,24.0,0.01
2019-01-15 07:30:00-06:00,2019,1,15,7,30,22.0,0.0,22.0,9.8,4.800000000000001,24.0,0.01
2019-01-15 08:30:00-06:00,2019,1,15,8,30,90.0,0.0,90.0,10.1,4.7,23.0,0.01
2019-01-15 09:30:00-06:00,2019,1,15,9,30,169.0,16.0,162.0,10.2,4.7,23.0,0.01
2019-01-15 10:30:00-06:00,2019,1,15,10,30,267.0,51.0,238.0,10.3,4.7,20.0,0.01
2019-01-15 11:30:00-06:00,2019,1,15,11,30,273.0,32.0,253.0,10.4,4.7,19.0,0.01
2019-01-15 12:30:00-06:00,2019,1,15,12,30,334.0,77.0,285.0,10.5,4.5,22.0,0.01
2019-01-15 13:30:00-06:00,2019,1,15,13,30,428.0,298.0,251.0,10.7,4.3,26.0,0.01
2019-01-15 14:30:00-06:00,2019,1,15,14,30,337.0,255.0,211.0,10.7,4.1000000000000005,26.0,0.01
2019-01-15 15:30:00-06:00,2019,1,15,15,30,262.0,412.0,117.0,10.7,3.8,22.0,0.01
2019-01-15 16:30:00-06:00,2019,1,15,16,30,102.0,239.0,60.0,10.7,3.7,23.0,0.01
2019-01-15 17:30:00-06:00,2019,1,15,17,30,3.0,20.0,4.0,10.7,3.6,26.0,0.01
2019-01-15 18:30:00-06:00,2019,1,15,18,30,0.0,0.0,0.0,10.6,3.5,33.0,0.01
2019-01-15 19:30:00-06:00,2019,1,15,19,30,0.0,0.0,0.0,10.6,3.2,33.0,0.01
2019-01-15 20:30:00-06:00,2019,1,15,20,30,0.0,0.0,0.0,10.5,2.7,28.0,0.01
2019-01-15 21:30:00-06:00,2019,1,15,21,30,0.0,0.0,0.0,10.4,2.3000000000000003,17.0,0.01
2019-01-15 22:30:00-06:00,2019,1,15,22,30,0.0,0.0,0.0,10.4,2.2,6.0,0.01
2019-01-15 23:30:00-06:00,2019,1,15,23,30,0.0,0.0,0.0,10.4,2.4000000000000004,5.0,0.01
2019-01-16 00:30:00-06:00,2019,1,16,0,30,0.0,0.0,0.0,10.5,2.4000000000000004,18.0,0.01
2019-01-16 01:30:00-06:00,2019,1,16,1,30,0.0,0.0,0.0,10.6,2.4000000000000004,25.0,0.01
2019-01-16 02:30:00-06:00,2019,1,16,2,30,0.0,0.0,0.0,10.7,2.6,20.0,0.01
2019-01-16 03:30:00-06:00,2019,1,16,3,30,0.0,0.0,0.0,10.8,3.0,15.0,0.01
2019-01-16 04:30:00-06:00,2019,1,16,4,30,0.0,0.0,0.0,10.9,3.4000000000000004,13.0,0.01
2019-01-16 05:30:00-06:00,2019,1,16,5,30,0.0,0.0,0.0,10.9,3.6,16.0,0.01
2019-01-16 06:30:00-06:00,2019,1,16,6,30,0.0,0.0,0.0,11.0,3.4000000000000004,23.0,0.01
2019-01-16 07:30:00-06:00,2019,1,16,7,30,52.0,113.0,40.0,11.4,3.3000000000000003,31.0,0.01
2019-01-16 08:30:00-06:00,2019,1,16,8,30,266.0,687.0,64.0,11.9,3.2,35.0,0.01
2019-01-16 09:30:00-06:00,2019,1,16,9,30,450.0,828.0,76.0,12.4,3.3000000000000003,34.0,0.01
2019-01-16 10:30:00-06:00,2019,1,16,10,30,589.0,894.0,82.0,12.9,3.5,33.0,0.01
2019-01-16 11:30:00-06:00,2019,1,16,11,30,669.0,926.0,84.0,13.3,3.6,36.0,0.01
2019-01-16 12:30:00-06:00,2019,1,16,12,30,684.0,936.0,84.0,13.6,3.5,41.0,0.01
2019-01-16 13:30:00-06:00,2019,1,16,13,30,629.0,921.0,80.0,13.9,3.4000000000000004,45.0,0.01
2019-01-16 14:30:00-06:00,2019,1,16,14,30,494.0,810.0,90.0,14.0,3.3000000000000003,51.0,0.01
2019-01-16 15:30:00-06:00,2019,1,16,15,30,323.0,698.0,75.0,14.0,3.1,58.0,0.01
2019-01-16 16:30:00-06:00,2019,1,16,16,30,93.0,164.0,64.0,13.8,3.0,67.0,0.01
2019-01-16 17:30:00-06:00,2019,1,16,17,30,1.0,12.0,1.0,13.7,3.0,72.0,0.01
2019-01-16 18:30:00-06:00,2019,1,16,18,30,0.0,0.0,0.0,13.8,3.2,88.0,0.01
2019-01-16 19:30:00-06:00,2019,1,16,19,30,0.0,0.0,0.0,14.0,3.3000000000000003,101.0,0.01
2019-01-16 20:30:00-06:00,2019,1,16,20,30,0.0,0.0,0.0,14.2,3.3000000000000003,114.0,0.01
2019-01-16 21:30:00-06:00,2019,1,16,21,30,0.0,0.0,0.0,14.4,3.4000000000000004,122.0,0.01
2019-01-16 22:30:00-06:00,2019,1,16,22,30,0.0,0.0,0.0,14.5,3.3000000000000003,127.0,0.01
2019-01-16 23:30:00-06:00,2019,1,16,23,30,0.0,0.0,0.0,14.6,3.1,132.0,0.01
2019-01-17 00:30:00-06:00,2019,1,17,0,30,0.0,0.0,0.0,14.7,2.9000000000000004,138.0,0.01
2019-01-17 01:30:00-06:00,2019,1,17,1,30,0.0,0.0,0.0,14.8,2.7,139.0,0.01
2019-01-17 02:30:00-06:00,2019,1,17,2,30,0.0,0.0,0.0,14.9,2.6,135.0,0.01
2019-01-17 03:30:00-06:00,2019,1,17,3,30,0.0,0.0,0.0,15.0,2.6,131.0,0.01
2019-01-17 04:30:00-06:00,2019,1,17,4,30,0.0,0.0,0.0,15.1,2.5,133.0,0.01
2019-01-17 05:30:00-06:00,2019,1,17,5,30,0.0,0.0,0.0,15.2,2.2,140.0,0.01
2019-01-17 06:30:00-06:00,2019,1,17,6,30,0.0,0.0,0.0,15.4,2.0,147.0,0.01
2019-01-17 07:30:00-06:00,2019,1,17,7,30,25.0,0.0,25.0,15.6,2.3000000000000003,152.0,0.01
2019-01-17 08:30:00-06:00,2019,1,17,8,30,137.0,110.0,104.0,16.0,2.6,154.0,0.01
2019-01-17 09:30:00-06:00,2019,1,17,9,30,158.0,33.0,143.0,16.3,2.7,157.0,0.01
2019-01-17 10:30:00-06:00,2019,1,17,10,30,480.0,495.0,198.0,16.6,2.8000000000000003,165.0,0.01
2019-01-17 11:30:00-06:00,2019,1,17,11,30,440.0,267.0,271.0,16.8,2.9000000000000004,176.0,0.01
2019-01-17 12:30:00-06:00,2019,1,17,12,30,440.0,238.0,287.0,17.0,3.4000000000000004,186.0,0.01
2019-01-17 13:30:00-06:00,2019,1,17,13,30,457.0,342.0,252.0,17.2,3.8,194.0,0.01
2019-01-17 14:30:00-06:00,2019,1,17,14,30,220.0,40.0,200.0,17.400000000000002,4.1000000000000005,200.0,0.01
2019-01-17 15:30:00-06:00,2019,1,17,15,30,218.0,199.0,147.0,17.400000000000002,4.2,204.0,0.01
2019-01-17 16:30:00-06:00,2019,1,17,16,30,80.0,87.0,64.0,17.400000000000002,4.1000000000000005,207.0,0.01
2019-01-17 17:30:00-06:00,2019,1,17,17,30,2.0,8.0,2.0,17.400000000000002,3.9,209.0,0.01
2019-01-17 18:30:00-06:00,2019,1,17,18,30,0.0,0.0,0.0,17.5,3.5,212.0,0.01
2019-01-17 19:30:00-06:00,2019,1,17,19,30,0.0,0.0,0.0,17.5,3.4000000000000004,217.0,0.01
2019-01-17 20:30:00-06:00,2019,1,17,20,30,0.0,0.0,0.0,17.5,3.4000000000000004,221.0,0.01
2019-01-17 21:30:00-06:00,2019,1,17,21,30,0.0,0.0,0.0,17.5,3.4000000000000004,226.0,0.01
2019-01-17 22:30:00-06:00,2019,1,17,22,30,0.0,0.0,0.0,17.5,3.4000000000000004,230.0,0.01
2019-01-17 23:30:00-06:00,2019,1,17,23,30,0.0,0.0,0.0,17.400000000000002,3.3000000000000003,236.0,0.01
2019-01-18 00:30:00-06:00,2019,1,18,0,30,0.0,0.0,0.0,17.3,3.2,242.0,0.01
2019-01-18 01:30:00-06:00,2019,1,18,1,30,0.0,0.0,0.0,17.2,3.0,250.0,0.01
2019-01-18 02:30:00-06:00,2019,1,18,2,30,0.0,0.0,0.0,17.0,2.8000000000000003,259.0,0.01
2019-01-18 03:30:00-06:00,2019,1,18,3,30,0.0,0.0,0.0,16.8,2.5,267.0,0.01
2019-01-18 04:30:00-06:00,2019,1,18,4,30,0.0,0.0,0.0,16.6,2.1,275.0,0.01
2019-01-18 05:30:00-06:00,2019,1,18,5,30,0.0,0.0,0.0,16.400000000000002,1.8,280.0,0.01
2019-01-18 06:30:00-06:00,2019,1,18,6,30,0.0,0.0,0.0,16.400000000000002,1.5,281.0,0.01
2019-01-18 07:30:00-06:00,2019,1,18,7,30,46.0,55.0,40.0,16.5,1.2000000000000002,273.0,0.01
2019-01-18 08:30:00-06:00,2019,1,18,8,30,180.0,226.0,113.0,16.8,1.1,257.0,0.01
2019-01-18 09:30:00-06:00,2019,1,18,9,30,346.0,399.0,164.0,17.1,1.2000000000000002,234.0,0.01
2019-01-18 10:30:00-06:00,2019,1,18,10,30,410.0,277.0,252.0,17.400000000000002,1.5,215.0,0.01
2019-01-18 11:30:00-06:00,2019,1,18,11,30,316.0,102.0,251.0,17.6,1.9,208.0,0.01
2019-01-18 12:30:00-06:00,2019,1,18,12,30,272.0,34.0,250.0,17.8,2.2,208.0,0.01
2019-01-18 13:30:00-06:00,2019,1,18,13,30,364.0,147.0,276.0,17.900000000000002,2.4000000000000004,207.0,0.01
2019-01-18 14:30:00-06:00,2019,1,18,14,30,275.0,111.0,219.0,17.900000000000002,2.5,203.0,0.01
2019-01-18 15:30:00-06:00,2019,1,18,15,30,181.0,99.0,145.0,17.900000000000002,2.6,196.0,0.01
2019-01-18 16:30:00-06:00,2019,1,18,16,30,47.0,0.0,47.0,17.8,2.9000000000000004,189.0,0.01
2019-01-18 17:30:00-06:00,2019,1,18,17,30,3.0,13.0,3.0,17.7,3.1,186.0,0.01
2019-01-18 18:30:00-06:00,2019,1,18,18,30,0.0,0.0,0.0,17.900000000000002,4.0,181.0,0.01
2019-01-18 19:30:00-06:00,2019,1,18,19,30,0.0,0.0,0.0,18.0,4.7,177.0,0.01
2019-01-18 20:30:00-06:00,2019,1,18,20,30,0.0,0.0,0.0,18.1,5.300000000000001,172.0,0.01
2019-01-18 21:30:00-06:00,2019,1,18,21,30,0.0,0.0,0.0,18.2,5.6000000000000005,171.0,0.01
2019-01-18 22:30:00-06:00,2019,1,18,22,30,0.0,0.0,0.0,18.3,5.6000000000000005,174.0,0.01
2019-01-18 23:30:00-06:00,2019,1,18,23,30,0.0,0.0,0.0,18.3,5.4,180.0,0.01
2019-01-19 00:30:00-06:00,2019,1,19,0,30,0.0,0.0,0.0,18.3,5.1000000000000005,186.0,0.01
2019-01-19 01:30:00-06:00,2019,1,19,1,30,0.0,0.0,0.0,18.3,5.2,187.0,0.01
2019-01-19 02:30:00-06:00,2019,1,19,2,30,0.0,0.0,0.0,18.3,5.6000000000000005,182.0,0.01
2019-01-19 03:30:00-06:00,2019,1,19,3,30,0.0,0.0,0.0,18.3,5.800000000000001,176.0,0.01
2019-01-19 04:30:00-06:00,2019,1,19,4,30,0.0,0.0,0.0,18.3,5.800000000000001,176.0,0.01
2019-01-19 05:30:00-06:00,2019,1,19,5,30,0.0,0.0,0.0,18.4,5.800000000000001,178.0,0.01
2019-01-19 06:30:00-06:00,2019,1,19,6,30,0.0,0.0,0.0,18.6,6.1000000000000005,181.0,0.01
2019-01-19 07:30:00-06:00,2019,1,19,7,30,6.0,0.0,6.0,18.8,6.6000000000000005,186.0,0.01
2019-01-19 08:30:00-06:00,2019,1,19,8,30,52.0,0.0,52.0,19.0,7.300000000000001,191.0,0.01
2019-01-19 09:30:00-06:00,2019,1,19,9,30,403.0,621.0,119.0,19.200000000000003,8.200000000000001,196.0,0.01
2019-01-19 10:30:00-06:00,2019,1,19,10,30,275.0,169.0,178.0,19.4,9.0,202.0,0.01
2019-01-19 11:30:00-06:00,2019,1,19,11,30,132.0,2.0,131.0,19.0,9.1,218.0,0.01
2019-01-19 12:30:00-06:00,2019,1,19,12,30,247.0,50.0,215.0,17.8,9.4,247.0,0.01
2019-01-19 13:30:00-06:00,2019,1,19,13,30,125.0,8.0,120.0,16.2,10.4,274.0,0.01
2019-01-19 14:30:00-06:00,2019,1,19,14,30,450.0,629.0,131.0,15.2,11.0,283.0,0.01
2019-01-19 15:30:00-06:00,2019,1,19,15,30,212.0,308.0,100.0,14.7,11.3,286.0,0.01
2019-01-19 16:30:00-06:00,2019,1,19,16,30,152.0,527.0,54.0,13.9,11.7,292.0,0.01
2019-01-19 17:30:00-06:00,2019,1,19,17,30,3.0,14.0,3.0,13.4,11.9,296.0,0.01
2019-01-19 18:30:00-06:00,2019,1,19,18,30,0.0,0.0,0.0,11.5,12.5,307.0,0.01
2019-01-19 19:30:00-06:00,2019,1,19,19,30,0.0,0.0,0.0,10.1,12.5,312.0,0.01
2019-01-19 20:30:00-06:00,2019,1,19,20,30,0.0,0.0,0.0,9.2,12.2,315.0,0.01
2019-01-19 21:30:00-06:00,2019,1,19,21,30,0.0,0.0,0.0,8.6,11.7,317.0,0.01
2019-01-19 22:30:00-06:00,2019,1,19,22,30,0.0,0.0,0.0,8.200000000000001,11.4,319.0,0.01
2019-01-19 23:30:00-06:00,2019,1,19,23,30,0.0,0.0,0.0,7.800000000000001,11.2,322.0,0.01
2019-01-20 00:30:00-06:00,2019,1,20,0,30,0.0,0.0,0.0,7.4,11.2,324.0,0.01
2019-01-20 01:30:00-06:00,2019,1,20,1,30,0.0,0.0,0.0,7.0,11.1,329.0,0.01
2019-01-20 02:30:00-06:00,2019,1,20,2,30,0.0,0.0,0.0,6.9,10.4,334.0,0.01
2019-01-20 03:30:00-06:00,2019,1,20,3,30,0.0,0.0,0.0,6.9,9.9,338.0,0.01
2019-01-20 04:30:00-06:00,2019,1,20,4,30,0.0,0.0,0.0,6.800000000000001,9.8,338.0,0.01
2019-01-20 05:30:00-06:00,2019,1,20,5,30,0.0,0.0,0.0,6.800000000000001,9.6,339.0,0.01
2019-01-20 06:30:00-06:00,2019,1,20,6,30,0.0,0.0,0.0,6.800000000000001,9.4,339.0,0.01
2019-01-20 07:30:00-06:00,2019,1,20,7,30,31.0,1.0,31.0,6.9,9.3,339.0,0.01
2019-01-20 08:30:00-06:00,2019,1,20,8,30,157.0,139.0,115.0,7.1000000000000005,9.0,340.0,0.01
2019-01-20 09:30:00-06:00,2019,1,20,9,30,273.0,171.0,195.0,7.4,8.6,342.0,0.01
2019-01-20 10:30:00-06:00,2019,1,20,10,30,411.0,289.0,245.0,7.800000000000001,8.1,346.0,0.01
2019-01-20 11:30:00-06:00,2019,1,20,11,30,684.0,894.0,111.0,8.3,7.2,350.0,0.01
2019-01-20 12:30:00-06:00,2019,1,20,12,30,723.0,976.0,86.0,8.8,6.4,350.0,0.01
2019-01-20 13:30:00-06:00,2019,1,20,13,30,668.0,964.0,82.0,9.3,6.2,345.0,0.01
2019-01-20 14:30:00-06:00,2019,1,20,14,30,546.0,921.0,75.0,9.9,6.2,340.0,0.01
2019-01-20 15:30:00-06:00,2019,1,20,15,30,371.0,829.0,66.0,10.3,6.2,340.0,0.01
2019-01-20 16:30:00-06:00,2019,1,20,16,30,167.0,634.0,47.0,10.6,6.0,342.0,0.01
2019-01-20 17:30:00-06:00,2019,1,20,17,30,7.0,65.0,8.0,10.6,5.9,344.0,0.01
2019-01-20 18:30:00-06:00,2019,1,20,18,30,0.0,0.0,0.0,10.7,5.5,176.0,0.01
2019-01-20 19:30:00-06:00,2019,1,20,19,30,0.0,0.0,0.0,10.7,5.300000000000001,6.0,0.01
2019-01-20 20:30:00-06:00,2019,1,20,20,30,0.0,0.0,0.0,10.6,5.2,15.0,0.01
2019-01-20 21:30:00-06:00,2019,1,20,21,30,0.0,0.0,0.0,10.4,5.2,23.0,0.01
2019-01-20 22:30:00-06:00,2019,1,20,22,30,0.0,0.0,0.0,10.2,5.2,29.0,0.01
2019-01-20 23:30:00-06:00,2019,1,20,23,30,0.0,0.0,0.0,10.0,5.0,35.0,0.01
2019-01-21 00:30:00-06:00,2019,1,21,0,30,0.0,0.0,0.0,9.9,4.7,41.0,0.01
2019-01-21 01:30:00-06:00,2019,1,21,1,30,0.0,0.0,0.0,9.9,4.3,48.0,0.01
2019-01-21 02:30:00-06:00,2019,1,21,2,30,0.0,0.0,0.0,9.9,4.0,54.0,0.01
2019-01-21 03:30:00-06:00,2019,1,21,3,30,0.0,0.0,0.0,10.1,3.8,60.0,0.01
2019-01-21 04:30:00-06:00,2019,1,21,4,30,0.0,0.0,0.0,10.4,3.9,65.0,0.01
2019-01-21 05:30:00-06:00,2019,1,21,5,30,0.0,0.0,0.0,10.7,4.1000000000000005,69.0,0.01
2019-01-21 06:30:00-06:00,2019,1,21,6,30,0.0,0.0,0.0,11.1,4.3,72.0,0.01
2019-01-21 07:30:00-06:00,2019,1,21,7,30,45.0,96.0,34.0,11.7,4.5,72.0,0.01
2019-01-21 08:30:00-06:00,2019,1,21,8,30,126.0,40.0,114.0,12.3,4.800000000000001,73.0,0.01
2019-01-21 09:30:00-06:00,2019,1,21,9,30,436.0,731.0,99.0,12.8,5.1000000000000005,76.0,0.01
2019-01-21 10:30:00-06:00,2019,1,21,10,30,594.0,858.0,98.0,13.2,5.300000000000001,79.0,0.01
2019-01-21 11:30:00-06:00,2019,1,21,11,30,700.0,965.0,78.0,13.5,5.4,82.0,0.01
2019-01-21 12:30:00-06:00,2019,1,21,12,30,690.0,894.0,104.0,13.7,5.5,86.0,0.01
2019-01-21 13:30:00-06:00,2019,1,21,13,30,541.0,566.0,195.0,14.0,5.6000000000000005,91.0,0.01
2019-01-21 14:30:00-06:00,2019,1,21,14,30,386.0,350.0,206.0,14.2,5.6000000000000005,94.0,0.01
2019-01-21 15:30:00-06:00,2019,1,21,15,30,267.0,359.0,134.0,14.3,5.6000000000000005,96.0,0.01
2019-01-21 16:30:00-06:00,2019,1,21,16,30,118.0,269.0,66.0,14.4,5.7,99.0,0.01
2019-01-21 17:30:00-06:00,2019,1,21,17,30,6.0,38.0,6.0,14.4,5.800000000000001,101.0,0.01
2019-01-21 18:30:00-06:00,2019,1,21,18,30,0.0,0.0,0.0,15.1,6.300000000000001,113.0,0.02
2019-01-21 19:30:00-06:00,2019,1,21,19,30,0.0,0.0,0.0,15.5,6.6000000000000005,120.0,0.02
2019-01-21 20:30:00-06:00,2019,1,21,20,30,0.0,0.0,0.0,15.8,6.9,125.0,0.02
2019-01-21 21:30:00-06:00,2019,1,21,21,30,0.0,0.0,0.0,16.1,7.0,130.0,0.02
2019-01-21 22:30:00-06:00,2019,1,21,22,30,0.0,0.0,0.0,16.400000000000002,7.1000000000000005,135.0,0.02
2019-01-21 23:30:00-06:00,2019,1,21,23,30,0.0,0.0,0.0,16.6,7.0,139.0,0.02
2019-01-22 00:30:00-06:00,2019,1,22,0,30,0.0,0.0,0.0,16.8,7.0,142.0,0.02
2019-01-22 01:30:00-06:00,2019,1,22,1,30,0.0,0.0,0.0,16.900000000000002,6.800000000000001,144.0,0.02
2019-01-22 02:30:00-06:00,2019,1,22,2,30,0.0,0.0,0.0,17.2,6.7,147.0,0.02
2019-01-22 03:30:00-06:00,2019,1,22,3,30,0.0,0.0,0.0,17.400000000000002,6.5,148.0,0.02
2019-01-22 04:30:00-06:00,2019,1,22,4,30,0.0,0.0,0.0,17.5,6.5,149.0,0.02
2019-01-22 05:30:00-06:00,2019,1,22,5,30,0.0,0.0,0.0,17.7,6.5,149.0,0.02
2019-01-22 06:30:00-06:00,2019,1,22,6,30,0.0,0.0,0.0,17.900000000000002,6.5,148.0,0.02
2019-01-22 07:30:00-06:00,2019,1,22,7,30,45.0,42.0,40.0,18.1,6.4,148.0,0.02
2019-01-22 08:30:00-06:00,2019,1,22,8,30,178.0,234.0,107.0,18.3,6.300000000000001,148.0,0.02
2019-01-22 09:30:00-06:00,2019,1,22,9,30,124.0,11.0,119.0,18.5,6.2,148.0,0.02
2019-01-22 10:30:00-06:00,2019,1,22,10,30,342.0,161.0,249.0,18.7,6.300000000000001,146.0,0.02
2019-01-22 11:30:00-06:00,2019,1,22,11,30,577.0,573.0,206.0,18.8,6.5,145.0,0.02
2019-01-22 12:30:00-06:00,2019,1,22,12,30,695.0,923.0,87.0,18.9,6.7,144.0,0.02
2019-01-22 13:30:00-06:00,2019,1,22,13,30,578.0,689.0,154.0,18.9,6.800000000000001,145.0,0.02
2019-01-22 14:30:00-06:00,2019,1,22,14,30,513.0,819.0,89.0,18.9,6.800000000000001,145.0,0.02
2019-01-22 15:30:00-06:00,2019,1,22,15,30,341.0,694.0,81.0,18.9,6.9,146.0,0.02
2019-01-22 16:30:00-06:00,2019,1,22,16,30,110.0,224.0,66.0,18.8,6.9,146.0,0.02
2019-01-22 17:30:00-06:00,2019,1,22,17,30,7.0,46.0,7.0,18.7,6.800000000000001,147.0,0.02
2019-01-22 18:30:00-06:00,2019,1,22,18,30,0.0,0.0,0.0,18.7,6.6000000000000005,147.0,0.01
2019-01-22 19:30:00-06:00,2019,1,22,19,30,0.0,0.0,0.0,18.7,6.4,146.0,0.01
2019-01-22 20:30:00-06:00,2019,1,22,20,30,0.0,0.0,0.0,18.7,6.300000000000001,144.0,0.01
2019-01-22 21:30:00-06:00,2019,1,22,21,30,0.0,0.0,0.0,18.7,6.5,145.0,0.01
2019-01-22 22:30:00-06:00,2019,1,22,22,30,0.0,0.0,0.0,18.7,6.300000000000001,147.0,0.01
2019-01-22 23:30:00-06:00,2019,1,22,23,30,0.0,0.0,0.0,18.6,5.5,151.0,0.01
2019-01-23 00:30:00-06:00,2019,1,23,0,30,0.0,0.0,0.0,18.5,4.800000000000001,157.0,0.01
2019-01-23 01:30:00-06:00,2019,1,23,1,30,0.0,0.0,0.0,18.4,4.3,165.0,0.01
2019-01-23 02:30:00-06:00,2019,1,23,2,30,0.0,0.0,0.0,18.3,3.9,173.0,0.01
2019-01-23 03:30:00-06:00,2019,1,23,3,30,0.0,0.0,0.0,18.2,3.5,177.0,0.01
2019-01-23 04:30:00-06:00,2019,1,23,4,30,0.0,0.0,0.0,18.1,3.4000000000000004,176.0,0.01
2019-01-23 05:30:00-06:00,2019,1,23,5,30,0.0,0.0,0.0,18.2,4.0,174.0,0.01
2019-01-23 06:30:00-06:00,2019,1,23,6,30,0.0,0.0,0.0,18.4,5.0,175.0,0.01
2019-01-23 07:30:00-06:00,2019,1,23,7,30,20.0,0.0,20.0,18.6,5.5,175.0,0.01
2019-01-23 08:30:00-06:00,2019,1,23,8,30,54.0,1.0,54.0,18.7,5.5,173.0,0.01
2019-01-23 09:30:00-06:00,2019,1,23,9,30,38.0,0.0,38.0,18.9,6.300000000000001,172.0,0.01
2019-01-23 10:30:00-06:00,2019,1,23,10,30,136.0,7.0,132.0,19.3,8.200000000000001,175.0,0.01
2019-01-23 11:30:00-06:00,2019,1,23,11,30,52.0,0.0,52.0,19.5,9.5,179.0,0.01
2019-01-23 12:30:00-06:00,2019,1,23,12,30,64.0,0.0,64.0,19.1,9.2,188.0,0.01
2019-01-23 13:30:00-06:00,2019,1,23,13,30,50.0,0.0,50.0,17.8,8.1,219.0,0.01
2019-01-23 14:30:00-06:00,2019,1,23,14,30,29.0,0.0,29.0,15.7,8.6,266.0,0.01
2019-01-23 15:30:00-06:00,2019,1,23,15,30,34.0,0.0,34.0,13.7,10.1,301.0,0.01
2019-01-23 16:30:00-06:00,2019,1,23,16,30,55.0,1.0,55.0,12.7,10.1,313.0,0.01
2019-01-23 17:30:00-06:00,2019,1,23,17,30,2.0,0.0,2.0,12.6,9.7,314.0,0.01
2019-01-23 18:30:00-06:00,2019,1,23,18,30,0.0,0.0,0.0,12.3,8.4,303.0,0.01
2019-01-23 19:30:00-06:00,2019,1,23,19,30,0.0,0.0,0.0,11.9,8.0,301.0,0.01
2019-01-23 20:30:00-06:00,2019,1,23,20,30,0.0,0.0,0.0,11.3,7.6,302.0,0.01
2019-01-23 21:30:00-06:00,2019,1,23,21,30,0.0,0.0,0.0,10.5,7.800000000000001,301.0,0.01
2019-01-23 22:30:00-06:00,2019,1,23,22,30,0.0,0.0,0.0,9.3,8.6,304.0,0.01
2019-01-23 23:30:00-06:00,2019,1,23,23,30,0.0,0.0,0.0,8.1,9.3,310.0,0.01
2019-01-24 00:30:00-06:00,2019,1,24,0,30,0.0,0.0,0.0,7.300000000000001,9.6,317.0,0.01
2019-01-24 01:30:00-06:00,2019,1,24,1,30,0.0,0.0,0.0,6.800000000000001,9.6,324.0,0.01
2019-01-24 02:30:00-06:00,2019,1,24,2,30,0.0,0.0,0.0,6.6000000000000005,9.6,328.0,0.01
2019-01-24 03:30:00-06:00,2019,1,24,3,30,0.0,0.0,0.0,6.4,9.1,330.0,0.01
2019-01-24 04:30:00-06:00,2019,1,24,4,30,0.0,0.0,0.0,6.4,8.4,331.0,0.01
2019-01-24 05:30:00-06:00,2019,1,24,5,30,0.0,0.0,0.0,6.4,7.800000000000001,332.0,0.01
2019-01-24 06:30:00-06:00,2019,1,24,6,30,0.0,0.0,0.0,6.5,7.5,333.0,0.01
2019-01-24 07:30:00-06:00,2019,1,24,7,30,68.0,318.0,31.0,6.7,7.300000000000001,336.0,0.01
2019-01-24 08:30:00-06:00,2019,1,24,8,30,305.0,818.0,54.0,7.0,6.800000000000001,339.0,0.01
2019-01-24 09:30:00-06:00,2019,1,24,9,30,498.0,928.0,65.0,7.4,6.2,343.0,0.01
2019-01-24 10:30:00-06:00,2019,1,24,10,30,646.0,985.0,70.0,7.9,5.7,349.0,0.01
2019-01-24 11:30:00-06:00,2019,1,24,11,30,731.0,1010.0,72.0,8.5,5.300000000000001,355.0,0.01
2019-01-24 12:30:00-06:00,2019,1,24,12,30,747.0,1013.0,73.0,9.2,5.1000000000000005,359.0,0.01
2019-01-24 13:30:00-06:00,2019,1,24,13,30,690.0,995.0,72.0,9.8,5.0,359.0,0.01
2019-01-24 14:30:00-06:00,2019,1,24,14,30,565.0,951.0,66.0,10.4,4.9,357.0,0.01
2019-01-24 15:30:00-06:00,2019,1,24,15,30,390.0,870.0,58.0,10.9,4.800000000000001,354.0,0.01
2019-01-24 16:30:00-06:00,2019,1,24,16,30,181.0,681.0,44.0,11.2,4.9,350.0,0.01
2019-01-24 17:30:00-06:00,2019,1,24,17,30,11.0,119.0,10.0,11.3,4.9,349.0,0.01
2019-01-24 18:30:00-06:00,2019,1,24,18,30,0.0,0.0,0.0,11.7,5.4,349.0,0.01
2019-01-24 19:30:00-06:00,2019,1,24,19,30,0.0,0.0,0.0,11.8,5.7,350.0,0.01
2019-01-24 20:30:00-06:00,2019,1,24,20,30,0.0,0.0,0.0,11.7,5.800000000000001,352.0,0.01
2019-01-24 21:30:00-06:00,2019,1,24,21,30,0.0,0.0,0.0,11.6,5.800000000000001,355.0,0.01
2019-01-24 22:30:00-06:00,2019,1,24,22,30,0.0,0.0,0.0,11.5,5.9,179.0,0.01
2019-01-24 23:30:00-06:00,2019,1,24,23,30,0.0,0.0,0.0,11.3,6.0,3.0,0.01
2019-01-25 00:30:00-06:00,2019,1,25,0,30,0.0,0.0,0.0,11.1,6.2,6.0,0.01
2019-01-25 01:30:00-06:00,2019,1,25,1,30,0.0,0.0,0.0,10.9,6.7,8.0,0.01
2019-01-25 02:30:00-06:00,2019,1,25,2,30,0.0,0.0,0.0,10.7,7.2,11.0,0.01
2019-01-25 03:30:00-06:00,2019,1,25,3,30,0.0,0.0,0.0,10.5,7.4,15.0,0.01
2019-01-25 04:30:00-06:00,2019,1,25,4,30,0.0,0.0,0.0,10.4,7.5,21.0,0.01
2019-01-25 05:30:00-06:00,2019,1,25,5,30,0.0,0.0,0.0,10.3,7.4,29.0,0.01
2019-01-25 06:30:00-06:00,2019,1,25,6,30,0.0,0.0,0.0,10.5,7.2,36.0,0.01
2019-01-25 07:30:00-06:00,2019,1,25,7,30,94.0,520.0,33.0,10.8,6.9,41.0,0.01
2019-01-25 08:30:00-06:00,2019,1,25,8,30,300.0,797.0,54.0,11.2,6.6000000000000005,45.0,0.01
2019-01-25 09:30:00-06:00,2019,1,25,9,30,491.0,910.0,64.0,11.6,6.300000000000001,47.0,0.01
2019-01-25 10:30:00-06:00,2019,1,25,10,30,598.0,831.0,110.0,11.9,6.0,47.0,0.01
2019-01-25 11:30:00-06:00,2019,1,25,11,30,548.0,441.0,259.0,12.1,5.7,45.0,0.01
2019-01-25 12:30:00-06:00,2019,1,25,12,30,525.0,346.0,294.0,12.2,5.4,42.0,0.01
2019-01-25 13:30:00-06:00,2019,1,25,13,30,502.0,397.0,254.0,12.3,5.2,39.0,0.01
2019-01-25 14:30:00-06:00,2019,1,25,14,30,398.0,352.0,212.0,12.3,5.2,37.0,0.01
2019-01-25 15:30:00-06:00,2019,1,25,15,30,326.0,577.0,104.0,12.2,5.1000000000000005,37.0,0.01
2019-01-25 16:30:00-06:00,2019,1,25,16,30,135.0,352.0,63.0,12.0,5.0,39.0,0.01
2019-01-25 17:30:00-06:00,2019,1,25,17,30,7.0,22.0,7.0,11.9,4.9,40.0,0.01
2019-01-25 18:30:00-06:00,2019,1,25,18,30,0.0,0.0,0.0,11.9,4.9,46.0,0.01
2019-01-25 19:30:00-06:00,2019,1,25,19,30,0.0,0.0,0.0,11.9,4.800000000000001,49.0,0.01
2019-01-25 20:30:00-06:00,2019,1,25,20,30,0.0,0.0,0.0,11.9,4.7,54.0,0.01
2019-01-25 21:30:00-06:00,2019,1,25,21,30,0.0,0.0,0.0,11.9,4.6000000000000005,59.0,0.01
2019-01-25 22:30:00-06:00,2019,1,25,22,30,0.0,0.0,0.0,11.8,4.6000000000000005,65.0,0.01
2019-01-25 23:30:00-06:00,2019,1,25,23,30,0.0,0.0,0.0,11.8,4.6000000000000005,70.0,0.01
2019-01-26 00:30:00-06:00,2019,1,26,0,30,0.0,0.0,0.0,11.8,4.5,73.0,0.01
2019-01-26 01:30:00-06:00,2019,1,26,1,30,0.0,0.0,0.0,11.8,4.4,72.0,0.01
2019-01-26 02:30:00-06:00,2019,1,26,2,30,0.0,0.0,0.0,11.8,4.5,68.0,0.01
2019-01-26 03:30:00-06:00,2019,1,26,3,30,0.0,0.0,0.0,11.8,4.6000000000000005,65.0,0.01
2019-01-26 04:30:00-06:00,2019,1,26,4,30,0.0,0.0,0.0,11.9,4.7,63.0,0.01
2019-01-26 05:30:00-06:00,2019,1,26,5,30,0.0,0.0,0.0,11.9,4.7,61.0,0.01
2019-01-26 06:30:00-06:00,2019,1,26,6,30,0.0,0.0,0.0,12.0,4.6000000000000005,59.0,0.01
2019-01-26 07:30:00-06:00,2019,1,26,7,30,47.0,42.0,42.0,12.4,4.5,57.0,0.01
2019-01-26 08:30:00-06:00,2019,1,26,8,30,202.0,278.0,116.0,12.7,4.6000000000000005,56.0,0.01
2019-01-26 09:30:00-06:00,2019,1,26,9,30,281.0,159.0,206.0,13.0,4.7,57.0,0.01
2019-01-26 10:30:00-06:00,2019,1,26,10,30,325.0,100.0,266.0,13.3,4.9,58.0,0.01
2019-01-26 11:30:00-06:00,2019,1,26,11,30,288.0,32.0,267.0,13.5,5.1000000000000005,58.0,0.01
2019-01-26 12:30:00-06:00,2019,1,26,12,30,369.0,85.0,312.0,13.7,5.4,59.0,0.01
2019-01-26 13:30:00-06:00,2019,1,26,13,30,481.0,335.0,271.0,13.7,5.800000000000001,60.0,0.01
2019-01-26 14:30:00-06:00,2019,1,26,14,30,428.0,440.0,194.0,13.7,6.0,62.0,0.01
2019-01-26 15:30:00-06:00,2019,1,26,15,30,205.0,107.0,163.0,13.7,6.1000000000000005,65.0,0.01
2019-01-26 16:30:00-06:00,2019,1,26,16,30,122.0,222.0,76.0,13.5,6.1000000000000005,67.0,0.01
2019-01-26 17:30:00-06:00,2019,1,26,17,30,8.0,33.0,8.0,13.4,6.1000000000000005,67.0,0.01
2019-01-26 18:30:00-06:00,2019,1,26,18,30,0.0,0.0,0.0,13.5,5.800000000000001,71.0,0.01
2019-01-26 19:30:00-06:00,2019,1,26,19,30,0.0,0.0,0.0,13.6,5.0,74.0,0.01
2019-01-26 20:30:00-06:00,2019,1,26,20,30,0.0,0.0,0.0,13.7,4.2,77.0,0.01
2019-01-26 21:30:00-06:00,2019,1,26,21,30,0.0,0.0,0.0,13.7,4.0,78.0,0.01
2019-01-26 22:30:00-06:00,2019,1,26,22,30,0.0,0.0,0.0,13.7,4.7,69.0,0.01
2019-01-26 23:30:00-06:00,2019,1,26,23,30,0.0,0.0,0.0,13.6,5.0,61.0,0.01
2019-01-27 00:30:00-06:00,2019,1,27,0,30,0.0,0.0,0.0,13.4,4.7,58.0,0.01
2019-01-27 01:30:00-06:00,2019,1,27,1,30,0.0,0.0,0.0,13.3,4.4,63.0,0.01
2019-01-27 02:30:00-06:00,2019,1,27,2,30,0.0,0.0,0.0,13.3,4.6000000000000005,70.0,0.01
2019-01-27 03:30:00-06:00,2019,1,27,3,30,0.0,0.0,0.0,13.4,5.1000000000000005,68.0,0.01
2019-01-27 04:30:00-06:00,2019,1,27,4,30,0.0,0.0,0.0,13.5,4.9,62.0,0.01
2019-01-27 05:30:00-06:00,2019,1,27,5,30,0.0,0.0,0.0,13.5,4.7,56.0,0.01
2019-01-27 06:30:00-06:00,2019,1,27,6,30,0.0,0.0,0.0,13.6,4.7,52.0,0.01
2019-01-27 07:30:00-06:00,2019,1,27,7,30,20.0,0.0,20.0,13.7,4.9,49.0,0.01
2019-01-27 08:30:00-06:00,2019,1,27,8,30,47.0,0.0,47.0,13.8,5.2,44.0,0.01
2019-01-27 09:30:00-06:00,2019,1,27,9,30,119.0,4.0,117.0,13.8,5.2,38.0,0.01
2019-01-27 10:30:00-06:00,2019,1,27,10,30,184.0,5.0,181.0,13.7,5.1000000000000005,34.0,0.01
2019-01-27 11:30:00-06:00,2019,1,27,11,30,289.0,33.0,267.0,13.7,4.9,33.0,0.01
2019-01-27 12:30:00-06:00,2019,1,27,12,30,411.0,133.0,321.0,13.7,4.5,33.0,0.01
2019-01-27 13:30:00-06:00,2019,1,27,13,30,455.0,281.0,278.0,13.8,4.0,37.0,0.01
2019-01-27 14:30:00-06:00,2019,1,27,14,30,550.0,870.0,85.0,13.8,3.4000000000000004,43.0,0.01
2019-01-27 15:30:00-06:00,2019,1,27,15,30,379.0,782.0,73.0,13.8,3.0,49.0,0.01
2019-01-27 16:30:00-06:00,2019,1,27,16,30,180.0,599.0,53.0,13.6,2.6,53.0,0.01
2019-01-27 17:30:00-06:00,2019,1,27,17,30,12.0,94.0,11.0,13.4,2.5,54.0,0.01
2019-01-27 18:30:00-06:00,2019,1,27,18,30,0.0,0.0,0.0,13.3,1.9,66.0,0.01
2019-01-27 19:30:00-06:00,2019,1,27,19,30,0.0,0.0,0.0,13.2,1.7000000000000002,81.0,0.01
2019-01-27 20:30:00-06:00,2019,1,27,20,30,0.0,0.0,0.0,13.2,1.3,104.0,0.01
2019-01-27 21:30:00-06:00,2019,1,27,21,30,0.0,0.0,0.0,13.1,1.0,156.0,0.01
2019-01-27 22:30:00-06:00,2019,1,27,22,30,0.0,0.0,0.0,13.1,1.4,212.0,0.01
2019-01-27 23:30:00-06:00,2019,1,27,23,30,0.0,0.0,0.0,13.1,2.1,235.0,0.01
2019-01-28 00:30:00-06:00,2019,1,28,0,30,0.0,0.0,0.0,13.2,2.7,243.0,0.01
2019-01-28 01:30:00-06:00,2019,1,28,1,30,0.0,0.0,0.0,13.2,3.0,246.0,0.01
2019-01-28 02:30:00-06:00,2019,1,28,2,30,0.0,0.0,0.0,13.2,2.9000000000000004,246.0,0.01
2019-01-28 03:30:00-06:00,2019,1,28,3,30,0.0,0.0,0.0,13.3,2.5,244.0,0.01
2019-01-28 04:30:00-06:00,2019,1,28,4,30,0.0,0.0,0.0,13.4,2.1,237.0,0.01
2019-01-28 05:30:00-06:00,2019,1,28,5,30,0.0,0.0,0.0,13.5,1.7000000000000002,222.0,0.01
2019-01-28 06:30:00-06:00,2019,1,28,6,30,0.0,0.0,0.0,13.7,1.6,202.0,0.01
2019-01-28 07:30:00-06:00,2019,1,28,7,30,96.0,510.0,34.0,14.1,1.8,185.0,0.01
2019-01-28 08:30:00-06:00,2019,1,28,8,30,303.0,787.0,55.0,14.6,2.1,178.0,0.01
2019-01-28 09:30:00-06:00,2019,1,28,9,30,469.0,799.0,88.0,15.1,2.5,175.0,0.01
2019-01-28 10:30:00-06:00,2019,1,28,10,30,620.0,886.0,92.0,15.5,2.9000000000000004,176.0,0.01
2019-01-28 11:30:00-06:00,2019,1,28,11,30,664.0,787.0,141.0,15.7,3.1,180.0,0.01
2019-01-28 12:30:00-06:00,2019,1,28,12,30,735.0,971.0,76.0,15.9,3.2,186.0,0.01
2019-01-28 13:30:00-06:00,2019,1,28,13,30,582.0,624.0,186.0,16.0,3.2,186.0,0.01
2019-01-28 14:30:00-06:00,2019,1,28,14,30,446.0,489.0,183.0,16.0,3.1,181.0,0.01
2019-01-28 15:30:00-06:00,2019,1,28,15,30,336.0,588.0,104.0,15.9,3.1,175.0,0.01
2019-01-28 16:30:00-06:00,2019,1,28,16,30,183.0,631.0,48.0,15.7,3.2,171.0,0.01
2019-01-28 17:30:00-06:00,2019,1,28,17,30,13.0,108.0,11.0,15.6,3.4000000000000004,170.0,0.01
2019-01-28 18:30:00-06:00,2019,1,28,18,30,0.0,0.0,0.0,15.8,3.4000000000000004,175.0,0.01
2019-01-28 19:30:00-06:00,2019,1,28,19,30,0.0,0.0,0.0,15.9,3.4000000000000004,179.0,0.01
2019-01-28 20:30:00-06:00,2019,1,28,20,30,0.0,0.0,0.0,15.9,3.6,183.0,0.01
2019-01-28 21:30:00-06:00,2019,1,28,21,30,0.0,0.0,0.0,15.9,3.9,185.0,0.01
2019-01-28 22:30:00-06:00,2019,1,28,22,30,0.0,0.0,0.0,15.8,4.1000000000000005,186.0,0.01
2019-01-28 23:30:00-06:00,2019,1,28,23,30,0.0,0.0,0.0,15.7,4.2,186.0,0.01
2019-01-29 00:30:00-06:00,2019,1,29,0,30,0.0,0.0,0.0,15.6,4.1000000000000005,186.0,0.01
2019-01-29 01:30:00-06:00,2019,1,29,1,30,0.0,0.0,0.0,15.6,4.0,189.0,0.01
2019-01-29 02:30:00-06:00,2019,1,29,2,30,0.0,0.0,0.0,15.7,3.7,196.0,0.01
2019-01-29 03:30:00-06:00,2019,1,29,3,30,0.0,0.0,0.0,15.8,3.4000000000000004,211.0,0.01
2019-01-29 04:30:00-06:00,2019,1,29,4,30,0.0,0.0,0.0,15.5,3.7,253.0,0.01
2019-01-29 05:30:00-06:00,2019,1,29,5,30,0.0,0.0,0.0,13.8,6.7,308.0,0.01
2019-01-29 06:30:00-06:00,2019,1,29,6,30,0.0,0.0,0.0,10.7,11.2,343.0,0.01
2019-01-29 07:30:00-06:00,2019,1,29,7,30,20.0,0.0,20.0,8.6,12.4,177.0,0.01
2019-01-29 08:30:00-06:00,2019,1,29,8,30,87.0,5.0,85.0,8.5,10.8,3.0,0.01
2019-01-29 09:30:00-06:00,2019,1,29,9,30,228.0,224.0,121.0,9.0,9.7,5.0,0.01
2019-01-29 10:30:00-06:00,2019,1,29,10,30,395.0,208.0,270.0,9.1,9.3,4.0,0.01
2019-01-29 11:30:00-06:00,2019,1,29,11,30,740.0,994.0,76.0,9.4,8.8,4.0,0.01
2019-01-29 12:30:00-06:00,2019,1,29,12,30,765.0,1017.0,72.0,9.8,8.1,3.0,0.01
2019-01-29 13:30:00-06:00,2019,1,29,13,30,713.0,1011.0,67.0,10.1,7.7,180.0,0.01
2019-01-29 14:30:00-06:00,2019,1,29,14,30,591.0,973.0,64.0,10.3,7.5,359.0,0.01
2019-01-29 15:30:00-06:00,2019,1,29,15,30,414.0,892.0,59.0,10.4,7.5,180.0,0.01
2019-01-29 16:30:00-06:00,2019,1,29,16,30,202.0,721.0,45.0,10.4,7.5,3.0,0.01
2019-01-29 17:30:00-06:00,2019,1,29,17,30,18.0,177.0,15.0,10.2,7.5,5.0,0.01
2019-01-29 18:30:00-06:00,2019,1,29,18,30,0.0,0.0,0.0,10.0,7.9,11.0,0.01
2019-01-29 19:30:00-06:00,2019,1,29,19,30,0.0,0.0,0.0,9.8,8.1,14.0,0.01
2019-01-29 20:30:00-06:00,2019,1,29,20,30,0.0,0.0,0.0,9.5,8.0,17.0,0.01
2019-01-29 21:30:00-06:00,2019,1,29,21,30,0.0,0.0,0.0,9.1,7.800000000000001,19.0,0.01
2019-01-29 22:30:00-06:00,2019,1,29,22,30,0.0,0.0,0.0,8.8,7.5,22.0,0.01
2019-01-29 23:30:00-06:00,2019,1,29,23,30,0.0,0.0,0.0,8.6,7.300000000000001,26.0,0.01
2019-01-30 00:30:00-06:00,2019,1,30,0,30,0.0,0.0,0.0,8.5,7.1000000000000005,30.0,0.01
2019-01-30 01:30:00-06:00,2019,1,30,1,30,0.0,0.0,0.0,8.5,6.9,34.0,0.01
2019-01-30 02:30:00-06:00,2019,1,30,2,30,0.0,0.0,0.0,8.5,6.7,40.0,0.01
2019-01-30 03:30:00-06:00,2019,1,30,3,30,0.0,0.0,0.0,8.5,6.5,44.0,0.01
2019-01-30 04:30:00-06:00,2019,1,30,4,30,0.0,0.0,0.0,8.6,6.300000000000001,46.0,0.01
2019-01-30 05:30:00-06:00,2019,1,30,5,30,0.0,0.0,0.0,8.8,6.5,49.0,0.01
2019-01-30 06:30:00-06:00,2019,1,30,6,30,0.0,0.0,0.0,9.1,6.800000000000001,50.0,0.01
2019-01-30 07:30:00-06:00,2019,1,30,7,30,33.0,0.0,33.0,9.5,6.9,49.0,0.01
2019-01-30 08:30:00-06:00,2019,1,30,8,30,119.0,46.0,104.0,9.8,7.2,50.0,0.01
2019-01-30 09:30:00-06:00,2019,1,30,9,30,181.0,20.0,171.0,10.1,7.5,52.0,0.01
2019-01-30 10:30:00-06:00,2019,1,30,10,30,450.0,332.0,250.0,10.4,7.4,55.0,0.01
2019-01-30 11:30:00-06:00,2019,1,30,11,30,720.0,936.0,91.0,10.7,7.2,56.0,0.01
2019-01-30 12:30:00-06:00,2019,1,30,12,30,734.0,936.0,93.0,10.9,7.2,57.0,0.01
2019-01-30 13:30:00-06:00,2019,1,30,13,30,682.0,925.0,88.0,11.1,7.2,59.0,0.01
2019-01-30 14:30:00-06:00,2019,1,30,14,30,485.0,598.0,159.0,11.2,7.1000000000000005,61.0,0.01
2019-01-30 15:30:00-06:00,2019,1,30,15,30,177.0,57.0,154.0,11.2,6.9,61.0,0.01
2019-01-30 16:30:00-06:00,2019,1,30,16,30,186.0,591.0,55.0,11.2,6.7,63.0,0.01
2019-01-30 17:30:00-06:00,2019,1,30,17,30,12.0,47.0,11.0,11.1,6.6000000000000005,64.0,0.01
2019-01-30 18:30:00-06:00,2019,1,30,18,30,0.0,0.0,0.0,11.3,6.2,69.0,0.01
2019-01-30 19:30:00-06:00,2019,1,30,19,30,0.0,0.0,0.0,11.5,6.1000000000000005,75.0,0.01
2019-01-30 20:30:00-06:00,2019,1,30,20,30,0.0,0.0,0.0,11.8,6.2,79.0,0.01
2019-01-30 21:30:00-06:00,2019,1,30,21,30,0.0,0.0,0.0,11.9,6.2,82.0,0.01
2019-01-30 22:30:00-06:00,2019,1,30,22,30,0.0,0.0,0.0,11.9,6.1000000000000005,83.0,0.01
2019-01-30 23:30:00-06:00,2019,1,30,23,30,0.0,0.0,0.0,12.0,5.800000000000001,84.0,0.01
2019-01-31 00:30:00-06:00,2019,1,31,0,30,0.0,0.0,0.0,12.0,5.7,82.0,0.01
2019-01-31 01:30:00-06:00,2019,1,31,1,30,0.0,0.0,0.0,12.1,5.5,80.0,0.01
2019-01-31 02:30:00-06:00,2019,1,31,2,30,0.0,0.0,0.0,12.2,5.4,80.0,0.01
2019-01-31 03:30:00-06:00,2019,1,31,3,30,0.0,0.0,0.0,12.4,5.6000000000000005,81.0,0.01
2019-01-31 04:30:00-06:00,2019,1,31,4,30,0.0,0.0,0.0,12.7,5.7,83.0,0.01
2019-01-31 05:30:00-06:00,2019,1,31,5,30,0.0,0.0,0.0,13.0,5.800000000000001,84.0,0.01
2019-01-31 06:30:00-06:00,2019,1,31,6,30,0.0,0.0,0.0,13.4,5.9,86.0,0.01
2019-01-31 07:30:00-06:00,2019,1,31,7,30,94.0,414.0,41.0,14.0,5.9,87.0,0.01
2019-01-31 08:30:00-06:00,2019,1,31,8,30,291.0,693.0,68.0,14.6,5.800000000000001,89.0,0.01
2019-01-31 09:30:00-06:00,2019,1,31,9,30,480.0,822.0,81.0,15.2,5.6000000000000005,90.0,0.01
2019-01-31 10:30:00-06:00,2019,1,31,10,30,621.0,878.0,89.0,15.6,5.4,92.0,0.01
2019-01-31 11:30:00-06:00,2019,1,31,11,30,699.0,886.0,101.0,15.9,5.2,94.0,0.01
2019-01-31 12:30:00-06:00,2019,1,31,12,30,708.0,870.0,109.0,16.2,5.2,95.0,0.01
2019-01-31 13:30:00-06:00,2019,1,31,13,30,537.0,441.0,252.0,16.3,5.4,97.0,0.01
2019-01-31 14:30:00-06:00,2019,1,31,14,30,386.0,271.0,237.0,16.3,6.0,96.0,0.01
2019-01-31 15:30:00-06:00,2019,1,31,15,30,196.0,70.0,168.0,16.2,6.1000000000000005,95.0,0.01
2019-01-31 16:30:00-06:00,2019,1,31,16,30,80.0,6.0,79.0,16.0,5.9,91.0,0.01
2019-01-31 17:30:00-06:00,2019,1,31,17,30,9.0,11.0,9.0,15.8,6.0,88.0,0.01
2019-01-31 18:30:00-06:00,2019,1,31,18,30,0.0,0.0,0.0,15.0,3.6,109.0,0.01
2019-01-31 19:30:00-06:00,2019,1,31,19,30,0.0,0.0,0.0,15.0,3.7,112.0,0.01
2019-01-31 20:30:00-06:00,2019,1,31,20,30,0.0,0.0,0.0,15.0,3.8,118.0,0.01
2019-01-31 21:30:00-06:00,2019,1,31,21,30,0.0,0.0,0.0,15.0,3.8,123.0,0.01
2019-01-31 22:30:00-06:00,2019,1,31,22,30,0.0,0.0,0.0,15.0,4.0,126.0,0.01
2019-01-31 23:30:00-06:00,2019,1,31,23,30,0.0,0.0,0.0,15.0,4.2,128.0,0.01
2014-02-01 00:30:00-06:00,2014,2,1,0,30,0.0,0.0,0.0,15.0,4.5,131.0,0.01
2014-02-01 01:30:00-06:00,2014,2,1,1,30,0.0,0.0,0.0,15.0,4.6000000000000005,134.0,0.01
2014-02-01 02:30:00-06:00,2014,2,1,2,30,0.0,0.0,0.0,15.0,4.5,136.0,0.01
2014-02-01 03:30:00-06:00,2014,2,1,3,30,0.0,0.0,0.0,15.0,4.2,139.0,0.01
2014-02-01 04:30:00-06:00,2014,2,1,4,30,0.0,0.0,0.0,15.0,3.9,142.0,0.01
2014-02-01 05:30:00-06:00,2014,2,1,5,30,0.0,0.0,0.0,16.0,3.7,147.0,0.01
2014-02-01 06:30:00-06:00,2014,2,1,6,30,0.0,0.0,0.0,16.0,3.5,153.0,0.01
2014-02-01 07:30:00-06:00,2014,2,1,7,30,99.0,513.0,33.0,16.0,3.5,157.0,0.01
2014-02-01 08:30:00-06:00,2014,2,1,8,30,307.0,784.0,53.0,17.0,3.6,158.0,0.01
2014-02-01 09:30:00-06:00,2014,2,1,9,30,499.0,890.0,64.0,17.0,3.6,158.0,0.01
2014-02-01 10:30:00-06:00,2014,2,1,10,30,644.0,944.0,69.0,18.0,3.6,157.0,0.01
2014-02-01 11:30:00-06:00,2014,2,1,11,30,728.0,965.0,72.0,18.0,3.3000000000000003,156.0,0.01
2014-02-01 12:30:00-06:00,2014,2,1,12,30,741.0,955.0,78.0,18.0,3.0,154.0,0.01
2014-02-01 13:30:00-06:00,2014,2,1,13,30,685.0,932.0,79.0,18.0,2.8000000000000003,152.0,0.01
2014-02-01 14:30:00-06:00,2014,2,1,14,30,463.0,473.0,201.0,18.0,2.6,148.0,0.01
2014-02-01 15:30:00-06:00,2014,2,1,15,30,392.0,784.0,71.0,18.0,2.6,144.0,0.01
2014-02-01 16:30:00-06:00,2014,2,1,16,30,64.0,0.0,64.0,17.0,2.8000000000000003,139.0,0.01
2014-02-01 17:30:00-06:00,2014,2,1,17,30,13.0,102.0,11.0,17.0,3.1,137.0,0.01
2014-02-01 18:30:00-06:00,2014,2,1,18,30,0.0,0.0,0.0,17.0,3.7,137.0,0.01
2014-02-01 19:30:00-06:00,2014,2,1,19,30,0.0,0.0,0.0,17.0,4.3,139.0,0.01
2014-02-01 20:30:00-06:00,2014,2,1,20,30,0.0,0.0,0.0,18.0,4.7,140.0,0.01
2014-02-01 21:30:00-06:00,2014,2,1,21,30,0.0,0.0,0.0,18.0,4.9,141.0,0.01
2014-02-01 22:30:00-06:00,2014,2,1,22,30,0.0,0.0,0.0,18.0,5.0,142.0,0.01
2014-02-01 23:30:00-06:00,2014,2,1,23,30,0.0,0.0,0.0,18.0,4.9,143.0,0.01
2014-02-02 00:30:00-06:00,2014,2,2,0,30,0.0,0.0,0.0,18.0,4.800000000000001,143.0,0.01
2014-02-02 01:30:00-06:00,2014,2,2,1,30,0.0,0.0,0.0,18.0,4.6000000000000005,143.0,0.01
2014-02-02 02:30:00-06:00,2014,2,2,2,30,0.0,0.0,0.0,18.0,4.5,142.0,0.01
2014-02-02 03:30:00-06:00,2014,2,2,3,30,0.0,0.0,0.0,18.0,4.2,144.0,0.01
2014-02-02 04:30:00-06:00,2014,2,2,4,30,0.0,0.0,0.0,18.0,4.0,143.0,0.01
2014-02-02 05:30:00-06:00,2014,2,2,5,30,0.0,0.0,0.0,18.0,3.9,136.0,0.01
2014-02-02 06:30:00-06:00,2014,2,2,6,30,0.0,0.0,0.0,18.0,4.2,129.0,0.01
2014-02-02 07:30:00-06:00,2014,2,2,7,30,30.0,0.0,30.0,18.0,4.6000000000000005,125.0,0.01
2014-02-02 08:30:00-06:00,2014,2,2,8,30,92.0,0.0,92.0,18.0,5.0,126.0,0.01
2014-02-02 09:30:00-06:00,2014,2,2,9,30,257.0,85.0,215.0,18.0,5.300000000000001,136.0,0.01
2014-02-02 10:30:00-06:00,2014,2,2,10,30,345.0,102.0,282.0,19.0,5.2,146.0,0.01
2014-02-02 11:30:00-06:00,2014,2,2,11,30,323.0,43.0,293.0,19.0,5.0,155.0,0.01
2014-02-02 12:30:00-06:00,2014,2,2,12,30,486.0,209.0,340.0,18.0,4.7,159.0,0.01
2014-02-02 13:30:00-06:00,2014,2,2,13,30,459.0,225.0,311.0,18.0,4.3,162.0,0.01
2014-02-02 14:30:00-06:00,2014,2,2,14,30,418.0,322.0,238.0,18.0,3.8,163.0,0.01
2014-02-02 15:30:00-06:00,2014,2,2,15,30,280.0,272.0,168.0,18.0,3.5,159.0,0.01
2014-02-02 16:30:00-06:00,2014,2,2,16,30,141.0,253.0,83.0,18.0,3.7,159.0,0.01
2014-02-02 17:30:00-06:00,2014,2,2,17,30,12.0,46.0,11.0,18.0,4.2,164.0,0.01
2014-02-02 18:30:00-06:00,2014,2,2,18,30,0.0,0.0,0.0,18.0,4.800000000000001,173.0,0.01
2014-02-02 19:30:00-06:00,2014,2,2,19,30,0.0,0.0,0.0,18.0,5.2,184.0,0.01
2014-02-02 20:30:00-06:00,2014,2,2,20,30,0.0,0.0,0.0,18.0,5.300000000000001,190.0,0.01
2014-02-02 21:30:00-06:00,2014,2,2,21,30,0.0,0.0,0.0,18.0,5.4,192.0,0.01
2014-02-02 22:30:00-06:00,2014,2,2,22,30,0.0,0.0,0.0,18.0,5.300000000000001,192.0,0.01
2014-02-02 23:30:00-06:00,2014,2,2,23,30,0.0,0.0,0.0,18.0,4.9,196.0,0.01
2014-02-03 00:30:00-06:00,2014,2,3,0,30,0.0,0.0,0.0,18.0,4.4,203.0,0.01
2014-02-03 01:30:00-06:00,2014,2,3,1,30,0.0,0.0,0.0,17.0,4.1000000000000005,222.0,0.01
2014-02-03 02:30:00-06:00,2014,2,3,2,30,0.0,0.0,0.0,16.0,4.6000000000000005,259.0,0.01
2014-02-03 03:30:00-06:00,2014,2,3,3,30,0.0,0.0,0.0,14.0,6.0,295.0,0.01
2014-02-03 04:30:00-06:00,2014,2,3,4,30,0.0,0.0,0.0,12.0,7.0,319.0,0.01
2014-02-03 05:30:00-06:00,2014,2,3,5,30,0.0,0.0,0.0,11.0,7.4,336.0,0.01
2014-02-03 06:30:00-06:00,2014,2,3,6,30,0.0,0.0,0.0,10.0,7.4,348.0,0.01
2014-02-03 07:30:00-06:00,2014,2,3,7,30,19.0,0.0,19.0,10.0,7.2,356.0,0.01
2014-02-03 08:30:00-06:00,2014,2,3,8,30,106.0,0.0,106.0,10.0,7.0,5.0,0.01
2014-02-03 09:30:00-06:00,2014,2,3,9,30,144.0,0.0,144.0,10.0,6.800000000000001,12.0,0.01
2014-02-03 10:30:00-06:00,2014,2,3,10,30,205.0,7.0,201.0,11.0,6.5,17.0,0.01
2014-02-03 11:30:00-06:00,2014,2,3,11,30,330.0,46.0,298.0,11.0,6.2,20.0,0.01
2014-02-03 12:30:00-06:00,2014,2,3,12,30,294.0,25.0,275.0,11.0,5.9,22.0,0.01
2014-02-03 13:30:00-06:00,2014,2,3,13,30,352.0,75.0,302.0,12.0,5.6000000000000005,24.0,0.01
2014-02-03 14:30:00-06:00,2014,2,3,14,30,342.0,147.0,259.0,12.0,5.5,25.0,0.01
2014-02-03 15:30:00-06:00,2014,2,3,15,30,148.0,5.0,146.0,12.0,5.300000000000001,29.0,0.01
2014-02-03 16:30:00-06:00,2014,2,3,16,30,47.0,0.0,47.0,12.0,5.300000000000001,34.0,0.01
2014-02-03 17:30:00-06:00,2014,2,3,17,30,3.0,0.0,3.0,12.0,5.4,39.0,0.01
2014-02-03 18:30:00-06:00,2014,2,3,18,30,0.0,0.0,0.0,12.0,5.6000000000000005,42.0,0.01
2014-02-03 19:30:00-06:00,2014,2,3,19,30,0.0,0.0,0.0,12.0,5.800000000000001,45.0,0.01
2014-02-03 20:30:00-06:00,2014,2,3,20,30,0.0,0.0,0.0,13.0,5.800000000000001,49.0,0.01
2014-02-03 21:30:00-06:00,2014,2,3,21,30,0.0,0.0,0.0,13.0,5.7,52.0,0.01
2014-02-03 22:30:00-06:00,2014,2,3,22,30,0.0,0.0,0.0,13.0,5.6000000000000005,56.0,0.01
2014-02-03 23:30:00-06:00,2014,2,3,23,30,0.0,0.0,0.0,13.0,5.4,62.0,0.01
2014-02-04 00:30:00-06:00,2014,2,4,0,30,0.0,0.0,0.0,13.0,5.2,69.0,0.01
2014-02-04 01:30:00-06:00,2014,2,4,1,30,0.0,0.0,0.0,14.0,5.2,74.0,0.01
2014-02-04 02:30:00-06:00,2014,2,4,2,30,0.0,0.0,0.0,14.0,5.4,81.0,0.01
2014-02-04 03:30:00-06:00,2014,2,4,3,30,0.0,0.0,0.0,14.0,5.5,87.0,0.01
2014-02-04 04:30:00-06:00,2014,2,4,4,30,0.0,0.0,0.0,15.0,5.5,92.0,0.01
2014-02-04 05:30:00-06:00,2014,2,4,5,30,0.0,0.0,0.0,15.0,5.5,95.0,0.01
2014-02-04 06:30:00-06:00,2014,2,4,6,30,0.0,0.0,0.0,16.0,5.4,101.0,0.01
2014-02-04 07:30:00-06:00,2014,2,4,7,30,96.0,421.0,38.0,16.0,5.300000000000001,110.0,0.01
2014-02-04 08:30:00-06:00,2014,2,4,8,30,297.0,704.0,62.0,17.0,5.1000000000000005,119.0,0.01
2014-02-04 09:30:00-06:00,2014,2,4,9,30,214.0,32.0,198.0,17.0,4.800000000000001,125.0,0.01
2014-02-04 10:30:00-06:00,2014,2,4,10,30,324.0,71.0,279.0,18.0,4.6000000000000005,135.0,0.01
2014-02-04 11:30:00-06:00,2014,2,4,11,30,247.0,13.0,238.0,18.0,4.6000000000000005,146.0,0.01
2014-02-04 12:30:00-06:00,2014,2,4,12,30,167.0,0.0,166.0,18.0,4.6000000000000005,157.0,0.01
2014-02-04 13:30:00-06:00,2014,2,4,13,30,405.0,131.0,318.0,18.0,4.7,162.0,0.01
2014-02-04 14:30:00-06:00,2014,2,4,14,30,392.0,241.0,256.0,18.0,5.0,163.0,0.01
2014-02-04 15:30:00-06:00,2014,2,4,15,30,266.0,209.0,178.0,18.0,5.800000000000001,161.0,0.01
2014-02-04 16:30:00-06:00,2014,2,4,16,30,111.0,79.0,92.0,18.0,6.5,162.0,0.01
2014-02-04 17:30:00-06:00,2014,2,4,17,30,9.0,0.0,9.0,19.0,6.9,168.0,0.01
2014-02-04 18:30:00-06:00,2014,2,4,18,30,0.0,0.0,0.0,19.0,6.9,178.0,0.01
2014-02-04 19:30:00-06:00,2014,2,4,19,30,0.0,0.0,0.0,19.0,6.5,185.0,0.01
2014-02-04 20:30:00-06:00,2014,2,4,20,30,0.0,0.0,0.0,19.0,6.1000000000000005,188.0,0.01
2014-02-04 21:30:00-06:00,2014,2,4,21,30,0.0,0.0,0.0,18.0,5.5,192.0,0.01
2014-02-04 22:30:00-06:00,2014,2,4,22,30,0.0,0.0,0.0,18.0,5.1000000000000005,205.0,0.01
2014-02-04 23:30:00-06:00,2014,2,4,23,30,0.0,0.0,0.0,17.0,4.9,228.0,0.01
2014-02-05 00:30:00-06:00,2014,2,5,0,30,0.0,0.0,0.0,16.0,5.7,266.0,0.01
2014-02-05 01:30:00-06:00,2014,2,5,1,30,0.0,0.0,0.0,14.0,7.300000000000001,299.0,0.01
2014-02-05 02:30:00-06:00,2014,2,5,2,30,0.0,0.0,0.0,12.0,8.200000000000001,319.0,0.01
2014-02-05 03:30:00-06:00,2014,2,5,3,30,0.0,0.0,0.0,12.0,8.4,332.0,0.01
2014-02-05 04:30:00-06:00,2014,2,5,4,30,0.0,0.0,0.0,12.0,8.5,338.0,0.01
2014-02-05 05:30:00-06:00,2014,2,5,5,30,0.0,0.0,0.0,11.0,8.4,342.0,0.01
2014-02-05 06:30:00-06:00,2014,2,5,6,30,0.0,0.0,0.0,11.0,8.200000000000001,347.0,0.01
2014-02-05 07:30:00-06:00,2014,2,5,7,30,33.0,0.0,33.0,11.0,8.1,352.0,0.01
2014-02-05 08:30:00-06:00,2014,2,5,8,30,305.0,687.0,74.0,11.0,8.1,352.0,0.01
2014-02-05 09:30:00-06:00,2014,2,5,9,30,138.0,0.0,138.0,11.0,8.200000000000001,352.0,0.01
2014-02-05 10:30:00-06:00,2014,2,5,10,30,180.0,1.0,179.0,11.0,8.1,355.0,0.01
2014-02-05 11:30:00-06:00,2014,2,5,11,30,597.0,467.0,272.0,11.0,7.800000000000001,357.0,0.01
2014-02-05 12:30:00-06:00,2014,2,5,12,30,502.0,223.0,344.0,12.0,7.6,358.0,0.01
2014-02-05 13:30:00-06:00,2014,2,5,13,30,699.0,898.0,101.0,12.0,7.4,358.0,0.01
2014-02-05 14:30:00-06:00,2014,2,5,14,30,578.0,848.0,96.0,12.0,7.4,358.0,0.01
2014-02-05 15:30:00-06:00,2014,2,5,15,30,404.0,755.0,85.0,12.0,7.4,359.0,0.01
2014-02-05 16:30:00-06:00,2014,2,5,16,30,200.0,565.0,64.0,12.0,7.5,3.0,0.01
2014-02-05 17:30:00-06:00,2014,2,5,17,30,18.0,111.0,15.0,12.0,7.7,9.0,0.01
2014-02-05 18:30:00-06:00,2014,2,5,18,30,0.0,0.0,0.0,12.0,8.4,13.0,0.01
2014-02-05 19:30:00-06:00,2014,2,5,19,30,0.0,0.0,0.0,11.0,9.0,15.0,0.01
2014-02-05 20:30:00-06:00,2014,2,5,20,30,0.0,0.0,0.0,10.0,9.2,20.0,0.01
2014-02-05 21:30:00-06:00,2014,2,5,21,30,0.0,0.0,0.0,10.0,9.2,24.0,0.01
2014-02-05 22:30:00-06:00,2014,2,5,22,30,0.0,0.0,0.0,9.0,9.0,25.0,0.01
2014-02-05 23:30:00-06:00,2014,2,5,23,30,0.0,0.0,0.0,9.0,8.8,25.0,0.01
2014-02-06 00:30:00-06:00,2014,2,6,0,30,0.0,0.0,0.0,9.0,8.5,27.0,0.01
2014-02-06 01:30:00-06:00,2014,2,6,1,30,0.0,0.0,0.0,9.0,8.200000000000001,29.0,0.01
2014-02-06 02:30:00-06:00,2014,2,6,2,30,0.0,0.0,0.0,9.0,8.0,30.0,0.01
2014-02-06 03:30:00-06:00,2014,2,6,3,30,0.0,0.0,0.0,8.0,7.9,29.0,0.01
2014-02-06 04:30:00-06:00,2014,2,6,4,30,0.0,0.0,0.0,8.0,7.9,29.0,0.01
2014-02-06 05:30:00-06:00,2014,2,6,5,30,0.0,0.0,0.0,8.0,7.800000000000001,31.0,0.01
2014-02-06 06:30:00-06:00,2014,2,6,6,30,0.0,0.0,0.0,8.0,7.7,33.0,0.01
2014-02-06 07:30:00-06:00,2014,2,6,7,30,3.0,0.0,3.0,8.0,7.5,32.0,0.01
2014-02-06 08:30:00-06:00,2014,2,6,8,30,37.0,0.0,37.0,8.0,7.4,29.0,0.01
2014-02-06 09:30:00-06:00,2014,2,6,9,30,73.0,0.0,73.0,8.0,7.5,25.0,0.01
2014-02-06 10:30:00-06:00,2014,2,6,10,30,76.0,0.0,76.0,7.0,7.7,22.0,0.01
2014-02-06 11:30:00-06:00,2014,2,6,11,30,92.0,0.0,92.0,7.0,8.0,13.0,0.01
2014-02-06 12:30:00-06:00,2014,2,6,12,30,87.0,0.0,87.0,7.0,8.3,6.0,0.01
2014-02-06 13:30:00-06:00,2014,2,6,13,30,71.0,0.0,71.0,6.0,8.200000000000001,6.0,0.01
2014-02-06 14:30:00-06:00,2014,2,6,14,30,56.0,0.0,56.0,6.0,7.7,11.0,0.01
2014-02-06 15:30:00-06:00,2014,2,6,15,30,50.0,0.0,50.0,7.0,7.300000000000001,22.0,0.01
2014-02-06 16:30:00-06:00,2014,2,6,16,30,53.0,0.0,53.0,7.0,7.1000000000000005,31.0,0.01
2014-02-06 17:30:00-06:00,2014,2,6,17,30,5.0,0.0,5.0,7.0,7.2,34.0,0.01
2014-02-06 18:30:00-06:00,2014,2,6,18,30,0.0,0.0,0.0,8.0,7.5,31.0,0.01
2014-02-06 19:30:00-06:00,2014,2,6,19,30,0.0,0.0,0.0,8.0,7.9,29.0,0.01
2014-02-06 20:30:00-06:00,2014,2,6,20,30,0.0,0.0,0.0,8.0,7.9,35.0,0.01
2014-02-06 21:30:00-06:00,2014,2,6,21,30,0.0,0.0,0.0,8.0,7.800000000000001,41.0,0.01
2014-02-06 22:30:00-06:00,2014,2,6,22,30,0.0,0.0,0.0,8.0,7.5,43.0,0.01
2014-02-06 23:30:00-06:00,2014,2,6,23,30,0.0,0.0,0.0,8.0,7.300000000000001,40.0,0.01
2014-02-07 00:30:00-06:00,2014,2,7,0,30,0.0,0.0,0.0,8.0,7.2,38.0,0.01
2014-02-07 01:30:00-06:00,2014,2,7,1,30,0.0,0.0,0.0,8.0,7.1000000000000005,34.0,0.01
2014-02-07 02:30:00-06:00,2014,2,7,2,30,0.0,0.0,0.0,8.0,7.1000000000000005,30.0,0.01
2014-02-07 03:30:00-06:00,2014,2,7,3,30,0.0,0.0,0.0,8.0,7.1000000000000005,30.0,0.01
2014-02-07 04:30:00-06:00,2014,2,7,4,30,0.0,0.0,0.0,8.0,7.0,34.0,0.01
2014-02-07 05:30:00-06:00,2014,2,7,5,30,0.0,0.0,0.0,8.0,6.9,39.0,0.01
2014-02-07 06:30:00-06:00,2014,2,7,6,30,0.0,0.0,0.0,8.0,6.7,43.0,0.01
2014-02-07 07:30:00-06:00,2014,2,7,7,30,24.0,0.0,24.0,9.0,6.7,44.0,0.01
2014-02-07 08:30:00-06:00,2014,2,7,8,30,214.0,227.0,136.0,9.0,6.800000000000001,45.0,0.01
2014-02-07 09:30:00-06:00,2014,2,7,9,30,332.0,209.0,225.0,10.0,6.9,47.0,0.01
2014-02-07 10:30:00-06:00,2014,2,7,10,30,646.0,864.0,101.0,10.0,7.0,50.0,0.01
2014-02-07 11:30:00-06:00,2014,2,7,11,30,455.0,163.0,341.0,11.0,7.0,55.0,0.01
2014-02-07 12:30:00-06:00,2014,2,7,12,30,266.0,15.0,254.0,11.0,6.9,60.0,0.01
2014-02-07 13:30:00-06:00,2014,2,7,13,30,298.0,33.0,276.0,11.0,6.7,61.0,0.01
2014-02-07 14:30:00-06:00,2014,2,7,14,30,211.0,12.0,204.0,11.0,6.5,60.0,0.01
2014-02-07 15:30:00-06:00,2014,2,7,15,30,310.0,331.0,167.0,11.0,6.2,59.0,0.01
2014-02-07 16:30:00-06:00,2014,2,7,16,30,54.0,0.0,54.0,11.0,5.800000000000001,58.0,0.01
2014-02-07 17:30:00-06:00,2014,2,7,17,30,5.0,0.0,5.0,11.0,5.6000000000000005,53.0,0.01
2014-02-07 18:30:00-06:00,2014,2,7,18,30,0.0,0.0,0.0,11.0,5.6000000000000005,47.0,0.01
2014-02-07 19:30:00-06:00,2014,2,7,19,30,0.0,0.0,0.0,12.0,5.800000000000001,48.0,0.01
2014-02-07 20:30:00-06:00,2014,2,7,20,30,0.0,0.0,0.0,12.0,5.800000000000001,53.0,0.01
2014-02-07 21:30:00-06:00,2014,2,7,21,30,0.0,0.0,0.0,12.0,5.800000000000001,56.0,0.01
2014-02-07 22:30:00-06:00,2014,2,7,22,30,0.0,0.0,0.0,12.0,5.9,54.0,0.01
2014-02-07 23:30:00-06:00,2014,2,7,23,30,0.0,0.0,0.0,12.0,6.0,47.0,0.01
2014-02-08 00:30:00-06:00,2014,2,8,0,30,0.0,0.0,0.0,12.0,6.1000000000000005,36.0,0.01
2014-02-08 01:30:00-06:00,2014,2,8,1,30,0.0,0.0,0.0,11.0,6.300000000000001,28.0,0.01
2014-02-08 02:30:00-06:00,2014,2,8,2,30,0.0,0.0,0.0,11.0,6.4,23.0,0.01
2014-02-08 03:30:00-06:00,2014,2,8,3,30,0.0,0.0,0.0,11.0,6.300000000000001,29.0,0.01
2014-02-08 04:30:00-06:00,2014,2,8,4,30,0.0,0.0,0.0,12.0,6.0,48.0,0.01
2014-02-08 05:30:00-06:00,2014,2,8,5,30,0.0,0.0,0.0,12.0,5.6000000000000005,65.0,0.01
2014-02-08 06:30:00-06:00,2014,2,8,6,30,0.0,0.0,0.0,12.0,5.0,72.0,0.01
2014-02-08 07:30:00-06:00,2014,2,8,7,30,13.0,0.0,13.0,13.0,4.3,64.0,0.01
2014-02-08 08:30:00-06:00,2014,2,8,8,30,304.0,653.0,79.0,13.0,4.0,48.0,0.01
2014-02-08 09:30:00-06:00,2014,2,8,9,30,496.0,784.0,95.0,13.0,3.9,47.0,0.01
2014-02-08 10:30:00-06:00,2014,2,8,10,30,469.0,286.0,288.0,14.0,3.8,58.0,0.01
2014-02-08 11:30:00-06:00,2014,2,8,11,30,736.0,898.0,102.0,14.0,3.6,66.0,0.01
2014-02-08 12:30:00-06:00,2014,2,8,12,30,757.0,914.0,99.0,15.0,3.2,64.0,0.01
2014-02-08 13:30:00-06:00,2014,2,8,13,30,704.0,894.0,99.0,15.0,3.1,53.0,0.01
2014-02-08 14:30:00-06:00,2014,2,8,14,30,585.0,845.0,96.0,16.0,3.3000000000000003,46.0,0.01
2014-02-08 15:30:00-06:00,2014,2,8,15,30,420.0,800.0,73.0,15.0,3.5,52.0,0.01
2014-02-08 16:30:00-06:00,2014,2,8,16,30,215.0,634.0,56.0,15.0,3.6,58.0,0.01
2014-02-08 17:30:00-06:00,2014,2,8,17,30,24.0,193.0,16.0,15.0,3.6,67.0,0.01
2014-02-08 18:30:00-06:00,2014,2,8,18,30,0.0,0.0,0.0,14.0,3.6,80.0,0.01
2014-02-08 19:30:00-06:00,2014,2,8,19,30,0.0,0.0,0.0,14.0,3.5,91.0,0.01
2014-02-08 20:30:00-06:00,2014,2,8,20,30,0.0,0.0,0.0,14.0,3.2,100.0,0.01
2014-02-08 21:30:00-06:00,2014,2,8,21,30,0.0,0.0,0.0,14.0,2.8000000000000003,102.0,0.01
2014-02-08 22:30:00-06:00,2014,2,8,22,30,0.0,0.0,0.0,14.0,2.3000000000000003,98.0,0.01
2014-02-08 23:30:00-06:00,2014,2,8,23,30,0.0,0.0,0.0,14.0,1.9,94.0,0.01
2014-02-09 00:30:00-06:00,2014,2,9,0,30,0.0,0.0,0.0,14.0,1.4,101.0,0.01
2014-02-09 01:30:00-06:00,2014,2,9,1,30,0.0,0.0,0.0,14.0,1.2000000000000002,124.0,0.01
2014-02-09 02:30:00-06:00,2014,2,9,2,30,0.0,0.0,0.0,14.0,1.2000000000000002,159.0,0.01
2014-02-09 03:30:00-06:00,2014,2,9,3,30,0.0,0.0,0.0,15.0,1.1,177.0,0.01
2014-02-09 04:30:00-06:00,2014,2,9,4,30,0.0,0.0,0.0,15.0,0.9,190.0,0.01
2014-02-09 05:30:00-06:00,2014,2,9,5,30,0.0,0.0,0.0,15.0,0.9,187.0,0.01
2014-02-09 06:30:00-06:00,2014,2,9,6,30,0.0,0.0,0.0,15.0,0.8,173.0,0.01
2014-02-09 07:30:00-06:00,2014,2,9,7,30,114.0,503.0,39.0,16.0,1.0,127.0,0.01
2014-02-09 08:30:00-06:00,2014,2,9,8,30,325.0,755.0,62.0,16.0,1.5,98.0,0.01
2014-02-09 09:30:00-06:00,2014,2,9,9,30,518.0,858.0,76.0,16.0,1.8,96.0,0.01
2014-02-09 10:30:00-06:00,2014,2,9,10,30,466.0,271.0,293.0,17.0,1.9,97.0,0.01
2014-02-09 11:30:00-06:00,2014,2,9,11,30,602.0,431.0,296.0,17.0,2.1,99.0,0.01
2014-02-09 12:30:00-06:00,2014,2,9,12,30,505.0,208.0,355.0,17.0,2.3000000000000003,106.0,0.01
2014-02-09 13:30:00-06:00,2014,2,9,13,30,718.0,927.0,87.0,17.0,2.5,115.0,0.01
2014-02-09 14:30:00-06:00,2014,2,9,14,30,462.0,386.0,237.0,17.0,2.5,123.0,0.01
2014-02-09 15:30:00-06:00,2014,2,9,15,30,322.0,353.0,167.0,17.0,2.6,131.0,0.01
2014-02-09 16:30:00-06:00,2014,2,9,16,30,125.0,99.0,100.0,17.0,2.8000000000000003,135.0,0.01
2014-02-09 17:30:00-06:00,2014,2,9,17,30,27.0,223.0,17.0,17.0,3.0,137.0,0.01
2014-02-09 18:30:00-06:00,2014,2,9,18,30,0.0,0.0,0.0,17.0,3.1,141.0,0.01
2014-02-09 19:30:00-06:00,2014,2,9,19,30,0.0,0.0,0.0,17.0,3.1,144.0,0.01
2014-02-09 20:30:00-06:00,2014,2,9,20,30,0.0,0.0,0.0,17.0,3.2,149.0,0.01
2014-02-09 21:30:00-06:00,2014,2,9,21,30,0.0,0.0,0.0,16.0,3.4000000000000004,154.0,0.01
2014-02-09 22:30:00-06:00,2014,2,9,22,30,0.0,0.0,0.0,16.0,3.6,161.0,0.01
2014-02-09 23:30:00-06:00,2014,2,9,23,30,0.0,0.0,0.0,16.0,3.7,167.0,0.01
2014-02-10 00:30:00-06:00,2014,2,10,0,30,0.0,0.0,0.0,16.0,3.6,173.0,0.01
2014-02-10 01:30:00-06:00,2014,2,10,1,30,0.0,0.0,0.0,16.0,3.2,179.0,0.01
2014-02-10 02:30:00-06:00,2014,2,10,2,30,0.0,0.0,0.0,16.0,2.9000000000000004,182.0,0.01
2014-02-10 03:30:00-06:00,2014,2,10,3,30,0.0,0.0,0.0,16.0,2.6,182.0,0.01
2014-02-10 04:30:00-06:00,2014,2,10,4,30,0.0,0.0,0.0,16.0,2.4000000000000004,180.0,0.01
2014-02-10 05:30:00-06:00,2014,2,10,5,30,0.0,0.0,0.0,16.0,2.4000000000000004,176.0,0.01
2014-02-10 06:30:00-06:00,2014,2,10,6,30,0.0,0.0,0.0,16.0,2.4000000000000004,170.0,0.01
2014-02-10 07:30:00-06:00,2014,2,10,7,30,111.0,449.0,43.0,17.0,2.5,166.0,0.01
2014-02-10 08:30:00-06:00,2014,2,10,8,30,318.0,712.0,68.0,17.0,2.6,165.0,0.01
2014-02-10 09:30:00-06:00,2014,2,10,9,30,512.0,847.0,73.0,17.0,2.8000000000000003,166.0,0.01
2014-02-10 10:30:00-06:00,2014,2,10,10,30,659.0,907.0,77.0,17.0,3.0,168.0,0.01
2014-02-10 11:30:00-06:00,2014,2,10,11,30,744.0,935.0,78.0,18.0,3.3000000000000003,169.0,0.01
2014-02-10 12:30:00-06:00,2014,2,10,12,30,759.0,932.0,81.0,18.0,3.4000000000000004,171.0,0.01
2014-02-10 13:30:00-06:00,2014,2,10,13,30,706.0,918.0,78.0,18.0,3.0,174.0,0.01
2014-02-10 14:30:00-06:00,2014,2,10,14,30,589.0,879.0,73.0,18.0,2.7,175.0,0.01
2014-02-10 15:30:00-06:00,2014,2,10,15,30,419.0,804.0,65.0,18.0,2.4000000000000004,172.0,0.01
2014-02-10 16:30:00-06:00,2014,2,10,16,30,216.0,645.0,51.0,18.0,2.2,168.0,0.01
2014-02-10 17:30:00-06:00,2014,2,10,17,30,27.0,211.0,17.0,17.0,2.1,165.0,0.01
2014-02-10 18:30:00-06:00,2014,2,10,18,30,0.0,0.0,0.0,17.0,2.2,167.0,0.01
2014-02-10 19:30:00-06:00,2014,2,10,19,30,0.0,0.0,0.0,17.0,2.4000000000000004,170.0,0.01
2014-02-10 20:30:00-06:00,2014,2,10,20,30,0.0,0.0,0.0,17.0,2.5,174.0,0.01
2014-02-10 21:30:00-06:00,2014,2,10,21,30,0.0,0.0,0.0,17.0,2.6,176.0,0.01
2014-02-10 22:30:00-06:00,2014,2,10,22,30,0.0,0.0,0.0,17.0,2.6,175.0,0.01
2014-02-10 23:30:00-06:00,2014,2,10,23,30,0.0,0.0,0.0,17.0,2.7,176.0,0.01
2014-02-11 00:30:00-06:00,2014,2,11,0,30,0.0,0.0,0.0,17.0,2.6,176.0,0.01
2014-02-11 01:30:00-06:00,2014,2,11,1,30,0.0,0.0,0.0,17.0,2.2,180.0,0.01
2014-02-11 02:30:00-06:00,2014,2,11,2,30,0.0,0.0,0.0,17.0,1.7000000000000002,187.0,0.01
2014-02-11 03:30:00-06:00,2014,2,11,3,30,0.0,0.0,0.0,17.0,1.0,197.0,0.01
2014-02-11 04:30:00-06:00,2014,2,11,4,30,0.0,0.0,0.0,16.0,0.6000000000000001,211.0,0.01
2014-02-11 05:30:00-06:00,2014,2,11,5,30,0.0,0.0,0.0,16.0,1.3,18.0,0.01
2014-02-11 06:30:00-06:00,2014,2,11,6,30,0.0,0.0,0.0,15.0,3.1,35.0,0.01
2014-02-11 07:30:00-06:00,2014,2,11,7,30,17.0,0.0,17.0,15.0,4.4,44.0,0.01
2014-02-11 08:30:00-06:00,2014,2,11,8,30,21.0,0.0,21.0,14.0,5.1000000000000005,50.0,0.01
2014-02-11 09:30:00-06:00,2014,2,11,9,30,79.0,0.0,79.0,14.0,5.4,51.0,0.01
2014-02-11 10:30:00-06:00,2014,2,11,10,30,76.0,0.0,76.0,14.0,5.5,50.0,0.01
2014-02-11 11:30:00-06:00,2014,2,11,11,30,123.0,0.0,123.0,13.0,5.6000000000000005,43.0,0.01
2014-02-11 12:30:00-06:00,2014,2,11,12,30,121.0,0.0,121.0,13.0,6.0,31.0,0.01
2014-02-11 13:30:00-06:00,2014,2,11,13,30,152.0,0.0,152.0,12.0,6.800000000000001,20.0,0.01
2014-02-11 14:30:00-06:00,2014,2,11,14,30,128.0,0.0,128.0,11.0,7.5,16.0,0.01
2014-02-11 15:30:00-06:00,2014,2,11,15,30,81.0,0.0,81.0,11.0,7.5,20.0,0.01
2014-02-11 16:30:00-06:00,2014,2,11,16,30,70.0,0.0,70.0,11.0,7.1000000000000005,29.0,0.01
2014-02-11 17:30:00-06:00,2014,2,11,17,30,23.0,0.0,23.0,11.0,6.800000000000001,38.0,0.01
2014-02-11 18:30:00-06:00,2014,2,11,18,30,0.0,0.0,0.0,11.0,6.5,46.0,0.01
2014-02-11 19:30:00-06:00,2014,2,11,19,30,0.0,0.0,0.0,11.0,6.0,53.0,0.01
2014-02-11 20:30:00-06:00,2014,2,11,20,30,0.0,0.0,0.0,12.0,5.5,57.0,0.01
2014-02-11 21:30:00-06:00,2014,2,11,21,30,0.0,0.0,0.0,12.0,5.0,58.0,0.01
2014-02-11 22:30:00-06:00,2014,2,11,22,30,0.0,0.0,0.0,12.0,3.9,66.0,0.01
2014-02-11 23:30:00-06:00,2014,2,11,23,30,0.0,0.0,0.0,12.0,3.7,58.0,0.01
2014-02-12 00:30:00-06:00,2014,2,12,0,30,0.0,0.0,0.0,11.0,5.5,2.0,0.01
2014-02-12 01:30:00-06:00,2014,2,12,1,30,0.0,0.0,0.0,10.0,6.800000000000001,357.0,0.01
2014-02-12 02:30:00-06:00,2014,2,12,2,30,0.0,0.0,0.0,10.0,6.4,1.0,0.01
2014-02-12 03:30:00-06:00,2014,2,12,3,30,0.0,0.0,0.0,10.0,5.6000000000000005,1.0,0.01
2014-02-12 04:30:00-06:00,2014,2,12,4,30,0.0,0.0,0.0,10.0,5.9,344.0,0.01
2014-02-12 05:30:00-06:00,2014,2,12,5,30,0.0,0.0,0.0,9.0,6.9,320.0,0.01
2014-02-12 06:30:00-06:00,2014,2,12,6,30,0.0,0.0,0.0,9.0,6.6000000000000005,324.0,0.01
2014-02-12 07:30:00-06:00,2014,2,12,7,30,20.0,0.0,20.0,9.0,6.0,334.0,0.01
2014-02-12 08:30:00-06:00,2014,2,12,8,30,35.0,0.0,35.0,9.0,6.6000000000000005,318.0,0.01
2014-02-12 09:30:00-06:00,2014,2,12,9,30,117.0,0.0,117.0,9.0,7.1000000000000005,310.0,0.01
2014-02-12 10:30:00-06:00,2014,2,12,10,30,181.0,2.0,179.0,9.0,6.800000000000001,314.0,0.01
2014-02-12 11:30:00-06:00,2014,2,12,11,30,77.0,0.0,77.0,9.0,7.2,311.0,0.01
2014-02-12 12:30:00-06:00,2014,2,12,12,30,133.0,0.0,133.0,9.0,7.800000000000001,308.0,0.01
2014-02-12 13:30:00-06:00,2014,2,12,13,30,167.0,0.0,167.0,9.0,7.800000000000001,308.0,0.01
2014-02-12 14:30:00-06:00,2014,2,12,14,30,143.0,0.0,143.0,9.0,7.7,311.0,0.01
2014-02-12 15:30:00-06:00,2014,2,12,15,30,128.0,0.0,128.0,10.0,7.7,313.0,0.01
2014-02-12 16:30:00-06:00,2014,2,12,16,30,64.0,0.0,64.0,10.0,7.9,316.0,0.01
2014-02-12 17:30:00-06:00,2014,2,12,17,30,8.0,0.0,8.0,9.0,8.3,320.0,0.01
2014-02-12 18:30:00-06:00,2014,2,12,18,30,0.0,0.0,0.0,9.0,8.6,325.0,0.01
2014-02-12 19:30:00-06:00,2014,2,12,19,30,0.0,0.0,0.0,8.0,8.8,328.0,0.01
2014-02-12 20:30:00-06:00,2014,2,12,20,30,0.0,0.0,0.0,7.0,8.6,329.0,0.01
2014-02-12 21:30:00-06:00,2014,2,12,21,30,0.0,0.0,0.0,7.0,8.4,330.0,0.01
2014-02-12 22:30:00-06:00,2014,2,12,22,30,0.0,0.0,0.0,7.0,8.200000000000001,330.0,0.01
2014-02-12 23:30:00-06:00,2014,2,12,23,30,0.0,0.0,0.0,7.0,8.1,330.0,0.01
2014-02-13 00:30:00-06:00,2014,2,13,0,30,0.0,0.0,0.0,7.0,8.200000000000001,330.0,0.01
2014-02-13 01:30:00-06:00,2014,2,13,1,30,0.0,0.0,0.0,6.0,8.3,330.0,0.01
2014-02-13 02:30:00-06:00,2014,2,13,2,30,0.0,0.0,0.0,6.0,8.3,331.0,0.01
2014-02-13 03:30:00-06:00,2014,2,13,3,30,0.0,0.0,0.0,6.0,8.200000000000001,333.0,0.01
2014-02-13 04:30:00-06:00,2014,2,13,4,30,0.0,0.0,0.0,6.0,7.800000000000001,339.0,0.01
2014-02-13 05:30:00-06:00,2014,2,13,5,30,0.0,0.0,0.0,6.0,7.2,344.0,0.01
2014-02-13 06:30:00-06:00,2014,2,13,6,30,0.0,0.0,0.0,6.0,6.6000000000000005,349.0,0.01
2014-02-13 07:30:00-06:00,2014,2,13,7,30,44.0,0.0,44.0,7.0,6.1000000000000005,352.0,0.01
2014-02-13 08:30:00-06:00,2014,2,13,8,30,175.0,73.0,148.0,7.0,5.4,354.0,0.01
2014-02-13 09:30:00-06:00,2014,2,13,9,30,459.0,565.0,160.0,7.0,4.6000000000000005,352.0,0.01
2014-02-13 10:30:00-06:00,2014,2,13,10,30,522.0,371.0,280.0,8.0,3.8,346.0,0.01
2014-02-13 11:30:00-06:00,2014,2,13,11,30,788.0,947.0,102.0,8.0,3.3000000000000003,340.0,0.01
2014-02-13 12:30:00-06:00,2014,2,13,12,30,681.0,583.0,250.0,9.0,3.0,330.0,0.01
2014-02-13 13:30:00-06:00,2014,2,13,13,30,633.0,582.0,228.0,10.0,3.0,316.0,0.01
2014-02-13 14:30:00-06:00,2014,2,13,14,30,634.0,921.0,84.0,10.0,3.0,301.0,0.01
2014-02-13 15:30:00-06:00,2014,2,13,15,30,457.0,851.0,73.0,11.0,3.0,288.0,0.01
2014-02-13 16:30:00-06:00,2014,2,13,16,30,242.0,701.0,55.0,11.0,3.2,275.0,0.01
2014-02-13 17:30:00-06:00,2014,2,13,17,30,37.0,290.0,20.0,11.0,3.3000000000000003,267.0,0.01
2014-02-13 18:30:00-06:00,2014,2,13,18,30,0.0,0.0,0.0,11.0,3.3000000000000003,265.0,0.01
2014-02-13 19:30:00-06:00,2014,2,13,19,30,0.0,0.0,0.0,11.0,3.2,262.0,0.01
2014-02-13 20:30:00-06:00,2014,2,13,20,30,0.0,0.0,0.0,11.0,3.0,258.0,0.01
2014-02-13 21:30:00-06:00,2014,2,13,21,30,0.0,0.0,0.0,11.0,2.7,257.0,0.01
2014-02-13 22:30:00-06:00,2014,2,13,22,30,0.0,0.0,0.0,11.0,2.5,256.0,0.01
2014-02-13 23:30:00-06:00,2014,2,13,23,30,0.0,0.0,0.0,11.0,2.5,255.0,0.01
2014-02-14 00:30:00-06:00,2014,2,14,0,30,0.0,0.0,0.0,11.0,2.4000000000000004,258.0,0.01
2014-02-14 01:30:00-06:00,2014,2,14,1,30,0.0,0.0,0.0,11.0,2.3000000000000003,262.0,0.01
2014-02-14 02:30:00-06:00,2014,2,14,2,30,0.0,0.0,0.0,11.0,2.2,260.0,0.01
2014-02-14 03:30:00-06:00,2014,2,14,3,30,0.0,0.0,0.0,11.0,1.9,256.0,0.01
2014-02-14 04:30:00-06:00,2014,2,14,4,30,0.0,0.0,0.0,11.0,1.5,257.0,0.01
2014-02-14 05:30:00-06:00,2014,2,14,5,30,0.0,0.0,0.0,11.0,1.2000000000000002,251.0,0.01
2014-02-14 06:30:00-06:00,2014,2,14,6,30,0.0,0.0,0.0,11.0,1.4,211.0,0.01
2014-02-14 07:30:00-06:00,2014,2,14,7,30,83.0,139.0,60.0,12.0,1.9,191.0,0.01
2014-02-14 08:30:00-06:00,2014,2,14,8,30,270.0,396.0,126.0,12.0,2.8000000000000003,186.0,0.01
2014-02-14 09:30:00-06:00,2014,2,14,9,30,553.0,910.0,68.0,13.0,3.9,180.0,0.01
2014-02-14 10:30:00-06:00,2014,2,14,10,30,703.0,956.0,75.0,14.0,4.7,182.0,0.01
2014-02-14 11:30:00-06:00,2014,2,14,11,30,666.0,575.0,247.0,15.0,5.4,194.0,0.01
2014-02-14 12:30:00-06:00,2014,2,14,12,30,688.0,588.0,250.0,15.0,6.1000000000000005,199.0,0.01
2014-02-14 13:30:00-06:00,2014,2,14,13,30,558.0,350.0,313.0,16.0,6.5,203.0,0.01
2014-02-14 14:30:00-06:00,2014,2,14,14,30,502.0,453.0,230.0,16.0,6.7,211.0,0.01
2014-02-14 15:30:00-06:00,2014,2,14,15,30,446.0,827.0,70.0,16.0,6.5,218.0,0.01
2014-02-14 16:30:00-06:00,2014,2,14,16,30,90.0,0.0,90.0,16.0,6.1000000000000005,225.0,0.01
2014-02-14 17:30:00-06:00,2014,2,14,17,30,35.0,228.0,21.0,16.0,6.0,233.0,0.01
2014-02-14 18:30:00-06:00,2014,2,14,18,30,0.0,0.0,0.0,17.0,6.300000000000001,241.0,0.01
2014-02-14 19:30:00-06:00,2014,2,14,19,30,0.0,0.0,0.0,17.0,6.7,246.0,0.01
2014-02-14 20:30:00-06:00,2014,2,14,20,30,0.0,0.0,0.0,17.0,7.1000000000000005,252.0,0.01
2014-02-14 21:30:00-06:00,2014,2,14,21,30,0.0,0.0,0.0,16.0,7.5,258.0,0.01
2014-02-14 22:30:00-06:00,2014,2,14,22,30,0.0,0.0,0.0,16.0,7.6,267.0,0.01
2014-02-14 23:30:00-06:00,2014,2,14,23,30,0.0,0.0,0.0,16.0,7.6,278.0,0.01
2014-02-15 00:30:00-06:00,2014,2,15,0,30,0.0,0.0,0.0,15.0,7.4,292.0,0.01
2014-02-15 01:30:00-06:00,2014,2,15,1,30,0.0,0.0,0.0,15.0,7.1000000000000005,311.0,0.01
2014-02-15 02:30:00-06:00,2014,2,15,2,30,0.0,0.0,0.0,14.0,7.2,336.0,0.01
2014-02-15 03:30:00-06:00,2014,2,15,3,30,0.0,0.0,0.0,14.0,7.6,359.0,0.01
2014-02-15 04:30:00-06:00,2014,2,15,4,30,0.0,0.0,0.0,13.0,7.800000000000001,13.0,0.01
2014-02-15 05:30:00-06:00,2014,2,15,5,30,0.0,0.0,0.0,13.0,7.2,21.0,0.01
2014-02-15 06:30:00-06:00,2014,2,15,6,30,0.0,0.0,0.0,13.0,6.5,24.0,0.01
2014-02-15 07:30:00-06:00,2014,2,15,7,30,141.0,623.0,36.0,12.0,6.0,24.0,0.01
2014-02-15 08:30:00-06:00,2014,2,15,8,30,363.0,837.0,54.0,12.0,5.5,24.0,0.01
2014-02-15 09:30:00-06:00,2014,2,15,9,30,562.0,934.0,60.0,13.0,4.9,24.0,0.01
2014-02-15 10:30:00-06:00,2014,2,15,10,30,713.0,978.0,67.0,13.0,4.5,25.0,0.01
2014-02-15 11:30:00-06:00,2014,2,15,11,30,801.0,998.0,71.0,13.0,4.0,25.0,0.01
2014-02-15 12:30:00-06:00,2014,2,15,12,30,819.0,997.0,74.0,13.0,3.5,28.0,0.01
2014-02-15 13:30:00-06:00,2014,2,15,13,30,765.0,982.0,74.0,13.0,3.0,31.0,0.01
2014-02-15 14:30:00-06:00,2014,2,15,14,30,643.0,946.0,70.0,14.0,2.7,36.0,0.01
2014-02-15 15:30:00-06:00,2014,2,15,15,30,465.0,881.0,61.0,14.0,2.3000000000000003,48.0,0.01
2014-02-15 16:30:00-06:00,2014,2,15,16,30,250.0,740.0,48.0,14.0,2.2,66.0,0.01
2014-02-15 17:30:00-06:00,2014,2,15,17,30,41.0,348.0,20.0,13.0,2.3000000000000003,89.0,0.01
2014-02-15 18:30:00-06:00,2014,2,15,18,30,0.0,0.0,0.0,13.0,2.5,111.0,0.01
2014-02-15 19:30:00-06:00,2014,2,15,19,30,0.0,0.0,0.0,14.0,3.0,128.0,0.01
2014-02-15 20:30:00-06:00,2014,2,15,20,30,0.0,0.0,0.0,14.0,3.3000000000000003,141.0,0.01
2014-02-15 21:30:00-06:00,2014,2,15,21,30,0.0,0.0,0.0,14.0,3.3000000000000003,151.0,0.01
2014-02-15 22:30:00-06:00,2014,2,15,22,30,0.0,0.0,0.0,14.0,3.1,162.0,0.01
2014-02-15 23:30:00-06:00,2014,2,15,23,30,0.0,0.0,0.0,14.0,2.7,176.0,0.01
2014-02-16 00:30:00-06:00,2014,2,16,0,30,0.0,0.0,0.0,15.0,2.2,191.0,0.01
2014-02-16 01:30:00-06:00,2014,2,16,1,30,0.0,0.0,0.0,15.0,1.5,208.0,0.01
2014-02-16 02:30:00-06:00,2014,2,16,2,30,0.0,0.0,0.0,14.0,1.2000000000000002,242.0,0.01
2014-02-16 03:30:00-06:00,2014,2,16,3,30,0.0,0.0,0.0,14.0,1.5,316.0,0.01
2014-02-16 04:30:00-06:00,2014,2,16,4,30,0.0,0.0,0.0,14.0,2.0,354.0,0.01
2014-02-16 05:30:00-06:00,2014,2,16,5,30,0.0,0.0,0.0,14.0,2.0,22.0,0.01
2014-02-16 06:30:00-06:00,2014,2,16,6,30,0.0,0.0,0.0,14.0,2.1,56.0,0.01
2014-02-16 07:30:00-06:00,2014,2,16,7,30,135.0,532.0,43.0,14.0,2.4000000000000004,92.0,0.01
2014-02-16 08:30:00-06:00,2014,2,16,8,30,349.0,759.0,67.0,15.0,2.6,118.0,0.01
2014-02-16 09:30:00-06:00,2014,2,16,9,30,543.0,854.0,82.0,16.0,2.3000000000000003,126.0,0.01
2014-02-16 10:30:00-06:00,2014,2,16,10,30,690.0,902.0,91.0,16.0,1.8,125.0,0.01
2014-02-16 11:30:00-06:00,2014,2,16,11,30,777.0,926.0,95.0,17.0,1.5,123.0,0.01
2014-02-16 12:30:00-06:00,2014,2,16,12,30,797.0,940.0,91.0,17.0,1.4,124.0,0.01
2014-02-16 13:30:00-06:00,2014,2,16,13,30,406.0,97.0,337.0,17.0,1.6,131.0,0.01
2014-02-16 14:30:00-06:00,2014,2,16,14,30,467.0,336.0,262.0,18.0,1.7000000000000002,138.0,0.01
2014-02-16 15:30:00-06:00,2014,2,16,15,30,271.0,147.0,203.0,17.0,1.9,142.0,0.01
2014-02-16 16:30:00-06:00,2014,2,16,16,30,168.0,230.0,104.0,17.0,2.1,142.0,0.01
2014-02-16 17:30:00-06:00,2014,2,16,17,30,39.0,252.0,23.0,17.0,2.3000000000000003,141.0,0.01
2014-02-16 18:30:00-06:00,2014,2,16,18,30,0.0,0.0,0.0,17.0,2.3000000000000003,143.0,0.01
2014-02-16 19:30:00-06:00,2014,2,16,19,30,0.0,0.0,0.0,17.0,2.3000000000000003,148.0,0.01
2014-02-16 20:30:00-06:00,2014,2,16,20,30,0.0,0.0,0.0,17.0,2.2,156.0,0.01
2014-02-16 21:30:00-06:00,2014,2,16,21,30,0.0,0.0,0.0,17.0,2.2,164.0,0.01
2014-02-16 22:30:00-06:00,2014,2,16,22,30,0.0,0.0,0.0,17.0,2.3000000000000003,166.0,0.01
2014-02-16 23:30:00-06:00,2014,2,16,23,30,0.0,0.0,0.0,17.0,2.7,166.0,0.01
2014-02-17 00:30:00-06:00,2014,2,17,0,30,0.0,0.0,0.0,17.0,3.2,167.0,0.01
2014-02-17 01:30:00-06:00,2014,2,17,1,30,0.0,0.0,0.0,17.0,3.6,168.0,0.01
2014-02-17 02:30:00-06:00,2014,2,17,2,30,0.0,0.0,0.0,17.0,3.8,170.0,0.01
2014-02-17 03:30:00-06:00,2014,2,17,3,30,0.0,0.0,0.0,17.0,3.7,172.0,0.01
2014-02-17 04:30:00-06:00,2014,2,17,4,30,0.0,0.0,0.0,17.0,3.4000000000000004,175.0,0.01
2014-02-17 05:30:00-06:00,2014,2,17,5,30,0.0,0.0,0.0,17.0,3.0,176.0,0.01
2014-02-17 06:30:00-06:00,2014,2,17,6,30,0.0,0.0,0.0,17.0,2.8000000000000003,177.0,0.01
2014-02-17 07:30:00-06:00,2014,2,17,7,30,135.0,507.0,46.0,18.0,2.7,178.0,0.01
2014-02-17 08:30:00-06:00,2014,2,17,8,30,187.0,83.0,156.0,18.0,2.8000000000000003,179.0,0.01
2014-02-17 09:30:00-06:00,2014,2,17,9,30,453.0,478.0,193.0,18.0,3.0,182.0,0.01
2014-02-17 10:30:00-06:00,2014,2,17,10,30,442.0,180.0,322.0,18.0,3.0,187.0,0.01
2014-02-17 11:30:00-06:00,2014,2,17,11,30,645.0,486.0,285.0,19.0,2.9000000000000004,195.0,0.01
2014-02-17 12:30:00-06:00,2014,2,17,12,30,693.0,572.0,261.0,19.0,2.8000000000000003,205.0,0.01
2014-02-17 13:30:00-06:00,2014,2,17,13,30,744.0,916.0,93.0,19.0,2.7,214.0,0.01
2014-02-17 14:30:00-06:00,2014,2,17,14,30,625.0,877.0,87.0,19.0,2.6,218.0,0.01
2014-02-17 15:30:00-06:00,2014,2,17,15,30,451.0,805.0,77.0,19.0,2.4000000000000004,221.0,0.01
2014-02-17 16:30:00-06:00,2014,2,17,16,30,243.0,660.0,59.0,18.0,2.3000000000000003,218.0,0.01
2014-02-17 17:30:00-06:00,2014,2,17,17,30,41.0,269.0,23.0,18.0,2.2,214.0,0.01
2014-02-17 18:30:00-06:00,2014,2,17,18,30,0.0,0.0,0.0,18.0,2.1,210.0,0.01
2014-02-17 19:30:00-06:00,2014,2,17,19,30,0.0,0.0,0.0,18.0,2.0,206.0,0.01
2014-02-17 20:30:00-06:00,2014,2,17,20,30,0.0,0.0,0.0,18.0,2.0,202.0,0.01
2014-02-17 21:30:00-06:00,2014,2,17,21,30,0.0,0.0,0.0,18.0,2.0,200.0,0.01
2014-02-17 22:30:00-06:00,2014,2,17,22,30,0.0,0.0,0.0,18.0,1.9,200.0,0.01
2014-02-17 23:30:00-06:00,2014,2,17,23,30,0.0,0.0,0.0,17.0,1.8,200.0,0.01
2014-02-18 00:30:00-06:00,2014,2,18,0,30,0.0,0.0,0.0,17.0,1.7000000000000002,200.0,0.01
2014-02-18 01:30:00-06:00,2014,2,18,1,30,0.0,0.0,0.0,17.0,1.6,200.0,0.01
2014-02-18 02:30:00-06:00,2014,2,18,2,30,0.0,0.0,0.0,17.0,1.5,198.0,0.01
2014-02-18 03:30:00-06:00,2014,2,18,3,30,0.0,0.0,0.0,17.0,1.4,197.0,0.01
2014-02-18 04:30:00-06:00,2014,2,18,4,30,0.0,0.0,0.0,17.0,1.4,194.0,0.01
2014-02-18 05:30:00-06:00,2014,2,18,5,30,0.0,0.0,0.0,17.0,1.4,190.0,0.01
2014-02-18 06:30:00-06:00,2014,2,18,6,30,0.0,0.0,0.0,17.0,1.5,189.0,0.01
2014-02-18 07:30:00-06:00,2014,2,18,7,30,135.0,476.0,50.0,18.0,1.7000000000000002,192.0,0.01
2014-02-18 08:30:00-06:00,2014,2,18,8,30,287.0,415.0,129.0,18.0,1.9,191.0,0.01
2014-02-18 09:30:00-06:00,2014,2,18,9,30,544.0,826.0,90.0,18.0,2.1,186.0,0.01
2014-02-18 10:30:00-06:00,2014,2,18,10,30,552.0,403.0,281.0,18.0,2.2,181.0,0.01
2014-02-18 11:30:00-06:00,2014,2,18,11,30,779.0,903.0,106.0,19.0,2.3000000000000003,180.0,0.01
2014-02-18 12:30:00-06:00,2014,2,18,12,30,797.0,910.0,106.0,19.0,2.3000000000000003,181.0,0.01
2014-02-18 13:30:00-06:00,2014,2,18,13,30,744.0,893.0,105.0,19.0,2.4000000000000004,183.0,0.01
2014-02-18 14:30:00-06:00,2014,2,18,14,30,624.0,852.0,99.0,19.0,2.5,183.0,0.01
2014-02-18 15:30:00-06:00,2014,2,18,15,30,407.0,602.0,125.0,19.0,2.5,182.0,0.01
2014-02-18 16:30:00-06:00,2014,2,18,16,30,239.0,597.0,70.0,18.0,2.4000000000000004,180.0,0.01
2014-02-18 17:30:00-06:00,2014,2,18,17,30,40.0,191.0,27.0,18.0,2.5,172.0,0.01
2014-02-18 18:30:00-06:00,2014,2,18,18,30,0.0,0.0,0.0,18.0,2.9000000000000004,163.0,0.01
2014-02-18 19:30:00-06:00,2014,2,18,19,30,0.0,0.0,0.0,18.0,3.4000000000000004,157.0,0.01
2014-02-18 20:30:00-06:00,2014,2,18,20,30,0.0,0.0,0.0,18.0,3.8,155.0,0.01
2014-02-18 21:30:00-06:00,2014,2,18,21,30,0.0,0.0,0.0,18.0,3.9,156.0,0.01
2014-02-18 22:30:00-06:00,2014,2,18,22,30,0.0,0.0,0.0,18.0,3.9,162.0,0.01
2014-02-18 23:30:00-06:00,2014,2,18,23,30,0.0,0.0,0.0,18.0,4.0,168.0,0.01
2014-02-19 00:30:00-06:00,2014,2,19,0,30,0.0,0.0,0.0,18.0,4.1000000000000005,172.0,0.01
2014-02-19 01:30:00-06:00,2014,2,19,1,30,0.0,0.0,0.0,18.0,3.9,176.0,0.01
2014-02-19 02:30:00-06:00,2014,2,19,2,30,0.0,0.0,0.0,18.0,3.5,180.0,0.01
2014-02-19 03:30:00-06:00,2014,2,19,3,30,0.0,0.0,0.0,18.0,2.8000000000000003,184.0,0.01
2014-02-19 04:30:00-06:00,2014,2,19,4,30,0.0,0.0,0.0,18.0,2.1,188.0,0.01
2014-02-19 05:30:00-06:00,2014,2,19,5,30,0.0,0.0,0.0,18.0,1.6,187.0,0.01
2014-02-19 06:30:00-06:00,2014,2,19,6,30,0.0,0.0,0.0,18.0,1.4,178.0,0.01
2014-02-19 07:30:00-06:00,2014,2,19,7,30,46.0,0.0,46.0,18.0,1.5,161.0,0.01
2014-02-19 08:30:00-06:00,2014,2,19,8,30,208.0,119.0,162.0,19.0,1.7000000000000002,154.0,0.01
2014-02-19 09:30:00-06:00,2014,2,19,9,30,550.0,835.0,89.0,19.0,1.6,155.0,0.01
2014-02-19 10:30:00-06:00,2014,2,19,10,30,419.0,137.0,326.0,19.0,1.6,154.0,0.01
2014-02-19 11:30:00-06:00,2014,2,19,11,30,524.0,206.0,370.0,19.0,1.8,152.0,0.01
2014-02-19 12:30:00-06:00,2014,2,19,12,30,555.0,235.0,376.0,19.0,2.2,150.0,0.01
2014-02-19 13:30:00-06:00,2014,2,19,13,30,444.0,128.0,351.0,19.0,2.5,149.0,0.01
2014-02-19 14:30:00-06:00,2014,2,19,14,30,636.0,887.0,86.0,19.0,2.8000000000000003,147.0,0.01
2014-02-19 15:30:00-06:00,2014,2,19,15,30,461.0,813.0,77.0,19.0,3.0,146.0,0.01
2014-02-19 16:30:00-06:00,2014,2,19,16,30,249.0,655.0,62.0,19.0,3.2,144.0,0.01
2014-02-19 17:30:00-06:00,2014,2,19,17,30,44.0,243.0,26.0,19.0,3.5,144.0,0.01
2014-02-19 18:30:00-06:00,2014,2,19,18,30,0.0,0.0,0.0,19.0,3.8,145.0,0.01
2014-02-19 19:30:00-06:00,2014,2,19,19,30,0.0,0.0,0.0,19.0,4.1000000000000005,148.0,0.01
2014-02-19 20:30:00-06:00,2014,2,19,20,30,0.0,0.0,0.0,19.0,4.5,152.0,0.01
2014-02-19 21:30:00-06:00,2014,2,19,21,30,0.0,0.0,0.0,19.0,5.0,156.0,0.01
2014-02-19 22:30:00-06:00,2014,2,19,22,30,0.0,0.0,0.0,19.0,5.300000000000001,159.0,0.01
2014-02-19 23:30:00-06:00,2014,2,19,23,30,0.0,0.0,0.0,19.0,5.4,162.0,0.01
2014-02-20 00:30:00-06:00,2014,2,20,0,30,0.0,0.0,0.0,19.0,5.300000000000001,163.0,0.01
2014-02-20 01:30:00-06:00,2014,2,20,1,30,0.0,0.0,0.0,19.0,5.300000000000001,164.0,0.01
2014-02-20 02:30:00-06:00,2014,2,20,2,30,0.0,0.0,0.0,19.0,5.1000000000000005,166.0,0.01
2014-02-20 03:30:00-06:00,2014,2,20,3,30,0.0,0.0,0.0,19.0,5.0,168.0,0.01
2014-02-20 04:30:00-06:00,2014,2,20,4,30,0.0,0.0,0.0,19.0,4.9,171.0,0.01
2014-02-20 05:30:00-06:00,2014,2,20,5,30,0.0,0.0,0.0,19.0,4.800000000000001,172.0,0.01
2014-02-20 06:30:00-06:00,2014,2,20,6,30,0.0,0.0,0.0,19.0,4.6000000000000005,174.0,0.01
2014-02-20 07:30:00-06:00,2014,2,20,7,30,151.0,582.0,43.0,19.0,4.3,174.0,0.01
2014-02-20 08:30:00-06:00,2014,2,20,8,30,371.0,792.0,63.0,19.0,4.3,172.0,0.01
2014-02-20 09:30:00-06:00,2014,2,20,9,30,446.0,415.0,215.0,19.0,4.5,170.0,0.01
2014-02-20 10:30:00-06:00,2014,2,20,10,30,535.0,339.0,303.0,20.0,4.7,167.0,0.01
2014-02-20 11:30:00-06:00,2014,2,20,11,30,505.0,173.0,374.0,20.0,4.7,166.0,0.01
2014-02-20 12:30:00-06:00,2014,2,20,12,30,573.0,259.0,374.0,20.0,4.6000000000000005,168.0,0.01
2014-02-20 13:30:00-06:00,2014,2,20,13,30,741.0,879.0,105.0,20.0,4.5,170.0,0.01
2014-02-20 14:30:00-06:00,2014,2,20,14,30,402.0,171.0,295.0,20.0,4.5,170.0,0.01
2014-02-20 15:30:00-06:00,2014,2,20,15,30,448.0,764.0,85.0,20.0,4.6000000000000005,168.0,0.01
2014-02-20 16:30:00-06:00,2014,2,20,16,30,178.0,239.0,109.0,20.0,4.9,165.0,0.01
2014-02-20 17:30:00-06:00,2014,2,20,17,30,44.0,222.0,27.0,20.0,5.0,164.0,0.01
2014-02-20 18:30:00-06:00,2014,2,20,18,30,0.0,0.0,0.0,20.0,5.0,163.0,0.01
2014-02-20 19:30:00-06:00,2014,2,20,19,30,0.0,0.0,0.0,20.0,5.0,164.0,0.01
2014-02-20 20:30:00-06:00,2014,2,20,20,30,0.0,0.0,0.0,19.0,5.1000000000000005,167.0,0.01
2014-02-20 21:30:00-06:00,2014,2,20,21,30,0.0,0.0,0.0,19.0,5.1000000000000005,172.0,0.01
2014-02-20 22:30:00-06:00,2014,2,20,22,30,0.0,0.0,0.0,19.0,5.1000000000000005,180.0,0.01
2014-02-20 23:30:00-06:00,2014,2,20,23,30,0.0,0.0,0.0,19.0,5.1000000000000005,191.0,0.01
2014-02-21 00:30:00-06:00,2014,2,21,0,30,0.0,0.0,0.0,19.0,5.1000000000000005,201.0,0.01
2014-02-21 01:30:00-06:00,2014,2,21,1,30,0.0,0.0,0.0,19.0,4.9,212.0,0.01
2014-02-21 02:30:00-06:00,2014,2,21,2,30,0.0,0.0,0.0,18.0,5.1000000000000005,232.0,0.01
2014-02-21 03:30:00-06:00,2014,2,21,3,30,0.0,0.0,0.0,16.0,7.800000000000001,291.0,0.01
2014-02-21 04:30:00-06:00,2014,2,21,4,30,0.0,0.0,0.0,14.0,10.9,337.0,0.01
2014-02-21 05:30:00-06:00,2014,2,21,5,30,0.0,0.0,0.0,13.0,11.4,359.0,0.01
2014-02-21 06:30:00-06:00,2014,2,21,6,30,0.0,0.0,0.0,13.0,10.8,12.0,0.01
2014-02-21 07:30:00-06:00,2014,2,21,7,30,142.0,462.0,54.0,14.0,10.6,21.0,0.01
2014-02-21 08:30:00-06:00,2014,2,21,8,30,360.0,721.0,77.0,14.0,10.3,28.0,0.01
2014-02-21 09:30:00-06:00,2014,2,21,9,30,566.0,863.0,82.0,14.0,9.6,34.0,0.01
2014-02-21 10:30:00-06:00,2014,2,21,10,30,725.0,930.0,88.0,15.0,8.8,38.0,0.01
2014-02-21 11:30:00-06:00,2014,2,21,11,30,823.0,968.0,91.0,15.0,7.9,42.0,0.01
2014-02-21 12:30:00-06:00,2014,2,21,12,30,848.0,983.0,90.0,15.0,7.0,46.0,0.01
2014-02-21 13:30:00-06:00,2014,2,21,13,30,797.0,977.0,87.0,15.0,6.300000000000001,46.0,0.01
2014-02-21 14:30:00-06:00,2014,2,21,14,30,555.0,567.0,199.0,16.0,5.7,42.0,0.01
2014-02-21 15:30:00-06:00,2014,2,21,15,30,461.0,806.0,75.0,16.0,5.1000000000000005,37.0,0.01
2014-02-21 16:30:00-06:00,2014,2,21,16,30,218.0,451.0,86.0,16.0,4.7,32.0,0.01
2014-02-21 17:30:00-06:00,2014,2,21,17,30,54.0,369.0,25.0,16.0,4.3,26.0,0.01
2014-02-21 18:30:00-06:00,2014,2,21,18,30,0.0,0.0,0.0,16.0,4.0,27.0,0.01
2014-02-21 19:30:00-06:00,2014,2,21,19,30,0.0,0.0,0.0,16.0,3.7,28.0,0.01
2014-02-21 20:30:00-06:00,2014,2,21,20,30,0.0,0.0,0.0,16.0,3.5,31.0,0.01
2014-02-21 21:30:00-06:00,2014,2,21,21,30,0.0,0.0,0.0,16.0,3.4000000000000004,40.0,0.01
2014-02-21 22:30:00-06:00,2014,2,21,22,30,0.0,0.0,0.0,16.0,3.3000000000000003,46.0,0.01
2014-02-21 23:30:00-06:00,2014,2,21,23,30,0.0,0.0,0.0,16.0,3.2,50.0,0.01
2014-02-22 00:30:00-06:00,2014,2,22,0,30,0.0,0.0,0.0,16.0,3.2,51.0,0.01
2014-02-22 01:30:00-06:00,2014,2,22,1,30,0.0,0.0,0.0,15.0,3.3000000000000003,49.0,0.01
2014-02-22 02:30:00-06:00,2014,2,22,2,30,0.0,0.0,0.0,15.0,3.6,44.0,0.01
2014-02-22 03:30:00-06:00,2014,2,22,3,30,0.0,0.0,0.0,15.0,4.0,41.0,0.01
2014-02-22 04:30:00-06:00,2014,2,22,4,30,0.0,0.0,0.0,15.0,4.5,42.0,0.01
2014-02-22 05:30:00-06:00,2014,2,22,5,30,0.0,0.0,0.0,15.0,5.0,46.0,0.01
2014-02-22 06:30:00-06:00,2014,2,22,6,30,0.0,0.0,0.0,15.0,5.5,56.0,0.01
2014-02-22 07:30:00-06:00,2014,2,22,7,30,158.0,553.0,50.0,16.0,6.0,66.0,0.01
2014-02-22 08:30:00-06:00,2014,2,22,8,30,382.0,776.0,75.0,16.0,6.2,75.0,0.01
2014-02-22 09:30:00-06:00,2014,2,22,9,30,585.0,888.0,84.0,16.0,6.0,80.0,0.01
2014-02-22 10:30:00-06:00,2014,2,22,10,30,736.0,935.0,92.0,17.0,5.7,85.0,0.01
2014-02-22 11:30:00-06:00,2014,2,22,11,30,821.0,952.0,97.0,17.0,5.2,89.0,0.01
2014-02-22 12:30:00-06:00,2014,2,22,12,30,834.0,948.0,100.0,17.0,4.6000000000000005,91.0,0.01
2014-02-22 13:30:00-06:00,2014,2,22,13,30,774.0,923.0,100.0,18.0,4.1000000000000005,93.0,0.01
2014-02-22 14:30:00-06:00,2014,2,22,14,30,646.0,870.0,98.0,18.0,3.9,95.0,0.01
2014-02-22 15:30:00-06:00,2014,2,22,15,30,464.0,770.0,92.0,18.0,4.0,98.0,0.01
2014-02-22 16:30:00-06:00,2014,2,22,16,30,249.0,594.0,74.0,17.0,4.1000000000000005,101.0,0.01
2014-02-22 17:30:00-06:00,2014,2,22,17,30,47.0,209.0,30.0,17.0,4.3,104.0,0.01
2014-02-22 18:30:00-06:00,2014,2,22,18,30,0.0,0.0,0.0,17.0,4.4,110.0,0.01
2014-02-22 19:30:00-06:00,2014,2,22,19,30,0.0,0.0,0.0,17.0,4.5,116.0,0.01
2014-02-22 20:30:00-06:00,2014,2,22,20,30,0.0,0.0,0.0,18.0,4.4,124.0,0.01
2014-02-22 21:30:00-06:00,2014,2,22,21,30,0.0,0.0,0.0,18.0,4.1000000000000005,130.0,0.01
2014-02-22 22:30:00-06:00,2014,2,22,22,30,0.0,0.0,0.0,18.0,3.7,135.0,0.01
2014-02-22 23:30:00-06:00,2014,2,22,23,30,0.0,0.0,0.0,18.0,3.1,139.0,0.01
2014-02-23 00:30:00-06:00,2014,2,23,0,30,0.0,0.0,0.0,18.0,2.6,143.0,0.01
2014-02-23 01:30:00-06:00,2014,2,23,1,30,0.0,0.0,0.0,18.0,2.2,147.0,0.01
2014-02-23 02:30:00-06:00,2014,2,23,2,30,0.0,0.0,0.0,18.0,2.1,150.0,0.01
2014-02-23 03:30:00-06:00,2014,2,23,3,30,0.0,0.0,0.0,18.0,2.3000000000000003,155.0,0.01
2014-02-23 04:30:00-06:00,2014,2,23,4,30,0.0,0.0,0.0,18.0,2.5,164.0,0.01
2014-02-23 05:30:00-06:00,2014,2,23,5,30,0.0,0.0,0.0,18.0,2.6,173.0,0.01
2014-02-23 06:30:00-06:00,2014,2,23,6,30,0.0,0.0,0.0,19.0,2.9000000000000004,183.0,0.01
2014-02-23 07:30:00-06:00,2014,2,23,7,30,38.0,0.0,38.0,19.0,3.2,196.0,0.01
2014-02-23 08:30:00-06:00,2014,2,23,8,30,205.0,93.0,168.0,19.0,3.3000000000000003,204.0,0.01
2014-02-23 09:30:00-06:00,2014,2,23,9,30,365.0,182.0,261.0,19.0,3.4000000000000004,211.0,0.01
2014-02-23 10:30:00-06:00,2014,2,23,10,30,475.0,202.0,335.0,19.0,3.5,217.0,0.01
2014-02-23 11:30:00-06:00,2014,2,23,11,30,490.0,142.0,380.0,19.0,3.4000000000000004,221.0,0.01
2014-02-23 12:30:00-06:00,2014,2,23,12,30,368.0,41.0,336.0,19.0,3.3000000000000003,225.0,0.01
2014-02-23 13:30:00-06:00,2014,2,23,13,30,483.0,164.0,362.0,19.0,3.0,229.0,0.01
2014-02-23 14:30:00-06:00,2014,2,23,14,30,101.0,0.0,101.0,19.0,2.7,232.0,0.01
2014-02-23 15:30:00-06:00,2014,2,23,15,30,16.0,0.0,16.0,19.0,2.3000000000000003,235.0,0.01
2014-02-23 16:30:00-06:00,2014,2,23,16,30,65.0,0.0,65.0,19.0,1.9,233.0,0.01
2014-02-23 17:30:00-06:00,2014,2,23,17,30,46.0,185.0,31.0,19.0,1.5,225.0,0.01
2014-02-23 18:30:00-06:00,2014,2,23,18,30,0.0,0.0,0.0,19.0,1.2000000000000002,218.0,0.01
2014-02-23 19:30:00-06:00,2014,2,23,19,30,0.0,0.0,0.0,19.0,0.8,215.0,0.01
2014-02-23 20:30:00-06:00,2014,2,23,20,30,0.0,0.0,0.0,19.0,0.5,211.0,0.01
2014-02-23 21:30:00-06:00,2014,2,23,21,30,0.0,0.0,0.0,19.0,0.4,201.0,0.01
2014-02-23 22:30:00-06:00,2014,2,23,22,30,0.0,0.0,0.0,19.0,0.3,215.0,0.01
2014-02-23 23:30:00-06:00,2014,2,23,23,30,0.0,0.0,0.0,19.0,0.2,227.0,0.01
2014-02-24 00:30:00-06:00,2014,2,24,0,30,0.0,0.0,0.0,18.0,0.4,342.0,0.01
2014-02-24 01:30:00-06:00,2014,2,24,1,30,0.0,0.0,0.0,18.0,0.9,14.0,0.01
2014-02-24 02:30:00-06:00,2014,2,24,2,30,0.0,0.0,0.0,18.0,1.3,30.0,0.01
2014-02-24 03:30:00-06:00,2014,2,24,3,30,0.0,0.0,0.0,18.0,1.9,34.0,0.01
2014-02-24 04:30:00-06:00,2014,2,24,4,30,0.0,0.0,0.0,18.0,2.7,36.0,0.01
2014-02-24 05:30:00-06:00,2014,2,24,5,30,0.0,0.0,0.0,18.0,3.5,40.0,0.01
2014-02-24 06:30:00-06:00,2014,2,24,6,30,0.0,0.0,0.0,18.0,4.2,46.0,0.01
2014-02-24 07:30:00-06:00,2014,2,24,7,30,64.0,0.0,64.0,18.0,4.7,53.0,0.01
2014-02-24 08:30:00-06:00,2014,2,24,8,30,154.0,13.0,148.0,18.0,5.0,60.0,0.01
2014-02-24 09:30:00-06:00,2014,2,24,9,30,213.0,14.0,205.0,18.0,5.1000000000000005,64.0,0.01
2014-02-24 10:30:00-06:00,2014,2,24,10,30,346.0,54.0,308.0,18.0,5.300000000000001,67.0,0.01
2014-02-24 11:30:00-06:00,2014,2,24,11,30,470.0,118.0,379.0,18.0,5.1000000000000005,71.0,0.01
2014-02-24 12:30:00-06:00,2014,2,24,12,30,511.0,152.0,392.0,18.0,4.9,75.0,0.01
2014-02-24 13:30:00-06:00,2014,2,24,13,30,347.0,41.0,316.0,18.0,4.5,77.0,0.01
2014-02-24 14:30:00-06:00,2014,2,24,14,30,380.0,125.0,301.0,17.0,4.3,78.0,0.01
2014-02-24 15:30:00-06:00,2014,2,24,15,30,259.0,92.0,213.0,17.0,4.2,79.0,0.01
2014-02-24 16:30:00-06:00,2014,2,24,16,30,75.0,0.0,75.0,17.0,4.1000000000000005,83.0,0.01
2014-02-24 17:30:00-06:00,2014,2,24,17,30,13.0,0.0,13.0,17.0,4.1000000000000005,86.0,0.01
2014-02-24 18:30:00-06:00,2014,2,24,18,30,0.0,0.0,0.0,17.0,4.4,92.0,0.01
2014-02-24 19:30:00-06:00,2014,2,24,19,30,0.0,0.0,0.0,17.0,4.800000000000001,104.0,0.01
2014-02-24 20:30:00-06:00,2014,2,24,20,30,0.0,0.0,0.0,17.0,4.5,111.0,0.01
2014-02-24 21:30:00-06:00,2014,2,24,21,30,0.0,0.0,0.0,17.0,3.9,112.0,0.01
2014-02-24 22:30:00-06:00,2014,2,24,22,30,0.0,0.0,0.0,18.0,3.5,120.0,0.01
2014-02-24 23:30:00-06:00,2014,2,24,23,30,0.0,0.0,0.0,18.0,3.3000000000000003,129.0,0.01
2014-02-25 00:30:00-06:00,2014,2,25,0,30,0.0,0.0,0.0,18.0,3.2,130.0,0.01
2014-02-25 01:30:00-06:00,2014,2,25,1,30,0.0,0.0,0.0,18.0,2.9000000000000004,126.0,0.01
2014-02-25 02:30:00-06:00,2014,2,25,2,30,0.0,0.0,0.0,18.0,2.6,119.0,0.01
2014-02-25 03:30:00-06:00,2014,2,25,3,30,0.0,0.0,0.0,18.0,2.6,111.0,0.01
2014-02-25 04:30:00-06:00,2014,2,25,4,30,0.0,0.0,0.0,18.0,2.6,104.0,0.01
2014-02-25 05:30:00-06:00,2014,2,25,5,30,0.0,0.0,0.0,18.0,2.7,98.0,0.01
2014-02-25 06:30:00-06:00,2014,2,25,6,30,0.0,0.0,0.0,18.0,2.9000000000000004,95.0,0.01
2014-02-25 07:30:00-06:00,2014,2,25,7,30,51.0,0.0,51.0,18.0,3.0,99.0,0.01
2014-02-25 08:30:00-06:00,2014,2,25,8,30,291.0,336.0,154.0,18.0,3.0,100.0,0.01
2014-02-25 09:30:00-06:00,2014,2,25,9,30,371.0,182.0,266.0,18.0,2.7,103.0,0.01
2014-02-25 10:30:00-06:00,2014,2,25,10,30,477.0,195.0,340.0,19.0,2.3000000000000003,112.0,0.01
2014-02-25 11:30:00-06:00,2014,2,25,11,30,583.0,269.0,375.0,19.0,1.9,118.0,0.01
2014-02-25 12:30:00-06:00,2014,2,25,12,30,778.0,780.0,164.0,19.0,1.5,127.0,0.01
2014-02-25 13:30:00-06:00,2014,2,25,13,30,592.0,341.0,339.0,19.0,1.2000000000000002,138.0,0.01
2014-02-25 14:30:00-06:00,2014,2,25,14,30,514.0,382.0,269.0,19.0,1.3,144.0,0.01
2014-02-25 15:30:00-06:00,2014,2,25,15,30,408.0,499.0,162.0,19.0,1.6,140.0,0.01
2014-02-25 16:30:00-06:00,2014,2,25,16,30,240.0,497.0,89.0,19.0,1.8,135.0,0.01
2014-02-25 17:30:00-06:00,2014,2,25,17,30,47.0,146.0,34.0,19.0,1.9,133.0,0.01
2014-02-25 18:30:00-06:00,2014,2,25,18,30,0.0,0.0,0.0,19.0,1.6,140.0,0.01
2014-02-25 19:30:00-06:00,2014,2,25,19,30,0.0,0.0,0.0,19.0,1.2000000000000002,139.0,0.01
2014-02-25 20:30:00-06:00,2014,2,25,20,30,0.0,0.0,0.0,19.0,1.3,122.0,0.01
2014-02-25 21:30:00-06:00,2014,2,25,21,30,0.0,0.0,0.0,19.0,1.7000000000000002,126.0,0.01
2014-02-25 22:30:00-06:00,2014,2,25,22,30,0.0,0.0,0.0,19.0,2.3000000000000003,142.0,0.01
2014-02-25 23:30:00-06:00,2014,2,25,23,30,0.0,0.0,0.0,19.0,2.9000000000000004,167.0,0.01
2014-02-26 00:30:00-06:00,2014,2,26,0,30,0.0,0.0,0.0,19.0,3.3000000000000003,184.0,0.01
2014-02-26 01:30:00-06:00,2014,2,26,1,30,0.0,0.0,0.0,19.0,3.6,194.0,0.01
2014-02-26 02:30:00-06:00,2014,2,26,2,30,0.0,0.0,0.0,19.0,3.9,208.0,0.01
2014-02-26 03:30:00-06:00,2014,2,26,3,30,0.0,0.0,0.0,19.0,4.1000000000000005,221.0,0.01
2014-02-26 04:30:00-06:00,2014,2,26,4,30,0.0,0.0,0.0,19.0,4.1000000000000005,234.0,0.01
2014-02-26 05:30:00-06:00,2014,2,26,5,30,0.0,0.0,0.0,19.0,3.7,249.0,0.01
2014-02-26 06:30:00-06:00,2014,2,26,6,30,0.0,0.0,0.0,18.0,4.0,277.0,0.01
2014-02-26 07:30:00-06:00,2014,2,26,7,30,5.0,0.0,5.0,17.0,6.0,324.0,0.01
2014-02-26 08:30:00-06:00,2014,2,26,8,30,14.0,0.0,14.0,15.0,8.700000000000001,358.0,0.01
2014-02-26 09:30:00-06:00,2014,2,26,9,30,22.0,0.0,22.0,14.0,9.9,16.0,0.01
2014-02-26 10:30:00-06:00,2014,2,26,10,30,114.0,0.0,114.0,13.0,9.6,27.0,0.01
2014-02-26 11:30:00-06:00,2014,2,26,11,30,287.0,16.0,274.0,13.0,8.8,24.0,0.01
2014-02-26 12:30:00-06:00,2014,2,26,12,30,79.0,0.0,79.0,13.0,8.200000000000001,21.0,0.01
2014-02-26 13:30:00-06:00,2014,2,26,13,30,167.0,1.0,166.0,13.0,7.5,27.0,0.01
2014-02-26 14:30:00-06:00,2014,2,26,14,30,152.0,0.0,152.0,13.0,7.6,26.0,0.01
2014-02-26 15:30:00-06:00,2014,2,26,15,30,133.0,0.0,133.0,13.0,8.200000000000001,14.0,0.01
2014-02-26 16:30:00-06:00,2014,2,26,16,30,111.0,6.0,109.0,12.0,8.6,2.0,0.01
2014-02-26 17:30:00-06:00,2014,2,26,17,30,22.0,0.0,22.0,12.0,8.5,2.0,0.01
2014-02-26 18:30:00-06:00,2014,2,26,18,30,0.0,0.0,0.0,12.0,8.1,5.0,0.01
2014-02-26 19:30:00-06:00,2014,2,26,19,30,0.0,0.0,0.0,12.0,7.6,3.0,0.01
2014-02-26 20:30:00-06:00,2014,2,26,20,30,0.0,0.0,0.0,12.0,7.5,3.0,0.01
2014-02-26 21:30:00-06:00,2014,2,26,21,30,0.0,0.0,0.0,11.0,7.5,4.0,0.01
2014-02-26 22:30:00-06:00,2014,2,26,22,30,0.0,0.0,0.0,11.0,7.5,5.0,0.01
2014-02-26 23:30:00-06:00,2014,2,26,23,30,0.0,0.0,0.0,10.0,7.4,5.0,0.01
2014-02-27 00:30:00-06:00,2014,2,27,0,30,0.0,0.0,0.0,10.0,7.300000000000001,4.0,0.01
2014-02-27 01:30:00-06:00,2014,2,27,1,30,0.0,0.0,0.0,9.0,7.300000000000001,3.0,0.01
2014-02-27 02:30:00-06:00,2014,2,27,2,30,0.0,0.0,0.0,9.0,7.300000000000001,1.0,0.01
2014-02-27 03:30:00-06:00,2014,2,27,3,30,0.0,0.0,0.0,9.0,7.4,360.0,0.01
2014-02-27 04:30:00-06:00,2014,2,27,4,30,0.0,0.0,0.0,8.0,7.4,1.0,0.01
2014-02-27 05:30:00-06:00,2014,2,27,5,30,0.0,0.0,0.0,8.0,7.4,6.0,0.01
2014-02-27 06:30:00-06:00,2014,2,27,6,30,0.0,0.0,0.0,8.0,7.5,12.0,0.01
2014-02-27 07:30:00-06:00,2014,2,27,7,30,121.0,200.0,78.0,8.0,7.4,17.0,0.01
2014-02-27 08:30:00-06:00,2014,2,27,8,30,189.0,49.0,168.0,9.0,6.9,20.0,0.01
2014-02-27 09:30:00-06:00,2014,2,27,9,30,496.0,494.0,206.0,9.0,6.1000000000000005,22.0,0.01
2014-02-27 10:30:00-06:00,2014,2,27,10,30,676.0,673.0,198.0,9.0,5.4,23.0,0.01
2014-02-27 11:30:00-06:00,2014,2,27,11,30,755.0,661.0,238.0,9.0,4.7,20.0,0.01
2014-02-27 12:30:00-06:00,2014,2,27,12,30,799.0,751.0,202.0,10.0,4.1000000000000005,16.0,0.01
2014-02-27 13:30:00-06:00,2014,2,27,13,30,827.0,991.0,85.0,10.0,3.7,12.0,0.01
2014-02-27 14:30:00-06:00,2014,2,27,14,30,704.0,964.0,79.0,10.0,3.5,9.0,0.01
2014-02-27 15:30:00-06:00,2014,2,27,15,30,523.0,915.0,67.0,10.0,3.2,7.0,0.01
2014-02-27 16:30:00-06:00,2014,2,27,16,30,299.0,793.0,53.0,10.0,2.9000000000000004,8.0,0.01
2014-02-27 17:30:00-06:00,2014,2,27,17,30,71.0,464.0,27.0,10.0,2.7,12.0,0.01
2014-02-27 18:30:00-06:00,2014,2,27,18,30,0.0,0.0,0.0,10.0,2.4000000000000004,14.0,0.01
2014-02-27 19:30:00-06:00,2014,2,27,19,30,0.0,0.0,0.0,11.0,2.2,19.0,0.01
2014-02-27 20:30:00-06:00,2014,2,27,20,30,0.0,0.0,0.0,11.0,2.0,28.0,0.01
2014-02-27 21:30:00-06:00,2014,2,27,21,30,0.0,0.0,0.0,11.0,1.8,33.0,0.01
2014-02-27 22:30:00-06:00,2014,2,27,22,30,0.0,0.0,0.0,10.0,1.6,41.0,0.01
2014-02-27 23:30:00-06:00,2014,2,27,23,30,0.0,0.0,0.0,10.0,1.6,57.0,0.01
2014-02-28 00:30:00-06:00,2014,2,28,0,30,0.0,0.0,0.0,10.0,1.5,73.0,0.01
2014-02-28 01:30:00-06:00,2014,2,28,1,30,0.0,0.0,0.0,10.0,1.6,80.0,0.01
2014-02-28 02:30:00-06:00,2014,2,28,2,30,0.0,0.0,0.0,10.0,1.9,80.0,0.01
2014-02-28 03:30:00-06:00,2014,2,28,3,30,0.0,0.0,0.0,11.0,2.3000000000000003,79.0,0.01
2014-02-28 04:30:00-06:00,2014,2,28,4,30,0.0,0.0,0.0,11.0,2.8000000000000003,86.0,0.01
2014-02-28 05:30:00-06:00,2014,2,28,5,30,0.0,0.0,0.0,11.0,3.2,95.0,0.01
2014-02-28 06:30:00-06:00,2014,2,28,6,30,0.0,0.0,0.0,12.0,3.6,105.0,0.01
2014-02-28 07:30:00-06:00,2014,2,28,7,30,189.0,659.0,46.0,12.0,3.8,115.0,0.01
2014-02-28 08:30:00-06:00,2014,2,28,8,30,418.0,843.0,64.0,13.0,3.8,124.0,0.01
2014-02-28 09:30:00-06:00,2014,2,28,9,30,620.0,929.0,73.0,14.0,3.7,131.0,0.01
2014-02-28 10:30:00-06:00,2014,2,28,10,30,771.0,968.0,79.0,15.0,3.7,137.0,0.01
2014-02-28 11:30:00-06:00,2014,2,28,11,30,856.0,984.0,83.0,15.0,3.7,142.0,0.01
2014-02-28 12:30:00-06:00,2014,2,28,12,30,681.0,425.0,341.0,16.0,3.6,147.0,0.01
2014-02-28 13:30:00-06:00,2014,2,28,13,30,633.0,407.0,327.0,16.0,3.5,150.0,0.01
2014-02-28 14:30:00-06:00,2014,2,28,14,30,323.0,56.0,286.0,16.0,3.3000000000000003,155.0,0.01
2014-02-28 15:30:00-06:00,2014,2,28,15,30,188.0,14.0,181.0,16.0,3.2,157.0,0.01
2014-02-28 16:30:00-06:00,2014,2,28,16,30,144.0,64.0,124.0,16.0,3.4000000000000004,152.0,0.01
2014-02-28 17:30:00-06:00,2014,2,28,17,30,27.0,0.0,27.0,16.0,3.9,146.0,0.01
2014-02-28 18:30:00-06:00,2014,2,28,18,30,0.0,0.0,0.0,12.0,6.2,93.0,0.01
2014-02-28 19:30:00-06:00,2014,2,28,19,30,0.0,0.0,0.0,13.0,6.6000000000000005,95.0,0.01
2014-02-28 20:30:00-06:00,2014,2,28,20,30,0.0,0.0,0.0,13.0,7.1000000000000005,99.0,0.01
2014-02-28 21:30:00-06:00,2014,2,28,21,30,0.0,0.0,0.0,13.0,7.4,105.0,0.01
2014-02-28 22:30:00-06:00,2014,2,28,22,30,0.0,0.0,0.0,14.0,7.7,110.0,0.01
2014-02-28 23:30:00-06:00,2014,2,28,23,30,0.0,0.0,0.0,14.0,7.800000000000001,115.0,0.01
2002-03-01 00:30:00-06:00,2002,3,1,0,30,0.0,0.0,0.0,14.0,7.800000000000001,118.0,0.01
2002-03-01 01:30:00-06:00,2002,3,1,1,30,0.0,0.0,0.0,15.0,7.800000000000001,119.0,0.01
2002-03-01 02:30:00-06:00,2002,3,1,2,30,0.0,0.0,0.0,15.0,7.800000000000001,119.0,0.01
2002-03-01 03:30:00-06:00,2002,3,1,3,30,0.0,0.0,0.0,15.0,8.0,119.0,0.01
2002-03-01 04:30:00-06:00,2002,3,1,4,30,0.0,0.0,0.0,15.0,8.200000000000001,117.0,0.01
2002-03-01 05:30:00-06:00,2002,3,1,5,30,0.0,0.0,0.0,15.0,8.5,115.0,0.01
2002-03-01 06:30:00-06:00,2002,3,1,6,30,0.0,0.0,0.0,15.0,8.700000000000001,114.0,0.01
2002-03-01 07:30:00-06:00,2002,3,1,7,30,28.0,0.0,28.0,16.0,9.1,113.0,0.01
2002-03-01 08:30:00-06:00,2002,3,1,8,30,78.0,0.0,78.0,16.0,9.5,113.0,0.01
2002-03-01 09:30:00-06:00,2002,3,1,9,30,151.0,0.0,151.0,16.0,9.9,115.0,0.01
2002-03-01 10:30:00-06:00,2002,3,1,10,30,141.0,0.0,141.0,16.0,10.4,121.0,0.01
2002-03-01 11:30:00-06:00,2002,3,1,11,30,211.0,6.0,205.0,16.0,10.7,129.0,0.01
2002-03-01 12:30:00-06:00,2002,3,1,12,30,230.0,8.0,223.0,16.0,10.8,128.0,0.01
2002-03-01 13:30:00-06:00,2002,3,1,13,30,132.0,0.0,132.0,17.0,10.1,120.0,0.01
2002-03-01 14:30:00-06:00,2002,3,1,14,30,128.0,0.0,128.0,17.0,9.8,118.0,0.01
2002-03-01 15:30:00-06:00,2002,3,1,15,30,116.0,0.0,116.0,17.0,10.3,119.0,0.01
2002-03-01 16:30:00-06:00,2002,3,1,16,30,59.0,0.0,59.0,17.0,9.9,120.0,0.01
2002-03-01 17:30:00-06:00,2002,3,1,17,30,15.0,0.0,15.0,17.0,9.5,114.0,0.01
2002-03-01 18:30:00-06:00,2002,3,1,18,30,0.0,0.0,0.0,17.0,9.8,108.0,0.01
2002-03-01 19:30:00-06:00,2002,3,1,19,30,0.0,0.0,0.0,17.0,10.0,105.0,0.01
2002-03-01 20:30:00-06:00,2002,3,1,20,30,0.0,0.0,0.0,17.0,9.2,107.0,0.01
2002-03-01 21:30:00-06:00,2002,3,1,21,30,0.0,0.0,0.0,18.0,8.8,135.0,0.01
2002-03-01 22:30:00-06:00,2002,3,1,22,30,0.0,0.0,0.0,19.0,9.3,180.0,0.01
2002-03-01 23:30:00-06:00,2002,3,1,23,30,0.0,0.0,0.0,19.0,9.1,205.0,0.01
2002-03-02 00:30:00-06:00,2002,3,2,0,30,0.0,0.0,0.0,18.0,8.200000000000001,213.0,0.01
2002-03-02 01:30:00-06:00,2002,3,2,1,30,0.0,0.0,0.0,18.0,7.0,211.0,0.01
2002-03-02 02:30:00-06:00,2002,3,2,2,30,0.0,0.0,0.0,18.0,6.0,206.0,0.01
2002-03-02 03:30:00-06:00,2002,3,2,3,30,0.0,0.0,0.0,18.0,5.6000000000000005,198.0,0.01
2002-03-02 04:30:00-06:00,2002,3,2,4,30,0.0,0.0,0.0,18.0,5.5,194.0,0.01
2002-03-02 05:30:00-06:00,2002,3,2,5,30,0.0,0.0,0.0,18.0,5.2,195.0,0.01
2002-03-02 06:30:00-06:00,2002,3,2,6,30,0.0,0.0,0.0,18.0,4.9,200.0,0.01
2002-03-02 07:30:00-06:00,2002,3,2,7,30,56.0,0.0,56.0,18.0,4.4,206.0,0.01
2002-03-02 08:30:00-06:00,2002,3,2,8,30,205.0,59.0,180.0,18.0,3.8,210.0,0.01
2002-03-02 09:30:00-06:00,2002,3,2,9,30,469.0,372.0,246.0,18.0,3.4000000000000004,208.0,0.01
2002-03-02 10:30:00-06:00,2002,3,2,10,30,424.0,106.0,347.0,19.0,3.0,212.0,0.01
2002-03-02 11:30:00-06:00,2002,3,2,11,30,415.0,61.0,366.0,19.0,2.5,218.0,0.01
2002-03-02 12:30:00-06:00,2002,3,2,12,30,491.0,112.0,400.0,19.0,2.3000000000000003,222.0,0.01
2002-03-02 13:30:00-06:00,2002,3,2,13,30,458.0,113.0,372.0,19.0,2.3000000000000003,225.0,0.01
2002-03-02 14:30:00-06:00,2002,3,2,14,30,403.0,136.0,314.0,19.0,2.0,226.0,0.01
2002-03-02 15:30:00-06:00,2002,3,2,15,30,165.0,2.0,164.0,19.0,2.0,214.0,0.01
2002-03-02 16:30:00-06:00,2002,3,2,16,30,4.0,0.0,4.0,19.0,2.4000000000000004,197.0,0.01
2002-03-02 17:30:00-06:00,2002,3,2,17,30,11.0,0.0,11.0,19.0,2.6,195.0,0.01
2002-03-02 18:30:00-06:00,2002,3,2,18,30,0.0,0.0,0.0,18.0,2.5,205.0,0.01
2002-03-02 19:30:00-06:00,2002,3,2,19,30,0.0,0.0,0.0,18.0,2.9000000000000004,229.0,0.01
2002-03-02 20:30:00-06:00,2002,3,2,20,30,0.0,0.0,0.0,17.0,5.1000000000000005,285.0,0.01
2002-03-02 21:30:00-06:00,2002,3,2,21,30,0.0,0.0,0.0,15.0,8.3,314.0,0.01
2002-03-02 22:30:00-06:00,2002,3,2,22,30,0.0,0.0,0.0,13.0,10.2,329.0,0.01
2002-03-02 23:30:00-06:00,2002,3,2,23,30,0.0,0.0,0.0,12.0,10.7,338.0,0.01
2002-03-03 00:30:00-06:00,2002,3,3,0,30,0.0,0.0,0.0,11.0,10.5,344.0,0.01
2002-03-03 01:30:00-06:00,2002,3,3,1,30,0.0,0.0,0.0,11.0,10.5,348.0,0.01
2002-03-03 02:30:00-06:00,2002,3,3,2,30,0.0,0.0,0.0,10.0,10.6,349.0,0.01
2002-03-03 03:30:00-06:00,2002,3,3,3,30,0.0,0.0,0.0,9.0,10.8,350.0,0.01
2002-03-03 04:30:00-06:00,2002,3,3,4,30,0.0,0.0,0.0,8.0,11.2,349.0,0.01
2002-03-03 05:30:00-06:00,2002,3,3,5,30,0.0,0.0,0.0,8.0,11.6,347.0,0.01
2002-03-03 06:30:00-06:00,2002,3,3,6,30,0.0,0.0,0.0,7.0,11.7,345.0,0.01
2002-03-03 07:30:00-06:00,2002,3,3,7,30,16.0,0.0,16.0,7.0,11.4,346.0,0.01
2002-03-03 08:30:00-06:00,2002,3,3,8,30,106.0,0.0,106.0,7.0,11.0,347.0,0.01
2002-03-03 09:30:00-06:00,2002,3,3,9,30,147.0,0.0,147.0,7.0,10.3,347.0,0.01
2002-03-03 10:30:00-06:00,2002,3,3,10,30,339.0,41.0,309.0,7.0,9.3,349.0,0.01
2002-03-03 11:30:00-06:00,2002,3,3,11,30,202.0,5.0,197.0,7.0,8.8,351.0,0.01
2002-03-03 12:30:00-06:00,2002,3,3,12,30,495.0,115.0,402.0,7.0,8.8,349.0,0.01
2002-03-03 13:30:00-06:00,2002,3,3,13,30,262.0,13.0,252.0,6.0,8.700000000000001,347.0,0.01
2002-03-03 14:30:00-06:00,2002,3,3,14,30,227.0,10.0,220.0,6.0,8.4,345.0,0.01
2002-03-03 15:30:00-06:00,2002,3,3,15,30,145.0,0.0,145.0,7.0,8.3,344.0,0.01
2002-03-03 16:30:00-06:00,2002,3,3,16,30,89.0,0.0,89.0,7.0,8.6,344.0,0.01
2002-03-03 17:30:00-06:00,2002,3,3,17,30,21.0,0.0,21.0,7.0,9.3,344.0,0.01
2002-03-03 18:30:00-06:00,2002,3,3,18,30,0.0,0.0,0.0,7.0,10.1,344.0,0.01
2002-03-03 19:30:00-06:00,2002,3,3,19,30,0.0,0.0,0.0,7.0,10.7,346.0,0.01
2002-03-03 20:30:00-06:00,2002,3,3,20,30,0.0,0.0,0.0,6.0,10.9,348.0,0.01
2002-03-03 21:30:00-06:00,2002,3,3,21,30,0.0,0.0,0.0,6.0,10.9,350.0,0.01
2002-03-03 22:30:00-06:00,2002,3,3,22,30,0.0,0.0,0.0,5.0,10.9,351.0,0.01
2002-03-03 23:30:00-06:00,2002,3,3,23,30,0.0,0.0,0.0,5.0,10.8,351.0,0.01
2002-03-04 00:30:00-06:00,2002,3,4,0,30,0.0,0.0,0.0,5.0,10.7,350.0,0.01
2002-03-04 01:30:00-06:00,2002,3,4,1,30,0.0,0.0,0.0,5.0,10.4,350.0,0.01
2002-03-04 02:30:00-06:00,2002,3,4,2,30,0.0,0.0,0.0,5.0,10.2,349.0,0.01
2002-03-04 03:30:00-06:00,2002,3,4,3,30,0.0,0.0,0.0,5.0,10.0,349.0,0.01
2002-03-04 04:30:00-06:00,2002,3,4,4,30,0.0,0.0,0.0,5.0,9.9,348.0,0.01
2002-03-04 05:30:00-06:00,2002,3,4,5,30,0.0,0.0,0.0,5.0,9.9,348.0,0.01
2002-03-04 06:30:00-06:00,2002,3,4,6,30,0.0,0.0,0.0,5.0,9.9,349.0,0.01
2002-03-04 07:30:00-06:00,2002,3,4,7,30,116.0,112.0,90.0,5.0,9.8,350.0,0.01
2002-03-04 08:30:00-06:00,2002,3,4,8,30,280.0,221.0,183.0,5.0,9.5,351.0,0.01
2002-03-04 09:30:00-06:00,2002,3,4,9,30,520.0,524.0,203.0,6.0,9.0,350.0,0.01
2002-03-04 10:30:00-06:00,2002,3,4,10,30,718.0,747.0,173.0,6.0,8.6,348.0,0.01
2002-03-04 11:30:00-06:00,2002,3,4,11,30,743.0,577.0,280.0,7.0,8.1,348.0,0.01
2002-03-04 12:30:00-06:00,2002,3,4,12,30,823.0,768.0,198.0,7.0,7.6,348.0,0.01
2002-03-04 13:30:00-06:00,2002,3,4,13,30,775.0,792.0,167.0,8.0,7.1000000000000005,348.0,0.01
2002-03-04 14:30:00-06:00,2002,3,4,14,30,621.0,667.0,178.0,8.0,6.7,349.0,0.01
2002-03-04 15:30:00-06:00,2002,3,4,15,30,511.0,856.0,71.0,9.0,6.5,348.0,0.01
2002-03-04 16:30:00-06:00,2002,3,4,16,30,299.0,769.0,50.0,9.0,6.4,346.0,0.01
2002-03-04 17:30:00-06:00,2002,3,4,17,30,78.0,410.0,34.0,9.0,6.4,348.0,0.01
2002-03-04 18:30:00-06:00,2002,3,4,18,30,0.0,0.0,0.0,9.0,6.2,350.0,0.01
2002-03-04 19:30:00-06:00,2002,3,4,19,30,0.0,0.0,0.0,9.0,5.7,354.0,0.01
2002-03-04 20:30:00-06:00,2002,3,4,20,30,0.0,0.0,0.0,9.0,5.2,359.0,0.01
2002-03-04 21:30:00-06:00,2002,3,4,21,30,0.0,0.0,0.0,9.0,4.800000000000001,4.0,0.01
2002-03-04 22:30:00-06:00,2002,3,4,22,30,0.0,0.0,0.0,9.0,4.4,7.0,0.01
2002-03-04 23:30:00-06:00,2002,3,4,23,30,0.0,0.0,0.0,9.0,4.1000000000000005,10.0,0.01
2002-03-05 00:30:00-06:00,2002,3,5,0,30,0.0,0.0,0.0,9.0,3.9,15.0,0.01
2002-03-05 01:30:00-06:00,2002,3,5,1,30,0.0,0.0,0.0,9.0,3.7,22.0,0.01
2002-03-05 02:30:00-06:00,2002,3,5,2,30,0.0,0.0,0.0,9.0,3.8,31.0,0.01
2002-03-05 03:30:00-06:00,2002,3,5,3,30,0.0,0.0,0.0,9.0,4.0,38.0,0.01
2002-03-05 04:30:00-06:00,2002,3,5,4,30,0.0,0.0,0.0,9.0,4.2,44.0,0.01
2002-03-05 05:30:00-06:00,2002,3,5,5,30,0.0,0.0,0.0,9.0,4.4,49.0,0.01
2002-03-05 06:30:00-06:00,2002,3,5,6,30,0.0,0.0,0.0,10.0,4.5,54.0,0.01
2002-03-05 07:30:00-06:00,2002,3,5,7,30,219.0,714.0,49.0,10.0,4.6000000000000005,58.0,0.01
2002-03-05 08:30:00-06:00,2002,3,5,8,30,455.0,883.0,65.0,11.0,4.6000000000000005,62.0,0.01
2002-03-05 09:30:00-06:00,2002,3,5,9,30,661.0,963.0,74.0,11.0,4.5,68.0,0.01
2002-03-05 10:30:00-06:00,2002,3,5,10,30,815.0,1002.0,79.0,12.0,4.4,74.0,0.01
2002-03-05 11:30:00-06:00,2002,3,5,11,30,903.0,1019.0,82.0,12.0,4.3,78.0,0.01
2002-03-05 12:30:00-06:00,2002,3,5,12,30,917.0,1020.0,83.0,13.0,4.1000000000000005,81.0,0.01
2002-03-05 13:30:00-06:00,2002,3,5,13,30,857.0,1006.0,81.0,13.0,3.9,84.0,0.01
2002-03-05 14:30:00-06:00,2002,3,5,14,30,727.0,973.0,77.0,13.0,3.9,87.0,0.01
2002-03-05 15:30:00-06:00,2002,3,5,15,30,539.0,906.0,71.0,13.0,4.1000000000000005,89.0,0.01
2002-03-05 16:30:00-06:00,2002,3,5,16,30,313.0,779.0,58.0,13.0,4.3,92.0,0.01
2002-03-05 17:30:00-06:00,2002,3,5,17,30,82.0,458.0,32.0,13.0,4.4,94.0,0.01
2002-03-05 18:30:00-06:00,2002,3,5,18,30,0.0,0.0,0.0,13.0,4.5,96.0,0.01
2002-03-05 19:30:00-06:00,2002,3,5,19,30,0.0,0.0,0.0,13.0,4.6000000000000005,98.0,0.01
2002-03-05 20:30:00-06:00,2002,3,5,20,30,0.0,0.0,0.0,13.0,4.7,102.0,0.01
2002-03-05 21:30:00-06:00,2002,3,5,21,30,0.0,0.0,0.0,14.0,4.800000000000001,108.0,0.01
2002-03-05 22:30:00-06:00,2002,3,5,22,30,0.0,0.0,0.0,14.0,4.9,112.0,0.01
2002-03-05 23:30:00-06:00,2002,3,5,23,30,0.0,0.0,0.0,14.0,4.9,117.0,0.01
2002-03-06 00:30:00-06:00,2002,3,6,0,30,0.0,0.0,0.0,14.0,4.800000000000001,121.0,0.01
2002-03-06 01:30:00-06:00,2002,3,6,1,30,0.0,0.0,0.0,14.0,4.6000000000000005,123.0,0.01
2002-03-06 02:30:00-06:00,2002,3,6,2,30,0.0,0.0,0.0,14.0,4.5,123.0,0.01
2002-03-06 03:30:00-06:00,2002,3,6,3,30,0.0,0.0,0.0,14.0,4.5,121.0,0.01
2002-03-06 04:30:00-06:00,2002,3,6,4,30,0.0,0.0,0.0,14.0,4.6000000000000005,117.0,0.01
2002-03-06 05:30:00-06:00,2002,3,6,5,30,0.0,0.0,0.0,14.0,4.800000000000001,114.0,0.01
2002-03-06 06:30:00-06:00,2002,3,6,6,30,7.0,0.0,7.0,14.0,4.9,114.0,0.01
2002-03-06 07:30:00-06:00,2002,3,6,7,30,207.0,614.0,58.0,15.0,5.0,114.0,0.01
2002-03-06 08:30:00-06:00,2002,3,6,8,30,436.0,800.0,79.0,15.0,5.0,114.0,0.01
2002-03-06 09:30:00-06:00,2002,3,6,9,30,638.0,890.0,91.0,16.0,4.9,114.0,0.01
2002-03-06 10:30:00-06:00,2002,3,6,10,30,790.0,936.0,98.0,16.0,4.6000000000000005,114.0,0.01
2002-03-06 11:30:00-06:00,2002,3,6,11,30,877.0,958.0,102.0,16.0,4.5,114.0,0.01
2002-03-06 12:30:00-06:00,2002,3,6,12,30,892.0,960.0,103.0,16.0,4.3,113.0,0.01
2002-03-06 13:30:00-06:00,2002,3,6,13,30,833.0,946.0,101.0,16.0,4.1000000000000005,112.0,0.01
2002-03-06 14:30:00-06:00,2002,3,6,14,30,706.0,909.0,95.0,17.0,4.0,113.0,0.01
2002-03-06 15:30:00-06:00,2002,3,6,15,30,522.0,844.0,84.0,17.0,4.0,113.0,0.01
2002-03-06 16:30:00-06:00,2002,3,6,16,30,274.0,602.0,75.0,16.0,4.0,111.0,0.01
2002-03-06 17:30:00-06:00,2002,3,6,17,30,71.0,291.0,38.0,16.0,4.1000000000000005,108.0,0.01
2002-03-06 18:30:00-06:00,2002,3,6,18,30,0.0,0.0,0.0,16.0,4.4,104.0,0.01
2002-03-06 19:30:00-06:00,2002,3,6,19,30,0.0,0.0,0.0,16.0,4.6000000000000005,103.0,0.01
2002-03-06 20:30:00-06:00,2002,3,6,20,30,0.0,0.0,0.0,16.0,4.800000000000001,106.0,0.01
2002-03-06 21:30:00-06:00,2002,3,6,21,30,0.0,0.0,0.0,16.0,4.800000000000001,110.0,0.01
2002-03-06 22:30:00-06:00,2002,3,6,22,30,0.0,0.0,0.0,16.0,4.7,112.0,0.01
2002-03-06 23:30:00-06:00,2002,3,6,23,30,0.0,0.0,0.0,16.0,4.6000000000000005,113.0,0.01
2002-03-07 00:30:00-06:00,2002,3,7,0,30,0.0,0.0,0.0,16.0,4.4,113.0,0.01
2002-03-07 01:30:00-06:00,2002,3,7,1,30,0.0,0.0,0.0,16.0,4.1000000000000005,112.0,0.01
2002-03-07 02:30:00-06:00,2002,3,7,2,30,0.0,0.0,0.0,16.0,3.9,108.0,0.01
2002-03-07 03:30:00-06:00,2002,3,7,3,30,0.0,0.0,0.0,16.0,3.9,103.0,0.01
2002-03-07 04:30:00-06:00,2002,3,7,4,30,0.0,0.0,0.0,16.0,4.2,95.0,0.01
2002-03-07 05:30:00-06:00,2002,3,7,5,30,0.0,0.0,0.0,16.0,4.5,90.0,0.01
2002-03-07 06:30:00-06:00,2002,3,7,6,30,15.0,118.0,12.0,16.0,4.800000000000001,88.0,0.01
2002-03-07 07:30:00-06:00,2002,3,7,7,30,211.0,632.0,55.0,17.0,5.0,86.0,0.01
2002-03-07 08:30:00-06:00,2002,3,7,8,30,439.0,812.0,73.0,17.0,5.1000000000000005,85.0,0.01
2002-03-07 09:30:00-06:00,2002,3,7,9,30,639.0,894.0,86.0,17.0,5.1000000000000005,88.0,0.01
2002-03-07 10:30:00-06:00,2002,3,7,10,30,791.0,939.0,93.0,18.0,4.800000000000001,91.0,0.01
2002-03-07 11:30:00-06:00,2002,3,7,11,30,878.0,961.0,96.0,18.0,4.5,93.0,0.01
2002-03-07 12:30:00-06:00,2002,3,7,12,30,892.0,959.0,100.0,18.0,4.2,93.0,0.01
2002-03-07 13:30:00-06:00,2002,3,7,13,30,834.0,947.0,97.0,18.0,3.9,91.0,0.01
2002-03-07 14:30:00-06:00,2002,3,7,14,30,707.0,911.0,93.0,18.0,3.9,88.0,0.01
2002-03-07 15:30:00-06:00,2002,3,7,15,30,481.0,710.0,110.0,18.0,4.3,86.0,0.01
2002-03-07 16:30:00-06:00,2002,3,7,16,30,288.0,673.0,65.0,18.0,4.800000000000001,86.0,0.01
2002-03-07 17:30:00-06:00,2002,3,7,17,30,55.0,116.0,41.0,17.0,5.1000000000000005,89.0,0.01
2002-03-07 18:30:00-06:00,2002,3,7,18,30,0.0,0.0,0.0,17.0,5.300000000000001,93.0,0.01
2002-03-07 19:30:00-06:00,2002,3,7,19,30,0.0,0.0,0.0,17.0,5.4,98.0,0.01
2002-03-07 20:30:00-06:00,2002,3,7,20,30,0.0,0.0,0.0,17.0,5.300000000000001,103.0,0.01
2002-03-07 21:30:00-06:00,2002,3,7,21,30,0.0,0.0,0.0,17.0,5.1000000000000005,109.0,0.01
2002-03-07 22:30:00-06:00,2002,3,7,22,30,0.0,0.0,0.0,17.0,5.0,115.0,0.01
2002-03-07 23:30:00-06:00,2002,3,7,23,30,0.0,0.0,0.0,17.0,4.9,120.0,0.01
2002-03-08 00:30:00-06:00,2002,3,8,0,30,0.0,0.0,0.0,17.0,5.1000000000000005,122.0,0.01
2002-03-08 01:30:00-06:00,2002,3,8,1,30,0.0,0.0,0.0,17.0,5.5,125.0,0.01
2002-03-08 02:30:00-06:00,2002,3,8,2,30,0.0,0.0,0.0,17.0,5.7,126.0,0.01
2002-03-08 03:30:00-06:00,2002,3,8,3,30,0.0,0.0,0.0,17.0,5.7,127.0,0.01
2002-03-08 04:30:00-06:00,2002,3,8,4,30,0.0,0.0,0.0,18.0,5.6000000000000005,128.0,0.01
2002-03-08 05:30:00-06:00,2002,3,8,5,30,0.0,0.0,0.0,18.0,5.5,127.0,0.01
2002-03-08 06:30:00-06:00,2002,3,8,6,30,16.0,77.0,14.0,18.0,5.5,126.0,0.01
2002-03-08 07:30:00-06:00,2002,3,8,7,30,204.0,558.0,64.0,18.0,5.4,124.0,0.01
2002-03-08 08:30:00-06:00,2002,3,8,8,30,425.0,737.0,90.0,18.0,5.300000000000001,125.0,0.01
2002-03-08 09:30:00-06:00,2002,3,8,9,30,511.0,429.0,244.0,19.0,5.1000000000000005,126.0,0.01
2002-03-08 10:30:00-06:00,2002,3,8,10,30,454.0,120.0,363.0,19.0,5.0,125.0,0.01
2002-03-08 11:30:00-06:00,2002,3,8,11,30,637.0,297.0,394.0,19.0,4.9,124.0,0.01
2002-03-08 12:30:00-06:00,2002,3,8,12,30,867.0,906.0,116.0,19.0,4.800000000000001,123.0,0.01
2002-03-08 13:30:00-06:00,2002,3,8,13,30,722.0,578.0,270.0,19.0,4.7,123.0,0.01
2002-03-08 14:30:00-06:00,2002,3,8,14,30,554.0,402.0,281.0,19.0,5.0,120.0,0.01
2002-03-08 15:30:00-06:00,2002,3,8,15,30,506.0,795.0,89.0,19.0,5.300000000000001,118.0,0.01
2002-03-08 16:30:00-06:00,2002,3,8,16,30,203.0,214.0,132.0,19.0,5.5,118.0,0.01
2002-03-08 17:30:00-06:00,2002,3,8,17,30,77.0,330.0,38.0,19.0,5.6000000000000005,120.0,0.01
2002-03-08 18:30:00-06:00,2002,3,8,18,30,0.0,0.0,0.0,19.0,6.0,121.0,0.01
2002-03-08 19:30:00-06:00,2002,3,8,19,30,0.0,0.0,0.0,19.0,6.2,124.0,0.01
2002-03-08 20:30:00-06:00,2002,3,8,20,30,0.0,0.0,0.0,18.0,6.1000000000000005,126.0,0.01
2002-03-08 21:30:00-06:00,2002,3,8,21,30,0.0,0.0,0.0,18.0,5.9,127.0,0.01
2002-03-08 22:30:00-06:00,2002,3,8,22,30,0.0,0.0,0.0,18.0,5.800000000000001,129.0,0.01
2002-03-08 23:30:00-06:00,2002,3,8,23,30,0.0,0.0,0.0,18.0,5.800000000000001,132.0,0.01
2002-03-09 00:30:00-06:00,2002,3,9,0,30,0.0,0.0,0.0,18.0,5.9,136.0,0.01
2002-03-09 01:30:00-06:00,2002,3,9,1,30,0.0,0.0,0.0,18.0,5.800000000000001,138.0,0.01
2002-03-09 02:30:00-06:00,2002,3,9,2,30,0.0,0.0,0.0,18.0,5.4,140.0,0.01
2002-03-09 03:30:00-06:00,2002,3,9,3,30,0.0,0.0,0.0,18.0,4.9,141.0,0.01
2002-03-09 04:30:00-06:00,2002,3,9,4,30,0.0,0.0,0.0,18.0,4.3,143.0,0.01
2002-03-09 05:30:00-06:00,2002,3,9,5,30,0.0,0.0,0.0,18.0,4.0,146.0,0.01
2002-03-09 06:30:00-06:00,2002,3,9,6,30,17.0,0.0,17.0,19.0,3.8,149.0,0.01
2002-03-09 07:30:00-06:00,2002,3,9,7,30,186.0,440.0,73.0,19.0,3.6,153.0,0.01
2002-03-09 08:30:00-06:00,2002,3,9,8,30,421.0,729.0,87.0,19.0,3.0,159.0,0.01
2002-03-09 09:30:00-06:00,2002,3,9,9,30,476.0,326.0,271.0,19.0,2.4000000000000004,169.0,0.01
2002-03-09 10:30:00-06:00,2002,3,9,10,30,499.0,172.0,369.0,20.0,2.0,178.0,0.01
2002-03-09 11:30:00-06:00,2002,3,9,11,30,720.0,481.0,325.0,20.0,1.6,184.0,0.01
2002-03-09 12:30:00-06:00,2002,3,9,12,30,727.0,471.0,335.0,20.0,1.4,185.0,0.01
2002-03-09 13:30:00-06:00,2002,3,9,13,30,791.0,858.0,117.0,20.0,1.1,187.0,0.01
2002-03-09 14:30:00-06:00,2002,3,9,14,30,374.0,86.0,315.0,20.0,0.9,190.0,0.01
2002-03-09 15:30:00-06:00,2002,3,9,15,30,460.0,592.0,147.0,20.0,0.6000000000000001,189.0,0.01
2002-03-09 16:30:00-06:00,2002,3,9,16,30,121.0,6.0,119.0,20.0,0.3,179.0,0.01
2002-03-09 17:30:00-06:00,2002,3,9,17,30,18.0,0.0,18.0,19.0,0.4,158.0,0.01
2002-03-09 18:30:00-06:00,2002,3,9,18,30,0.0,0.0,0.0,19.0,1.9,346.0,0.01
2002-03-09 19:30:00-06:00,2002,3,9,19,30,0.0,0.0,0.0,18.0,4.800000000000001,359.0,0.01
2002-03-09 20:30:00-06:00,2002,3,9,20,30,0.0,0.0,0.0,17.0,8.0,6.0,0.01
2002-03-09 21:30:00-06:00,2002,3,9,21,30,0.0,0.0,0.0,15.0,10.0,13.0,0.01
2002-03-09 22:30:00-06:00,2002,3,9,22,30,0.0,0.0,0.0,14.0,10.6,17.0,0.01
2002-03-09 23:30:00-06:00,2002,3,9,23,30,0.0,0.0,0.0,14.0,10.5,22.0,0.01
2002-03-10 00:30:00-06:00,2002,3,10,0,30,0.0,0.0,0.0,14.0,10.2,26.0,0.01
2002-03-10 01:30:00-06:00,2002,3,10,1,30,0.0,0.0,0.0,14.0,10.1,27.0,0.01
2002-03-10 02:30:00-06:00,2002,3,10,2,30,0.0,0.0,0.0,13.0,10.2,29.0,0.01
2002-03-10 03:30:00-06:00,2002,3,10,3,30,0.0,0.0,0.0,13.0,10.3,31.0,0.01
2002-03-10 04:30:00-06:00,2002,3,10,4,30,0.0,0.0,0.0,12.0,10.4,34.0,0.01
2002-03-10 05:30:00-06:00,2002,3,10,5,30,0.0,0.0,0.0,12.0,10.4,36.0,0.01
2002-03-10 06:30:00-06:00,2002,3,10,6,30,22.0,169.0,16.0,12.0,10.4,37.0,0.01
2002-03-10 07:30:00-06:00,2002,3,10,7,30,223.0,640.0,56.0,12.0,10.3,38.0,0.01
2002-03-10 08:30:00-06:00,2002,3,10,8,30,337.0,343.0,178.0,12.0,10.0,41.0,0.01
2002-03-10 09:30:00-06:00,2002,3,10,9,30,446.0,250.0,288.0,12.0,9.5,44.0,0.01
2002-03-10 10:30:00-06:00,2002,3,10,10,30,807.0,946.0,92.0,12.0,9.1,45.0,0.01
2002-03-10 11:30:00-06:00,2002,3,10,11,30,730.0,497.0,320.0,13.0,8.700000000000001,45.0,0.01
2002-03-10 12:30:00-06:00,2002,3,10,12,30,793.0,600.0,291.0,13.0,8.3,42.0,0.01
2002-03-10 13:30:00-06:00,2002,3,10,13,30,731.0,586.0,269.0,14.0,7.9,39.0,0.01
2002-03-10 14:30:00-06:00,2002,3,10,14,30,599.0,536.0,232.0,14.0,7.6,38.0,0.01
2002-03-10 15:30:00-06:00,2002,3,10,15,30,421.0,422.0,197.0,15.0,7.300000000000001,38.0,0.01
2002-03-10 16:30:00-06:00,2002,3,10,16,30,321.0,748.0,67.0,15.0,6.9,39.0,0.01
2002-03-10 17:30:00-06:00,2002,3,10,17,30,91.0,441.0,37.0,15.0,6.800000000000001,41.0,0.01
2002-03-10 18:30:00-06:00,2002,3,10,18,30,0.0,0.0,0.0,15.0,6.800000000000001,44.0,0.01
2002-03-10 19:30:00-06:00,2002,3,10,19,30,0.0,0.0,0.0,15.0,6.7,47.0,0.01
2002-03-10 20:30:00-06:00,2002,3,10,20,30,0.0,0.0,0.0,15.0,6.6000000000000005,49.0,0.01
2002-03-10 21:30:00-06:00,2002,3,10,21,30,0.0,0.0,0.0,15.0,6.4,54.0,0.01
2002-03-10 22:30:00-06:00,2002,3,10,22,30,0.0,0.0,0.0,15.0,6.2,61.0,0.01
2002-03-10 23:30:00-06:00,2002,3,10,23,30,0.0,0.0,0.0,15.0,6.0,69.0,0.01
2002-03-11 00:30:00-06:00,2002,3,11,0,30,0.0,0.0,0.0,15.0,5.6000000000000005,75.0,0.01
2002-03-11 01:30:00-06:00,2002,3,11,1,30,0.0,0.0,0.0,15.0,5.0,78.0,0.01
2002-03-11 02:30:00-06:00,2002,3,11,2,30,0.0,0.0,0.0,15.0,4.7,78.0,0.01
2002-03-11 03:30:00-06:00,2002,3,11,3,30,0.0,0.0,0.0,15.0,4.800000000000001,82.0,0.01
2002-03-11 04:30:00-06:00,2002,3,11,4,30,0.0,0.0,0.0,15.0,4.800000000000001,91.0,0.01
2002-03-11 05:30:00-06:00,2002,3,11,5,30,0.0,0.0,0.0,15.0,4.5,96.0,0.01
2002-03-11 06:30:00-06:00,2002,3,11,6,30,22.0,96.0,18.0,16.0,4.6000000000000005,97.0,0.01
2002-03-11 07:30:00-06:00,2002,3,11,7,30,214.0,527.0,74.0,16.0,4.9,101.0,0.01
2002-03-11 08:30:00-06:00,2002,3,11,8,30,434.0,710.0,102.0,17.0,5.0,108.0,0.01
2002-03-11 09:30:00-06:00,2002,3,11,9,30,630.0,807.0,116.0,17.0,5.0,116.0,0.01
2002-03-11 10:30:00-06:00,2002,3,11,10,30,777.0,859.0,124.0,18.0,4.7,122.0,0.01
2002-03-11 11:30:00-06:00,2002,3,11,11,30,859.0,879.0,130.0,18.0,4.4,126.0,0.01
2002-03-11 12:30:00-06:00,2002,3,11,12,30,744.0,491.0,332.0,18.0,4.1000000000000005,128.0,0.01
2002-03-11 13:30:00-06:00,2002,3,11,13,30,729.0,569.0,278.0,18.0,3.9,130.0,0.01
2002-03-11 14:30:00-06:00,2002,3,11,14,30,419.0,132.0,328.0,19.0,3.9,130.0,0.01
2002-03-11 15:30:00-06:00,2002,3,11,15,30,294.0,105.0,238.0,19.0,4.2,129.0,0.01
2002-03-11 16:30:00-06:00,2002,3,11,16,30,126.0,10.0,122.0,18.0,4.4,129.0,0.01
2002-03-11 17:30:00-06:00,2002,3,11,17,30,70.0,199.0,45.0,18.0,4.4,128.0,0.01
2002-03-11 18:30:00-06:00,2002,3,11,18,30,0.0,0.0,0.0,18.0,4.6000000000000005,129.0,0.01
2002-03-11 19:30:00-06:00,2002,3,11,19,30,0.0,0.0,0.0,18.0,5.0,131.0,0.01
2002-03-11 20:30:00-06:00,2002,3,11,20,30,0.0,0.0,0.0,19.0,5.6000000000000005,134.0,0.01
2002-03-11 21:30:00-06:00,2002,3,11,21,30,0.0,0.0,0.0,19.0,6.0,136.0,0.01
2002-03-11 22:30:00-06:00,2002,3,11,22,30,0.0,0.0,0.0,19.0,5.800000000000001,143.0,0.01
2002-03-11 23:30:00-06:00,2002,3,11,23,30,0.0,0.0,0.0,19.0,5.4,151.0,0.01
2002-03-12 00:30:00-06:00,2002,3,12,0,30,0.0,0.0,0.0,19.0,5.1000000000000005,159.0,0.01
2002-03-12 01:30:00-06:00,2002,3,12,1,30,0.0,0.0,0.0,19.0,5.1000000000000005,167.0,0.01
2002-03-12 02:30:00-06:00,2002,3,12,2,30,0.0,0.0,0.0,19.0,5.300000000000001,177.0,0.01
2002-03-12 03:30:00-06:00,2002,3,12,3,30,0.0,0.0,0.0,20.0,5.5,191.0,0.01
2002-03-12 04:30:00-06:00,2002,3,12,4,30,0.0,0.0,0.0,20.0,5.800000000000001,203.0,0.01
2002-03-12 05:30:00-06:00,2002,3,12,5,30,0.0,0.0,0.0,20.0,6.0,210.0,0.01
2002-03-12 06:30:00-06:00,2002,3,12,6,30,0.0,0.0,0.0,20.0,6.1000000000000005,215.0,0.01
2002-03-12 07:30:00-06:00,2002,3,12,7,30,4.0,0.0,4.0,20.0,6.1000000000000005,219.0,0.01
2002-03-12 08:30:00-06:00,2002,3,12,8,30,49.0,0.0,49.0,20.0,6.1000000000000005,222.0,0.01
2002-03-12 09:30:00-06:00,2002,3,12,9,30,162.0,0.0,162.0,20.0,6.1000000000000005,226.0,0.01
2002-03-12 10:30:00-06:00,2002,3,12,10,30,762.0,816.0,139.0,19.0,6.1000000000000005,234.0,0.01
2002-03-12 11:30:00-06:00,2002,3,12,11,30,724.0,461.0,340.0,19.0,6.300000000000001,245.0,0.01
2002-03-12 12:30:00-06:00,2002,3,12,12,30,872.0,869.0,139.0,19.0,6.5,256.0,0.01
2002-03-12 13:30:00-06:00,2002,3,12,13,30,826.0,881.0,126.0,19.0,6.9,262.0,0.01
2002-03-12 14:30:00-06:00,2002,3,12,14,30,709.0,863.0,113.0,18.0,7.2,265.0,0.01
2002-03-12 15:30:00-06:00,2002,3,12,15,30,526.0,791.0,102.0,18.0,7.1000000000000005,265.0,0.01
2002-03-12 16:30:00-06:00,2002,3,12,16,30,307.0,660.0,79.0,18.0,6.6000000000000005,267.0,0.01
2002-03-12 17:30:00-06:00,2002,3,12,17,30,87.0,356.0,41.0,18.0,6.2,270.0,0.01
2002-03-12 18:30:00-06:00,2002,3,12,18,30,0.0,0.0,0.0,18.0,6.4,277.0,0.01
2002-03-12 19:30:00-06:00,2002,3,12,19,30,0.0,0.0,0.0,17.0,7.1000000000000005,290.0,0.01
2002-03-12 20:30:00-06:00,2002,3,12,20,30,0.0,0.0,0.0,16.0,7.800000000000001,310.0,0.01
2002-03-12 21:30:00-06:00,2002,3,12,21,30,0.0,0.0,0.0,15.0,7.800000000000001,325.0,0.01
2002-03-12 22:30:00-06:00,2002,3,12,22,30,0.0,0.0,0.0,14.0,7.2,332.0,0.01
2002-03-12 23:30:00-06:00,2002,3,12,23,30,0.0,0.0,0.0,14.0,6.7,333.0,0.01
2002-03-13 00:30:00-06:00,2002,3,13,0,30,0.0,0.0,0.0,14.0,6.5,330.0,0.01
2002-03-13 01:30:00-06:00,2002,3,13,1,30,0.0,0.0,0.0,13.0,6.6000000000000005,328.0,0.01
2002-03-13 02:30:00-06:00,2002,3,13,2,30,0.0,0.0,0.0,13.0,6.300000000000001,328.0,0.01
2002-03-13 03:30:00-06:00,2002,3,13,3,30,0.0,0.0,0.0,13.0,5.800000000000001,330.0,0.01
2002-03-13 04:30:00-06:00,2002,3,13,4,30,0.0,0.0,0.0,13.0,5.2,334.0,0.01
2002-03-13 05:30:00-06:00,2002,3,13,5,30,0.0,0.0,0.0,13.0,4.5,340.0,0.01
2002-03-13 06:30:00-06:00,2002,3,13,6,30,6.0,0.0,6.0,13.0,3.8,348.0,0.01
2002-03-13 07:30:00-06:00,2002,3,13,7,30,45.0,0.0,45.0,13.0,3.2,354.0,0.01
2002-03-13 08:30:00-06:00,2002,3,13,8,30,109.0,0.0,109.0,13.0,2.5,359.0,0.01
2002-03-13 09:30:00-06:00,2002,3,13,9,30,212.0,8.0,207.0,13.0,1.6,7.0,0.01
2002-03-13 10:30:00-06:00,2002,3,13,10,30,378.0,50.0,339.0,13.0,0.8,18.0,0.01
2002-03-13 11:30:00-06:00,2002,3,13,11,30,471.0,81.0,403.0,14.0,0.3,29.0,0.01
2002-03-13 12:30:00-06:00,2002,3,13,12,30,700.0,362.0,393.0,14.0,0.2,34.0,0.01
2002-03-13 13:30:00-06:00,2002,3,13,13,30,666.0,386.0,358.0,14.0,0.3,42.0,0.01
2002-03-13 14:30:00-06:00,2002,3,13,14,30,469.0,198.0,332.0,14.0,0.7000000000000001,55.0,0.01
2002-03-13 15:30:00-06:00,2002,3,13,15,30,435.0,442.0,196.0,14.0,1.1,73.0,0.01
2002-03-13 16:30:00-06:00,2002,3,13,16,30,322.0,724.0,70.0,14.0,1.4,94.0,0.01
2002-03-13 17:30:00-06:00,2002,3,13,17,30,94.0,427.0,39.0,14.0,1.7000000000000002,115.0,0.01
2002-03-13 18:30:00-06:00,2002,3,13,18,30,0.0,0.0,0.0,14.0,2.0,132.0,0.02
2002-03-13 19:30:00-06:00,2002,3,13,19,30,0.0,0.0,0.0,14.0,2.3000000000000003,142.0,0.02
2002-03-13 20:30:00-06:00,2002,3,13,20,30,0.0,0.0,0.0,15.0,2.6,147.0,0.02
2002-03-13 21:30:00-06:00,2002,3,13,21,30,0.0,0.0,0.0,15.0,3.0,146.0,0.02
2002-03-13 22:30:00-06:00,2002,3,13,22,30,0.0,0.0,0.0,15.0,3.3000000000000003,145.0,0.02
2002-03-13 23:30:00-06:00,2002,3,13,23,30,0.0,0.0,0.0,15.0,3.5,146.0,0.02
2002-03-14 00:30:00-06:00,2002,3,14,0,30,0.0,0.0,0.0,16.0,3.8,146.0,0.02
2002-03-14 01:30:00-06:00,2002,3,14,1,30,0.0,0.0,0.0,16.0,4.1000000000000005,144.0,0.02
2002-03-14 02:30:00-06:00,2002,3,14,2,30,0.0,0.0,0.0,16.0,4.4,140.0,0.02
2002-03-14 03:30:00-06:00,2002,3,14,3,30,0.0,0.0,0.0,16.0,4.5,139.0,0.02
2002-03-14 04:30:00-06:00,2002,3,14,4,30,0.0,0.0,0.0,17.0,4.5,142.0,0.02
2002-03-14 05:30:00-06:00,2002,3,14,5,30,0.0,0.0,0.0,17.0,4.4,147.0,0.02
2002-03-14 06:30:00-06:00,2002,3,14,6,30,33.0,235.0,21.0,18.0,4.3,150.0,0.02
2002-03-14 07:30:00-06:00,2002,3,14,7,30,221.0,562.0,65.0,18.0,4.1000000000000005,149.0,0.02
2002-03-14 08:30:00-06:00,2002,3,14,8,30,313.0,222.0,206.0,19.0,4.0,150.0,0.02
2002-03-14 09:30:00-06:00,2002,3,14,9,30,500.0,338.0,281.0,19.0,4.0,149.0,0.02
2002-03-14 10:30:00-06:00,2002,3,14,10,30,590.0,290.0,366.0,19.0,4.0,148.0,0.02
2002-03-14 11:30:00-06:00,2002,3,14,11,30,759.0,516.0,325.0,20.0,4.1000000000000005,147.0,0.02
2002-03-14 12:30:00-06:00,2002,3,14,12,30,736.0,475.0,332.0,20.0,4.3,146.0,0.02
2002-03-14 13:30:00-06:00,2002,3,14,13,30,544.0,177.0,401.0,20.0,4.4,145.0,0.02
2002-03-14 14:30:00-06:00,2002,3,14,14,30,572.0,406.0,290.0,20.0,4.5,141.0,0.02
2002-03-14 15:30:00-06:00,2002,3,14,15,30,535.0,819.0,91.0,20.0,4.7,137.0,0.02
2002-03-14 16:30:00-06:00,2002,3,14,16,30,313.0,681.0,74.0,20.0,5.0,134.0,0.02
2002-03-14 17:30:00-06:00,2002,3,14,17,30,65.0,128.0,48.0,20.0,5.300000000000001,132.0,0.02
2002-03-14 18:30:00-06:00,2002,3,14,18,30,0.0,0.0,0.0,20.0,5.5,135.0,0.02
2002-03-14 19:30:00-06:00,2002,3,14,19,30,0.0,0.0,0.0,20.0,5.6000000000000005,141.0,0.02
2002-03-14 20:30:00-06:00,2002,3,14,20,30,0.0,0.0,0.0,20.0,5.800000000000001,148.0,0.02
2002-03-14 21:30:00-06:00,2002,3,14,21,30,0.0,0.0,0.0,21.0,5.800000000000001,155.0,0.02
2002-03-14 22:30:00-06:00,2002,3,14,22,30,0.0,0.0,0.0,21.0,5.6000000000000005,158.0,0.02
2002-03-14 23:30:00-06:00,2002,3,14,23,30,0.0,0.0,0.0,21.0,5.6000000000000005,161.0,0.02
2002-03-15 00:30:00-06:00,2002,3,15,0,30,0.0,0.0,0.0,21.0,5.9,161.0,0.02
2002-03-15 01:30:00-06:00,2002,3,15,1,30,0.0,0.0,0.0,20.0,5.9,160.0,0.02
2002-03-15 02:30:00-06:00,2002,3,15,2,30,0.0,0.0,0.0,20.0,5.6000000000000005,159.0,0.02
2002-03-15 03:30:00-06:00,2002,3,15,3,30,0.0,0.0,0.0,20.0,5.300000000000001,159.0,0.02
2002-03-15 04:30:00-06:00,2002,3,15,4,30,0.0,0.0,0.0,20.0,5.1000000000000005,157.0,0.02
2002-03-15 05:30:00-06:00,2002,3,15,5,30,0.0,0.0,0.0,20.0,5.0,154.0,0.02
2002-03-15 06:30:00-06:00,2002,3,15,6,30,32.0,140.0,23.0,20.0,4.800000000000001,150.0,0.02
2002-03-15 07:30:00-06:00,2002,3,15,7,30,227.0,539.0,74.0,21.0,4.800000000000001,145.0,0.02
2002-03-15 08:30:00-06:00,2002,3,15,8,30,441.0,694.0,105.0,21.0,5.1000000000000005,143.0,0.02
2002-03-15 09:30:00-06:00,2002,3,15,9,30,632.0,780.0,123.0,21.0,5.300000000000001,142.0,0.02
2002-03-15 10:30:00-06:00,2002,3,15,10,30,777.0,836.0,129.0,21.0,5.5,142.0,0.02
2002-03-15 11:30:00-06:00,2002,3,15,11,30,859.0,862.0,132.0,21.0,5.6000000000000005,145.0,0.02
2002-03-15 12:30:00-06:00,2002,3,15,12,30,868.0,854.0,139.0,21.0,5.6000000000000005,149.0,0.02
2002-03-15 13:30:00-06:00,2002,3,15,13,30,812.0,848.0,129.0,22.0,5.6000000000000005,150.0,0.02
2002-03-15 14:30:00-06:00,2002,3,15,14,30,688.0,811.0,120.0,21.0,5.5,148.0,0.02
2002-03-15 15:30:00-06:00,2002,3,15,15,30,515.0,768.0,97.0,21.0,5.4,145.0,0.02
2002-03-15 16:30:00-06:00,2002,3,15,16,30,302.0,641.0,76.0,21.0,5.4,142.0,0.02
2002-03-15 17:30:00-06:00,2002,3,15,17,30,86.0,325.0,43.0,21.0,5.6000000000000005,142.0,0.02
2002-03-15 18:30:00-06:00,2002,3,15,18,30,0.0,0.0,0.0,21.0,5.800000000000001,143.0,0.02
2002-03-15 19:30:00-06:00,2002,3,15,19,30,0.0,0.0,0.0,21.0,5.9,144.0,0.02
2002-03-15 20:30:00-06:00,2002,3,15,20,30,0.0,0.0,0.0,21.0,5.9,146.0,0.02
2002-03-15 21:30:00-06:00,2002,3,15,21,30,0.0,0.0,0.0,21.0,5.9,147.0,0.02
2002-03-15 22:30:00-06:00,2002,3,15,22,30,0.0,0.0,0.0,21.0,5.9,149.0,0.02
2002-03-15 23:30:00-06:00,2002,3,15,23,30,0.0,0.0,0.0,21.0,5.7,151.0,0.02
2002-03-16 00:30:00-06:00,2002,3,16,0,30,0.0,0.0,0.0,21.0,5.300000000000001,153.0,0.02
2002-03-16 01:30:00-06:00,2002,3,16,1,30,0.0,0.0,0.0,21.0,4.6000000000000005,154.0,0.02
2002-03-16 02:30:00-06:00,2002,3,16,2,30,0.0,0.0,0.0,21.0,3.9,155.0,0.02
2002-03-16 03:30:00-06:00,2002,3,16,3,30,0.0,0.0,0.0,21.0,3.4000000000000004,156.0,0.02
2002-03-16 04:30:00-06:00,2002,3,16,4,30,0.0,0.0,0.0,21.0,3.2,157.0,0.02
2002-03-16 05:30:00-06:00,2002,3,16,5,30,0.0,0.0,0.0,21.0,3.4000000000000004,160.0,0.02
2002-03-16 06:30:00-06:00,2002,3,16,6,30,31.0,80.0,26.0,21.0,3.6,163.0,0.02
2002-03-16 07:30:00-06:00,2002,3,16,7,30,222.0,468.0,88.0,22.0,3.9,164.0,0.02
2002-03-16 08:30:00-06:00,2002,3,16,8,30,401.0,497.0,158.0,22.0,4.0,167.0,0.02
2002-03-16 09:30:00-06:00,2002,3,16,9,30,442.0,203.0,309.0,22.0,4.0,168.0,0.02
2002-03-16 10:30:00-06:00,2002,3,16,10,30,770.0,784.0,158.0,22.0,3.8,165.0,0.02
2002-03-16 11:30:00-06:00,2002,3,16,11,30,753.0,492.0,335.0,22.0,3.6,163.0,0.02
2002-03-16 12:30:00-06:00,2002,3,16,12,30,597.0,187.0,436.0,22.0,3.6,163.0,0.02
2002-03-16 13:30:00-06:00,2002,3,16,13,30,706.0,484.0,315.0,22.0,3.7,161.0,0.02
2002-03-16 14:30:00-06:00,2002,3,16,14,30,509.0,256.0,329.0,22.0,4.0,157.0,0.02
2002-03-16 15:30:00-06:00,2002,3,16,15,30,411.0,343.0,223.0,22.0,4.3,154.0,0.02
2002-03-16 16:30:00-06:00,2002,3,16,16,30,302.0,610.0,86.0,22.0,4.6000000000000005,150.0,0.02
2002-03-16 17:30:00-06:00,2002,3,16,17,30,89.0,310.0,46.0,22.0,5.0,147.0,0.02
2002-03-16 18:30:00-06:00,2002,3,16,18,30,0.0,0.0,0.0,22.0,5.300000000000001,147.0,0.02
2002-03-16 19:30:00-06:00,2002,3,16,19,30,0.0,0.0,0.0,22.0,5.300000000000001,148.0,0.02
2002-03-16 20:30:00-06:00,2002,3,16,20,30,0.0,0.0,0.0,22.0,5.1000000000000005,151.0,0.02
2002-03-16 21:30:00-06:00,2002,3,16,21,30,0.0,0.0,0.0,22.0,5.1000000000000005,155.0,0.02
2002-03-16 22:30:00-06:00,2002,3,16,22,30,0.0,0.0,0.0,22.0,5.7,156.0,0.02
2002-03-16 23:30:00-06:00,2002,3,16,23,30,0.0,0.0,0.0,22.0,6.1000000000000005,154.0,0.02
2002-03-17 00:30:00-06:00,2002,3,17,0,30,0.0,0.0,0.0,22.0,5.4,153.0,0.02
2002-03-17 01:30:00-06:00,2002,3,17,1,30,0.0,0.0,0.0,22.0,4.1000000000000005,155.0,0.02
2002-03-17 02:30:00-06:00,2002,3,17,2,30,0.0,0.0,0.0,22.0,3.4000000000000004,156.0,0.02
2002-03-17 03:30:00-06:00,2002,3,17,3,30,0.0,0.0,0.0,22.0,3.3000000000000003,153.0,0.02
2002-03-17 04:30:00-06:00,2002,3,17,4,30,0.0,0.0,0.0,22.0,3.8,149.0,0.02
2002-03-17 05:30:00-06:00,2002,3,17,5,30,0.0,0.0,0.0,22.0,4.7,143.0,0.02
2002-03-17 06:30:00-06:00,2002,3,17,6,30,37.0,143.0,27.0,22.0,5.4,140.0,0.02
2002-03-17 07:30:00-06:00,2002,3,17,7,30,196.0,334.0,99.0,22.0,5.6000000000000005,142.0,0.02
2002-03-17 08:30:00-06:00,2002,3,17,8,30,396.0,459.0,169.0,22.0,5.6000000000000005,145.0,0.02
2002-03-17 09:30:00-06:00,2002,3,17,9,30,654.0,812.0,117.0,22.0,5.6000000000000005,149.0,0.02
2002-03-17 10:30:00-06:00,2002,3,17,10,30,799.0,861.0,125.0,22.0,5.300000000000001,153.0,0.02
2002-03-17 11:30:00-06:00,2002,3,17,11,30,881.0,885.0,128.0,23.0,4.9,156.0,0.02
2002-03-17 12:30:00-06:00,2002,3,17,12,30,893.0,888.0,128.0,23.0,4.6000000000000005,158.0,0.02
2002-03-17 13:30:00-06:00,2002,3,17,13,30,833.0,874.0,124.0,23.0,4.6000000000000005,158.0,0.02
2002-03-17 14:30:00-06:00,2002,3,17,14,30,706.0,836.0,117.0,23.0,4.5,157.0,0.02
2002-03-17 15:30:00-06:00,2002,3,17,15,30,525.0,764.0,105.0,22.0,4.4,155.0,0.02
2002-03-17 16:30:00-06:00,2002,3,17,16,30,209.0,180.0,145.0,22.0,4.1000000000000005,153.0,0.02
2002-03-17 17:30:00-06:00,2002,3,17,17,30,88.0,289.0,48.0,22.0,4.1000000000000005,149.0,0.02
2002-03-17 18:30:00-06:00,2002,3,17,18,30,0.0,0.0,0.0,22.0,4.3,146.0,0.02
2002-03-17 19:30:00-06:00,2002,3,17,19,30,0.0,0.0,0.0,22.0,4.6000000000000005,144.0,0.02
2002-03-17 20:30:00-06:00,2002,3,17,20,30,0.0,0.0,0.0,22.0,4.7,144.0,0.02
2002-03-17 21:30:00-06:00,2002,3,17,21,30,0.0,0.0,0.0,22.0,5.1000000000000005,144.0,0.02
2002-03-17 22:30:00-06:00,2002,3,17,22,30,0.0,0.0,0.0,22.0,5.5,143.0,0.02
2002-03-17 23:30:00-06:00,2002,3,17,23,30,0.0,0.0,0.0,22.0,5.6000000000000005,142.0,0.02
2002-03-18 00:30:00-06:00,2002,3,18,0,30,0.0,0.0,0.0,21.0,5.5,142.0,0.02
2002-03-18 01:30:00-06:00,2002,3,18,1,30,0.0,0.0,0.0,21.0,5.4,143.0,0.02
2002-03-18 02:30:00-06:00,2002,3,18,2,30,0.0,0.0,0.0,21.0,5.1000000000000005,145.0,0.02
2002-03-18 03:30:00-06:00,2002,3,18,3,30,0.0,0.0,0.0,21.0,4.9,146.0,0.02
2002-03-18 04:30:00-06:00,2002,3,18,4,30,0.0,0.0,0.0,21.0,4.6000000000000005,144.0,0.02
2002-03-18 05:30:00-06:00,2002,3,18,5,30,0.0,0.0,0.0,21.0,4.5,140.0,0.02
2002-03-18 06:30:00-06:00,2002,3,18,6,30,39.0,164.0,27.0,21.0,4.6000000000000005,136.0,0.02
2002-03-18 07:30:00-06:00,2002,3,18,7,30,141.0,82.0,116.0,21.0,4.7,134.0,0.02
2002-03-18 08:30:00-06:00,2002,3,18,8,30,418.0,536.0,151.0,22.0,4.6000000000000005,136.0,0.02
2002-03-18 09:30:00-06:00,2002,3,18,9,30,570.0,501.0,236.0,22.0,4.4,137.0,0.02
2002-03-18 10:30:00-06:00,2002,3,18,10,30,724.0,574.0,272.0,22.0,4.0,139.0,0.02
2002-03-18 11:30:00-06:00,2002,3,18,11,30,773.0,515.0,333.0,22.0,3.8,140.0,0.02
2002-03-18 12:30:00-06:00,2002,3,18,12,30,801.0,544.0,331.0,22.0,3.6,140.0,0.02
2002-03-18 13:30:00-06:00,2002,3,18,13,30,747.0,555.0,295.0,22.0,3.5,141.0,0.02
2002-03-18 14:30:00-06:00,2002,3,18,14,30,719.0,855.0,114.0,22.0,3.5,141.0,0.02
2002-03-18 15:30:00-06:00,2002,3,18,15,30,537.0,795.0,98.0,22.0,3.5,140.0,0.02
2002-03-18 16:30:00-06:00,2002,3,18,16,30,320.0,681.0,75.0,22.0,3.6,138.0,0.02
2002-03-18 17:30:00-06:00,2002,3,18,17,30,99.0,410.0,41.0,22.0,4.1000000000000005,135.0,0.02
2002-03-18 18:30:00-06:00,2002,3,18,18,30,0.0,0.0,0.0,22.0,4.7,134.0,0.02
2002-03-18 19:30:00-06:00,2002,3,18,19,30,0.0,0.0,0.0,22.0,5.2,135.0,0.02
2002-03-18 20:30:00-06:00,2002,3,18,20,30,0.0,0.0,0.0,22.0,5.5,137.0,0.02
2002-03-18 21:30:00-06:00,2002,3,18,21,30,0.0,0.0,0.0,22.0,5.6000000000000005,138.0,0.02
2002-03-18 22:30:00-06:00,2002,3,18,22,30,0.0,0.0,0.0,22.0,5.800000000000001,140.0,0.02
2002-03-18 23:30:00-06:00,2002,3,18,23,30,0.0,0.0,0.0,22.0,5.800000000000001,142.0,0.02
2002-03-19 00:30:00-06:00,2002,3,19,0,30,0.0,0.0,0.0,22.0,5.9,143.0,0.02
2002-03-19 01:30:00-06:00,2002,3,19,1,30,0.0,0.0,0.0,22.0,5.9,147.0,0.02
2002-03-19 02:30:00-06:00,2002,3,19,2,30,0.0,0.0,0.0,22.0,5.7,149.0,0.02
2002-03-19 03:30:00-06:00,2002,3,19,3,30,0.0,0.0,0.0,22.0,5.7,150.0,0.02
2002-03-19 04:30:00-06:00,2002,3,19,4,30,0.0,0.0,0.0,22.0,5.6000000000000005,149.0,0.02
2002-03-19 05:30:00-06:00,2002,3,19,5,30,0.0,0.0,0.0,22.0,5.5,148.0,0.02
2002-03-19 06:30:00-06:00,2002,3,19,6,30,45.0,196.0,30.0,22.0,5.4,145.0,0.02
2002-03-19 07:30:00-06:00,2002,3,19,7,30,254.0,608.0,72.0,22.0,5.4,141.0,0.02
2002-03-19 08:30:00-06:00,2002,3,19,8,30,407.0,474.0,169.0,22.0,5.6000000000000005,139.0,0.02
2002-03-19 09:30:00-06:00,2002,3,19,9,30,676.0,856.0,103.0,23.0,5.7,138.0,0.02
2002-03-19 10:30:00-06:00,2002,3,19,10,30,823.0,902.0,109.0,23.0,5.7,137.0,0.02
2002-03-19 11:30:00-06:00,2002,3,19,11,30,905.0,925.0,110.0,23.0,5.7,136.0,0.02
2002-03-19 12:30:00-06:00,2002,3,19,12,30,916.0,930.0,108.0,23.0,5.7,137.0,0.02
2002-03-19 13:30:00-06:00,2002,3,19,13,30,854.0,918.0,104.0,23.0,5.800000000000001,137.0,0.02
2002-03-19 14:30:00-06:00,2002,3,19,14,30,726.0,883.0,98.0,23.0,5.9,138.0,0.02
2002-03-19 15:30:00-06:00,2002,3,19,15,30,543.0,818.0,88.0,23.0,5.9,137.0,0.02
2002-03-19 16:30:00-06:00,2002,3,19,16,30,323.0,693.0,73.0,22.0,5.800000000000001,136.0,0.02
2002-03-19 17:30:00-06:00,2002,3,19,17,30,100.0,399.0,43.0,22.0,5.6000000000000005,133.0,0.02
2002-03-19 18:30:00-06:00,2002,3,19,18,30,0.0,0.0,0.0,22.0,5.5,132.0,0.02
2002-03-19 19:30:00-06:00,2002,3,19,19,30,0.0,0.0,0.0,22.0,5.800000000000001,133.0,0.02
2002-03-19 20:30:00-06:00,2002,3,19,20,30,0.0,0.0,0.0,22.0,6.1000000000000005,135.0,0.02
2002-03-19 21:30:00-06:00,2002,3,19,21,30,0.0,0.0,0.0,22.0,6.2,136.0,0.02
2002-03-19 22:30:00-06:00,2002,3,19,22,30,0.0,0.0,0.0,22.0,6.300000000000001,138.0,0.02
2002-03-19 23:30:00-06:00,2002,3,19,23,30,0.0,0.0,0.0,22.0,6.2,139.0,0.02
2002-03-20 00:30:00-06:00,2002,3,20,0,30,0.0,0.0,0.0,22.0,5.9,142.0,0.02
2002-03-20 01:30:00-06:00,2002,3,20,1,30,0.0,0.0,0.0,22.0,5.4,145.0,0.02
2002-03-20 02:30:00-06:00,2002,3,20,2,30,0.0,0.0,0.0,22.0,4.7,148.0,0.02
2002-03-20 03:30:00-06:00,2002,3,20,3,30,0.0,0.0,0.0,22.0,4.1000000000000005,150.0,0.02
2002-03-20 04:30:00-06:00,2002,3,20,4,30,0.0,0.0,0.0,22.0,3.7,150.0,0.02
2002-03-20 05:30:00-06:00,2002,3,20,5,30,0.0,0.0,0.0,22.0,3.8,147.0,0.02
2002-03-20 06:30:00-06:00,2002,3,20,6,30,35.0,65.0,30.0,22.0,4.1000000000000005,142.0,0.02
2002-03-20 07:30:00-06:00,2002,3,20,7,30,190.0,253.0,113.0,22.0,4.3,138.0,0.02
2002-03-20 08:30:00-06:00,2002,3,20,8,30,249.0,68.0,215.0,22.0,4.5,136.0,0.02
2002-03-20 09:30:00-06:00,2002,3,20,9,30,84.0,0.0,84.0,23.0,4.6000000000000005,140.0,0.02
2002-03-20 10:30:00-06:00,2002,3,20,10,30,337.0,28.0,315.0,23.0,5.0,145.0,0.02
2002-03-20 11:30:00-06:00,2002,3,20,11,30,781.0,513.0,339.0,23.0,5.300000000000001,150.0,0.02
2002-03-20 12:30:00-06:00,2002,3,20,12,30,757.0,454.0,361.0,23.0,5.6000000000000005,159.0,0.02
2002-03-20 13:30:00-06:00,2002,3,20,13,30,732.0,513.0,312.0,23.0,5.9,167.0,0.02
2002-03-20 14:30:00-06:00,2002,3,20,14,30,700.0,806.0,125.0,23.0,6.0,174.0,0.02
2002-03-20 15:30:00-06:00,2002,3,20,15,30,392.0,270.0,241.0,23.0,5.800000000000001,180.0,0.02
2002-03-20 16:30:00-06:00,2002,3,20,16,30,151.0,32.0,139.0,23.0,5.800000000000001,186.0,0.02
2002-03-20 17:30:00-06:00,2002,3,20,17,30,92.0,279.0,51.0,22.0,6.0,192.0,0.02
2002-03-20 18:30:00-06:00,2002,3,20,18,30,0.0,0.0,0.0,22.0,6.2,199.0,0.02
2002-03-20 19:30:00-06:00,2002,3,20,19,30,0.0,0.0,0.0,22.0,6.1000000000000005,206.0,0.02
2002-03-20 20:30:00-06:00,2002,3,20,20,30,0.0,0.0,0.0,22.0,5.9,214.0,0.02
2002-03-20 21:30:00-06:00,2002,3,20,21,30,0.0,0.0,0.0,22.0,5.7,226.0,0.02
2002-03-20 22:30:00-06:00,2002,3,20,22,30,0.0,0.0,0.0,21.0,5.800000000000001,243.0,0.02
2002-03-20 23:30:00-06:00,2002,3,20,23,30,0.0,0.0,0.0,21.0,6.0,260.0,0.02
2002-03-21 00:30:00-06:00,2002,3,21,0,30,0.0,0.0,0.0,21.0,6.1000000000000005,280.0,0.02
2002-03-21 01:30:00-06:00,2002,3,21,1,30,0.0,0.0,0.0,20.0,6.4,300.0,0.02
2002-03-21 02:30:00-06:00,2002,3,21,2,30,0.0,0.0,0.0,19.0,6.9,320.0,0.02
2002-03-21 03:30:00-06:00,2002,3,21,3,30,0.0,0.0,0.0,19.0,7.5,335.0,0.02
2002-03-21 04:30:00-06:00,2002,3,21,4,30,0.0,0.0,0.0,18.0,8.200000000000001,346.0,0.02
2002-03-21 05:30:00-06:00,2002,3,21,5,30,0.0,0.0,0.0,18.0,8.6,357.0,0.02
2002-03-21 06:30:00-06:00,2002,3,21,6,30,6.0,0.0,6.0,18.0,8.700000000000001,6.0,0.02
2002-03-21 07:30:00-06:00,2002,3,21,7,30,24.0,0.0,24.0,18.0,8.6,12.0,0.02
2002-03-21 08:30:00-06:00,2002,3,21,8,30,122.0,0.0,122.0,19.0,8.3,17.0,0.02
2002-03-21 09:30:00-06:00,2002,3,21,9,30,137.0,0.0,137.0,19.0,8.0,18.0,0.02
2002-03-21 10:30:00-06:00,2002,3,21,10,30,413.0,63.0,362.0,19.0,7.6,17.0,0.02
2002-03-21 11:30:00-06:00,2002,3,21,11,30,327.0,21.0,309.0,19.0,7.300000000000001,15.0,0.02
2002-03-21 12:30:00-06:00,2002,3,21,12,30,263.0,12.0,252.0,19.0,7.1000000000000005,13.0,0.02
2002-03-21 13:30:00-06:00,2002,3,21,13,30,368.0,33.0,340.0,20.0,6.9,11.0,0.02
2002-03-21 14:30:00-06:00,2002,3,21,14,30,343.0,47.0,308.0,20.0,6.800000000000001,9.0,0.02
2002-03-21 15:30:00-06:00,2002,3,21,15,30,375.0,226.0,248.0,20.0,6.7,8.0,0.02
2002-03-21 16:30:00-06:00,2002,3,21,16,30,335.0,730.0,67.0,21.0,6.7,8.0,0.02
2002-03-21 17:30:00-06:00,2002,3,21,17,30,109.0,465.0,40.0,20.0,7.1000000000000005,6.0,0.02
2002-03-21 18:30:00-06:00,2002,3,21,18,30,0.0,0.0,0.0,20.0,7.800000000000001,4.0,0.02
2002-03-21 19:30:00-06:00,2002,3,21,19,30,0.0,0.0,0.0,19.0,8.5,2.0,0.02
2002-03-21 20:30:00-06:00,2002,3,21,20,30,0.0,0.0,0.0,19.0,8.9,3.0,0.02
2002-03-21 21:30:00-06:00,2002,3,21,21,30,0.0,0.0,0.0,18.0,8.9,6.0,0.02
2002-03-21 22:30:00-06:00,2002,3,21,22,30,0.0,0.0,0.0,18.0,8.9,10.0,0.02
2002-03-21 23:30:00-06:00,2002,3,21,23,30,0.0,0.0,0.0,17.0,9.2,14.0,0.02
2002-03-22 00:30:00-06:00,2002,3,22,0,30,0.0,0.0,0.0,16.0,9.6,17.0,0.02
2002-03-22 01:30:00-06:00,2002,3,22,1,30,0.0,0.0,0.0,16.0,10.0,19.0,0.02
2002-03-22 02:30:00-06:00,2002,3,22,2,30,0.0,0.0,0.0,15.0,10.2,19.0,0.02
2002-03-22 03:30:00-06:00,2002,3,22,3,30,0.0,0.0,0.0,14.0,10.2,19.0,0.02
2002-03-22 04:30:00-06:00,2002,3,22,4,30,0.0,0.0,0.0,13.0,10.1,18.0,0.02
2002-03-22 05:30:00-06:00,2002,3,22,5,30,0.0,0.0,0.0,13.0,10.0,18.0,0.02
2002-03-22 06:30:00-06:00,2002,3,22,6,30,62.0,368.0,28.0,12.0,9.8,17.0,0.02
2002-03-22 07:30:00-06:00,2002,3,22,7,30,291.0,744.0,58.0,12.0,9.5,17.0,0.02
2002-03-22 08:30:00-06:00,2002,3,22,8,30,528.0,887.0,72.0,12.0,9.0,17.0,0.02
2002-03-22 09:30:00-06:00,2002,3,22,9,30,733.0,957.0,80.0,12.0,8.5,18.0,0.02
2002-03-22 10:30:00-06:00,2002,3,22,10,30,883.0,994.0,85.0,12.0,8.0,19.0,0.02
2002-03-22 11:30:00-06:00,2002,3,22,11,30,966.0,1010.0,88.0,12.0,7.4,19.0,0.02
2002-03-22 12:30:00-06:00,2002,3,22,12,30,975.0,1011.0,88.0,13.0,6.9,18.0,0.02
2002-03-22 13:30:00-06:00,2002,3,22,13,30,909.0,996.0,86.0,13.0,6.7,15.0,0.02
2002-03-22 14:30:00-06:00,2002,3,22,14,30,775.0,964.0,82.0,14.0,6.4,11.0,0.02
2002-03-22 15:30:00-06:00,2002,3,22,15,30,584.0,907.0,74.0,14.0,6.1000000000000005,10.0,0.02
2002-03-22 16:30:00-06:00,2002,3,22,16,30,354.0,790.0,63.0,15.0,5.800000000000001,13.0,0.02
2002-03-22 17:30:00-06:00,2002,3,22,17,30,117.0,519.0,39.0,15.0,5.7,15.0,0.02
2002-03-22 18:30:00-06:00,2002,3,22,18,30,0.0,0.0,0.0,15.0,5.800000000000001,14.0,0.02
2002-03-22 19:30:00-06:00,2002,3,22,19,30,0.0,0.0,0.0,15.0,5.9,15.0,0.02
2002-03-22 20:30:00-06:00,2002,3,22,20,30,0.0,0.0,0.0,15.0,6.0,17.0,0.02
2002-03-22 21:30:00-06:00,2002,3,22,21,30,0.0,0.0,0.0,14.0,6.0,22.0,0.02
2002-03-22 22:30:00-06:00,2002,3,22,22,30,0.0,0.0,0.0,14.0,5.7,28.0,0.02
2002-03-22 23:30:00-06:00,2002,3,22,23,30,0.0,0.0,0.0,14.0,5.5,32.0,0.02
2002-03-23 00:30:00-06:00,2002,3,23,0,30,0.0,0.0,0.0,14.0,5.300000000000001,41.0,0.02
2002-03-23 01:30:00-06:00,2002,3,23,1,30,0.0,0.0,0.0,14.0,5.0,46.0,0.02
2002-03-23 02:30:00-06:00,2002,3,23,2,30,0.0,0.0,0.0,13.0,4.7,46.0,0.02
2002-03-23 03:30:00-06:00,2002,3,23,3,30,0.0,0.0,0.0,13.0,4.3,43.0,0.02
2002-03-23 04:30:00-06:00,2002,3,23,4,30,0.0,0.0,0.0,13.0,4.2,37.0,0.02
2002-03-23 05:30:00-06:00,2002,3,23,5,30,0.0,0.0,0.0,13.0,4.2,36.0,0.02
2002-03-23 06:30:00-06:00,2002,3,23,6,30,41.0,95.0,32.0,13.0,4.1000000000000005,41.0,0.02
2002-03-23 07:30:00-06:00,2002,3,23,7,30,222.0,365.0,106.0,14.0,4.0,43.0,0.02
2002-03-23 08:30:00-06:00,2002,3,23,8,30,401.0,399.0,194.0,14.0,3.8,50.0,0.02
2002-03-23 09:30:00-06:00,2002,3,23,9,30,586.0,495.0,246.0,14.0,3.4000000000000004,56.0,0.02
2002-03-23 10:30:00-06:00,2002,3,23,10,30,745.0,576.0,280.0,15.0,3.1,63.0,0.02
2002-03-23 11:30:00-06:00,2002,3,23,11,30,962.0,998.0,91.0,15.0,2.6,64.0,0.02
2002-03-23 12:30:00-06:00,2002,3,23,12,30,971.0,1000.0,91.0,15.0,1.9,62.0,0.02
2002-03-23 13:30:00-06:00,2002,3,23,13,30,907.0,989.0,88.0,15.0,1.4,62.0,0.02
2002-03-23 14:30:00-06:00,2002,3,23,14,30,775.0,961.0,83.0,15.0,1.3,65.0,0.02
2002-03-23 15:30:00-06:00,2002,3,23,15,30,586.0,906.0,74.0,15.0,1.3,71.0,0.02
2002-03-23 16:30:00-06:00,2002,3,23,16,30,357.0,797.0,62.0,15.0,1.4,82.0,0.02
2002-03-23 17:30:00-06:00,2002,3,23,17,30,120.0,538.0,38.0,15.0,1.7000000000000002,95.0,0.02
2002-03-23 18:30:00-06:00,2002,3,23,18,30,0.0,0.0,0.0,15.0,1.9,101.0,0.02
2002-03-23 19:30:00-06:00,2002,3,23,19,30,0.0,0.0,0.0,15.0,2.3000000000000003,109.0,0.02
2002-03-23 20:30:00-06:00,2002,3,23,20,30,0.0,0.0,0.0,15.0,2.9000000000000004,118.0,0.02
2002-03-23 21:30:00-06:00,2002,3,23,21,30,0.0,0.0,0.0,15.0,3.3000000000000003,123.0,0.02
2002-03-23 22:30:00-06:00,2002,3,23,22,30,0.0,0.0,0.0,15.0,3.5,130.0,0.02
2002-03-23 23:30:00-06:00,2002,3,23,23,30,0.0,0.0,0.0,15.0,3.5,139.0,0.02
2002-03-24 00:30:00-06:00,2002,3,24,0,30,0.0,0.0,0.0,16.0,3.6,144.0,0.02
2002-03-24 01:30:00-06:00,2002,3,24,1,30,0.0,0.0,0.0,16.0,3.7,145.0,0.02
2002-03-24 02:30:00-06:00,2002,3,24,2,30,0.0,0.0,0.0,16.0,3.6,143.0,0.02
2002-03-24 03:30:00-06:00,2002,3,24,3,30,0.0,0.0,0.0,16.0,3.6,138.0,0.02
2002-03-24 04:30:00-06:00,2002,3,24,4,30,0.0,0.0,0.0,16.0,3.9,132.0,0.02
2002-03-24 05:30:00-06:00,2002,3,24,5,30,0.0,0.0,0.0,17.0,4.2,128.0,0.02
2002-03-24 06:30:00-06:00,2002,3,24,6,30,67.0,371.0,31.0,17.0,4.6000000000000005,130.0,0.02
2002-03-24 07:30:00-06:00,2002,3,24,7,30,292.0,713.0,63.0,17.0,5.0,135.0,0.02
2002-03-24 08:30:00-06:00,2002,3,24,8,30,523.0,847.0,80.0,18.0,5.300000000000001,140.0,0.02
2002-03-24 09:30:00-06:00,2002,3,24,9,30,599.0,525.0,236.0,18.0,5.5,142.0,0.02
2002-03-24 10:30:00-06:00,2002,3,24,10,30,633.0,309.0,382.0,19.0,5.5,145.0,0.02
2002-03-24 11:30:00-06:00,2002,3,24,11,30,946.0,967.0,99.0,19.0,5.300000000000001,149.0,0.02
2002-03-24 12:30:00-06:00,2002,3,24,12,30,954.0,966.0,101.0,19.0,5.0,152.0,0.02
2002-03-24 13:30:00-06:00,2002,3,24,13,30,792.0,618.0,278.0,20.0,4.7,154.0,0.02
2002-03-24 14:30:00-06:00,2002,3,24,14,30,620.0,485.0,269.0,20.0,4.4,154.0,0.02
2002-03-24 15:30:00-06:00,2002,3,24,15,30,465.0,462.0,203.0,20.0,4.1000000000000005,155.0,0.02
2002-03-24 16:30:00-06:00,2002,3,24,16,30,243.0,266.0,144.0,20.0,4.0,154.0,0.02
2002-03-24 17:30:00-06:00,2002,3,24,17,30,114.0,449.0,44.0,20.0,4.2,150.0,0.02
2002-03-24 18:30:00-06:00,2002,3,24,18,30,0.0,0.0,0.0,20.0,4.7,147.0,0.02
2002-03-24 19:30:00-06:00,2002,3,24,19,30,0.0,0.0,0.0,20.0,5.4,146.0,0.02
2002-03-24 20:30:00-06:00,2002,3,24,20,30,0.0,0.0,0.0,20.0,6.0,147.0,0.02
2002-03-24 21:30:00-06:00,2002,3,24,21,30,0.0,0.0,0.0,20.0,6.300000000000001,148.0,0.02
2002-03-24 22:30:00-06:00,2002,3,24,22,30,0.0,0.0,0.0,20.0,6.300000000000001,150.0,0.02
2002-03-24 23:30:00-06:00,2002,3,24,23,30,0.0,0.0,0.0,20.0,6.2,152.0,0.02
2002-03-25 00:30:00-06:00,2002,3,25,0,30,0.0,0.0,0.0,20.0,6.1000000000000005,153.0,0.02
2002-03-25 01:30:00-06:00,2002,3,25,1,30,0.0,0.0,0.0,20.0,6.0,151.0,0.02
2002-03-25 02:30:00-06:00,2002,3,25,2,30,0.0,0.0,0.0,20.0,5.9,148.0,0.02
2002-03-25 03:30:00-06:00,2002,3,25,3,30,0.0,0.0,0.0,20.0,5.800000000000001,145.0,0.02
2002-03-25 04:30:00-06:00,2002,3,25,4,30,0.0,0.0,0.0,20.0,5.6000000000000005,142.0,0.02
2002-03-25 05:30:00-06:00,2002,3,25,5,30,0.0,0.0,0.0,20.0,5.5,138.0,0.02
2002-03-25 06:30:00-06:00,2002,3,25,6,30,65.0,287.0,35.0,20.0,5.5,135.0,0.02
2002-03-25 07:30:00-06:00,2002,3,25,7,30,124.0,16.0,118.0,21.0,5.5,131.0,0.02
2002-03-25 08:30:00-06:00,2002,3,25,8,30,502.0,777.0,92.0,21.0,5.4,130.0,0.02
2002-03-25 09:30:00-06:00,2002,3,25,9,30,695.0,854.0,103.0,21.0,4.800000000000001,131.0,0.02
2002-03-25 10:30:00-06:00,2002,3,25,10,30,837.0,895.0,108.0,21.0,3.9,135.0,0.02
2002-03-25 11:30:00-06:00,2002,3,25,11,30,914.0,911.0,112.0,22.0,3.0,142.0,0.02
2002-03-25 12:30:00-06:00,2002,3,25,12,30,762.0,434.0,377.0,22.0,2.3000000000000003,146.0,0.02
2002-03-25 13:30:00-06:00,2002,3,25,13,30,727.0,475.0,331.0,22.0,2.0,146.0,0.02
2002-03-25 14:30:00-06:00,2002,3,25,14,30,502.0,211.0,349.0,22.0,2.1,140.0,0.02
2002-03-25 15:30:00-06:00,2002,3,25,15,30,463.0,449.0,208.0,22.0,2.5,132.0,0.02
2002-03-25 16:30:00-06:00,2002,3,25,16,30,239.0,244.0,148.0,21.0,3.0,128.0,0.02
2002-03-25 17:30:00-06:00,2002,3,25,17,30,105.0,356.0,49.0,21.0,3.3000000000000003,125.0,0.02
2002-03-25 18:30:00-06:00,2002,3,25,18,30,0.0,0.0,0.0,21.0,3.5,125.0,0.02
2002-03-25 19:30:00-06:00,2002,3,25,19,30,0.0,0.0,0.0,21.0,3.6,126.0,0.02
2002-03-25 20:30:00-06:00,2002,3,25,20,30,0.0,0.0,0.0,21.0,3.8,128.0,0.02
2002-03-25 21:30:00-06:00,2002,3,25,21,30,0.0,0.0,0.0,21.0,4.1000000000000005,131.0,0.02
2002-03-25 22:30:00-06:00,2002,3,25,22,30,0.0,0.0,0.0,21.0,4.5,134.0,0.02
2002-03-25 23:30:00-06:00,2002,3,25,23,30,0.0,0.0,0.0,21.0,4.9,137.0,0.02
2002-03-26 00:30:00-06:00,2002,3,26,0,30,0.0,0.0,0.0,21.0,4.9,141.0,0.02
2002-03-26 01:30:00-06:00,2002,3,26,1,30,0.0,0.0,0.0,21.0,4.3,146.0,0.02
2002-03-26 02:30:00-06:00,2002,3,26,2,30,0.0,0.0,0.0,21.0,3.4000000000000004,152.0,0.02
2002-03-26 03:30:00-06:00,2002,3,26,3,30,0.0,0.0,0.0,21.0,2.6,163.0,0.02
2002-03-26 04:30:00-06:00,2002,3,26,4,30,0.0,0.0,0.0,21.0,2.2,178.0,0.02
2002-03-26 05:30:00-06:00,2002,3,26,5,30,0.0,0.0,0.0,21.0,2.3000000000000003,186.0,0.02
2002-03-26 06:30:00-06:00,2002,3,26,6,30,42.0,49.0,37.0,21.0,2.7,188.0,0.02
2002-03-26 07:30:00-06:00,2002,3,26,7,30,209.0,257.0,124.0,21.0,3.0,195.0,0.02
2002-03-26 08:30:00-06:00,2002,3,26,8,30,495.0,751.0,95.0,22.0,3.4000000000000004,206.0,0.02
2002-03-26 09:30:00-06:00,2002,3,26,9,30,688.0,836.0,104.0,22.0,3.5,219.0,0.02
2002-03-26 10:30:00-06:00,2002,3,26,10,30,568.0,197.0,407.0,22.0,3.4000000000000004,231.0,0.02
2002-03-26 11:30:00-06:00,2002,3,26,11,30,912.0,908.0,110.0,22.0,3.4000000000000004,246.0,0.02
2002-03-26 12:30:00-06:00,2002,3,26,12,30,921.0,909.0,112.0,22.0,3.5,268.0,0.02
2002-03-26 13:30:00-06:00,2002,3,26,13,30,860.0,895.0,111.0,22.0,3.8,291.0,0.02
2002-03-26 14:30:00-06:00,2002,3,26,14,30,733.0,859.0,107.0,22.0,4.4,313.0,0.02
2002-03-26 15:30:00-06:00,2002,3,26,15,30,551.0,793.0,98.0,21.0,4.9,328.0,0.02
2002-03-26 16:30:00-06:00,2002,3,26,16,30,212.0,149.0,155.0,21.0,5.300000000000001,339.0,0.02
2002-03-26 17:30:00-06:00,2002,3,26,17,30,39.0,0.0,39.0,20.0,5.7,348.0,0.02
2002-03-26 18:30:00-06:00,2002,3,26,18,30,0.0,0.0,0.0,20.0,6.300000000000001,354.0,0.02
2002-03-26 19:30:00-06:00,2002,3,26,19,30,0.0,0.0,0.0,19.0,7.2,0.0,0.02
2002-03-26 20:30:00-06:00,2002,3,26,20,30,0.0,0.0,0.0,18.0,7.7,6.0,0.02
2002-03-26 21:30:00-06:00,2002,3,26,21,30,0.0,0.0,0.0,17.0,7.9,12.0,0.02
2002-03-26 22:30:00-06:00,2002,3,26,22,30,0.0,0.0,0.0,16.0,7.800000000000001,15.0,0.02
2002-03-26 23:30:00-06:00,2002,3,26,23,30,0.0,0.0,0.0,15.0,7.5,16.0,0.02
2002-03-27 00:30:00-06:00,2002,3,27,0,30,0.0,0.0,0.0,14.0,7.300000000000001,17.0,0.02
2002-03-27 01:30:00-06:00,2002,3,27,1,30,0.0,0.0,0.0,14.0,7.2,17.0,0.02
2002-03-27 02:30:00-06:00,2002,3,27,2,30,0.0,0.0,0.0,13.0,7.2,17.0,0.02
2002-03-27 03:30:00-06:00,2002,3,27,3,30,0.0,0.0,0.0,13.0,7.2,20.0,0.02
2002-03-27 04:30:00-06:00,2002,3,27,4,30,0.0,0.0,0.0,13.0,7.2,24.0,0.02
2002-03-27 05:30:00-06:00,2002,3,27,5,30,0.0,0.0,0.0,14.0,7.2,28.0,0.02
2002-03-27 06:30:00-06:00,2002,3,27,6,30,22.0,0.0,22.0,14.0,7.1000000000000005,31.0,0.02
2002-03-27 07:30:00-06:00,2002,3,27,7,30,204.0,222.0,129.0,14.0,6.9,35.0,0.02
2002-03-27 08:30:00-06:00,2002,3,27,8,30,335.0,182.0,238.0,15.0,6.6000000000000005,39.0,0.02
2002-03-27 09:30:00-06:00,2002,3,27,9,30,569.0,395.0,292.0,15.0,6.1000000000000005,40.0,0.02
2002-03-27 10:30:00-06:00,2002,3,27,10,30,642.0,310.0,387.0,15.0,5.6000000000000005,41.0,0.02
2002-03-27 11:30:00-06:00,2002,3,27,11,30,972.0,983.0,101.0,16.0,5.1000000000000005,41.0,0.02
2002-03-27 12:30:00-06:00,2002,3,27,12,30,981.0,988.0,99.0,16.0,4.6000000000000005,41.0,0.02
2002-03-27 13:30:00-06:00,2002,3,27,13,30,916.0,978.0,95.0,17.0,4.1000000000000005,39.0,0.02
2002-03-27 14:30:00-06:00,2002,3,27,14,30,782.0,949.0,89.0,17.0,3.7,37.0,0.02
2002-03-27 15:30:00-06:00,2002,3,27,15,30,592.0,893.0,79.0,17.0,3.4000000000000004,36.0,0.02
2002-03-27 16:30:00-06:00,2002,3,27,16,30,363.0,784.0,65.0,17.0,3.0,39.0,0.02
2002-03-27 17:30:00-06:00,2002,3,27,17,30,126.0,532.0,41.0,17.0,2.8000000000000003,45.0,0.02
2002-03-27 18:30:00-06:00,2002,3,27,18,30,0.0,0.0,0.0,17.0,2.8000000000000003,53.0,0.02
2002-03-27 19:30:00-06:00,2002,3,27,19,30,0.0,0.0,0.0,17.0,2.8000000000000003,61.0,0.02
2002-03-27 20:30:00-06:00,2002,3,27,20,30,0.0,0.0,0.0,17.0,2.8000000000000003,70.0,0.02
2002-03-27 21:30:00-06:00,2002,3,27,21,30,0.0,0.0,0.0,17.0,2.8000000000000003,78.0,0.02
2002-03-27 22:30:00-06:00,2002,3,27,22,30,0.0,0.0,0.0,17.0,2.8000000000000003,84.0,0.02
2002-03-27 23:30:00-06:00,2002,3,27,23,30,0.0,0.0,0.0,17.0,2.7,87.0,0.02
2002-03-28 00:30:00-06:00,2002,3,28,0,30,0.0,0.0,0.0,17.0,2.7,84.0,0.02
2002-03-28 01:30:00-06:00,2002,3,28,1,30,0.0,0.0,0.0,17.0,2.7,80.0,0.02
2002-03-28 02:30:00-06:00,2002,3,28,2,30,0.0,0.0,0.0,17.0,2.8000000000000003,79.0,0.02
2002-03-28 03:30:00-06:00,2002,3,28,3,30,0.0,0.0,0.0,17.0,3.0,78.0,0.02
2002-03-28 04:30:00-06:00,2002,3,28,4,30,0.0,0.0,0.0,17.0,3.3000000000000003,80.0,0.02
2002-03-28 05:30:00-06:00,2002,3,28,5,30,0.0,0.0,0.0,17.0,3.4000000000000004,85.0,0.02
2002-03-28 06:30:00-06:00,2002,3,28,6,30,47.0,57.0,41.0,18.0,3.6,91.0,0.02
2002-03-28 07:30:00-06:00,2002,3,28,7,30,202.0,203.0,133.0,18.0,3.7,98.0,0.02
2002-03-28 08:30:00-06:00,2002,3,28,8,30,533.0,831.0,84.0,19.0,3.7,106.0,0.02
2002-03-28 09:30:00-06:00,2002,3,28,9,30,726.0,895.0,95.0,19.0,3.7,116.0,0.02
2002-03-28 10:30:00-06:00,2002,3,28,10,30,734.0,513.0,311.0,19.0,3.6,124.0,0.02
2002-03-28 11:30:00-06:00,2002,3,28,11,30,694.0,289.0,436.0,20.0,3.6,132.0,0.02
2002-03-28 12:30:00-06:00,2002,3,28,12,30,815.0,508.0,360.0,20.0,3.8,139.0,0.02
2002-03-28 13:30:00-06:00,2002,3,28,13,30,724.0,452.0,343.0,20.0,3.9,144.0,0.02
2002-03-28 14:30:00-06:00,2002,3,28,14,30,622.0,464.0,281.0,20.0,4.0,149.0,0.02
2002-03-28 15:30:00-06:00,2002,3,28,15,30,562.0,815.0,92.0,20.0,3.9,154.0,0.02
2002-03-28 16:30:00-06:00,2002,3,28,16,30,175.0,58.0,152.0,20.0,3.8,157.0,0.02
2002-03-28 17:30:00-06:00,2002,3,28,17,30,117.0,435.0,45.0,20.0,3.8,160.0,0.02
2002-03-28 18:30:00-06:00,2002,3,28,18,30,0.0,0.0,0.0,20.0,3.7,164.0,0.02
2002-03-28 19:30:00-06:00,2002,3,28,19,30,0.0,0.0,0.0,20.0,3.7,169.0,0.02
2002-03-28 20:30:00-06:00,2002,3,28,20,30,0.0,0.0,0.0,20.0,3.8,172.0,0.02
2002-03-28 21:30:00-06:00,2002,3,28,21,30,0.0,0.0,0.0,20.0,3.8,173.0,0.02
2002-03-28 22:30:00-06:00,2002,3,28,22,30,0.0,0.0,0.0,20.0,3.8,173.0,0.02
2002-03-28 23:30:00-06:00,2002,3,28,23,30,0.0,0.0,0.0,21.0,3.9,174.0,0.02
2002-03-29 00:30:00-06:00,2002,3,29,0,30,0.0,0.0,0.0,21.0,4.0,172.0,0.02
2002-03-29 01:30:00-06:00,2002,3,29,1,30,0.0,0.0,0.0,21.0,4.0,169.0,0.02
2002-03-29 02:30:00-06:00,2002,3,29,2,30,0.0,0.0,0.0,21.0,3.8,166.0,0.02
2002-03-29 03:30:00-06:00,2002,3,29,3,30,0.0,0.0,0.0,21.0,3.5,166.0,0.02
2002-03-29 04:30:00-06:00,2002,3,29,4,30,0.0,0.0,0.0,21.0,3.3000000000000003,166.0,0.02
2002-03-29 05:30:00-06:00,2002,3,29,5,30,0.0,0.0,0.0,21.0,3.3000000000000003,166.0,0.02
2002-03-29 06:30:00-06:00,2002,3,29,6,30,80.0,370.0,35.0,21.0,3.3000000000000003,165.0,0.02
2002-03-29 07:30:00-06:00,2002,3,29,7,30,298.0,681.0,65.0,21.0,3.5,164.0,0.02
2002-03-29 08:30:00-06:00,2002,3,29,8,30,521.0,812.0,80.0,21.0,4.0,165.0,0.02
2002-03-29 09:30:00-06:00,2002,3,29,9,30,712.0,876.0,91.0,22.0,4.5,165.0,0.02
2002-03-29 10:30:00-06:00,2002,3,29,10,30,850.0,904.0,101.0,22.0,4.9,165.0,0.02
2002-03-29 11:30:00-06:00,2002,3,29,11,30,791.0,477.0,364.0,22.0,5.1000000000000005,166.0,0.02
2002-03-29 12:30:00-06:00,2002,3,29,12,30,808.0,492.0,366.0,22.0,5.0,167.0,0.02
2002-03-29 13:30:00-06:00,2002,3,29,13,30,864.0,894.0,109.0,22.0,4.9,170.0,0.02
2002-03-29 14:30:00-06:00,2002,3,29,14,30,525.0,238.0,350.0,22.0,4.6000000000000005,173.0,0.02
2002-03-29 15:30:00-06:00,2002,3,29,15,30,293.0,71.0,251.0,22.0,4.2,176.0,0.02
2002-03-29 16:30:00-06:00,2002,3,29,16,30,184.0,73.0,156.0,22.0,4.0,181.0,0.02
2002-03-29 17:30:00-06:00,2002,3,29,17,30,67.0,43.0,60.0,22.0,4.0,186.0,0.02
2002-03-29 18:30:00-06:00,2002,3,29,18,30,0.0,0.0,0.0,22.0,4.2,182.0,0.02
2002-03-29 19:30:00-06:00,2002,3,29,19,30,0.0,0.0,0.0,22.0,4.4,185.0,0.02
2002-03-29 20:30:00-06:00,2002,3,29,20,30,0.0,0.0,0.0,22.0,4.4,187.0,0.02
2002-03-29 21:30:00-06:00,2002,3,29,21,30,0.0,0.0,0.0,21.0,4.1000000000000005,185.0,0.02
2002-03-29 22:30:00-06:00,2002,3,29,22,30,0.0,0.0,0.0,21.0,4.1000000000000005,182.0,0.02
2002-03-29 23:30:00-06:00,2002,3,29,23,30,0.0,0.0,0.0,21.0,4.4,175.0,0.02
2002-03-30 00:30:00-06:00,2002,3,30,0,30,0.0,0.0,0.0,21.0,4.7,167.0,0.02
2002-03-30 01:30:00-06:00,2002,3,30,1,30,0.0,0.0,0.0,21.0,4.800000000000001,167.0,0.02
2002-03-30 02:30:00-06:00,2002,3,30,2,30,0.0,0.0,0.0,21.0,4.6000000000000005,167.0,0.02
2002-03-30 03:30:00-06:00,2002,3,30,3,30,0.0,0.0,0.0,21.0,4.0,168.0,0.02
2002-03-30 04:30:00-06:00,2002,3,30,4,30,0.0,0.0,0.0,21.0,3.2,168.0,0.02
2002-03-30 05:30:00-06:00,2002,3,30,5,30,0.0,0.0,0.0,21.0,2.5,162.0,0.02
2002-03-30 06:30:00-06:00,2002,3,30,6,30,15.0,0.0,15.0,21.0,2.0,156.0,0.02
2002-03-30 07:30:00-06:00,2002,3,30,7,30,91.0,0.0,91.0,22.0,1.9,144.0,0.02
2002-03-30 08:30:00-06:00,2002,3,30,8,30,197.0,12.0,190.0,22.0,2.3000000000000003,129.0,0.02
2002-03-30 09:30:00-06:00,2002,3,30,9,30,568.0,365.0,307.0,22.0,2.8000000000000003,126.0,0.02
2002-03-30 10:30:00-06:00,2002,3,30,10,30,660.0,326.0,389.0,22.0,3.4000000000000004,126.0,0.02
2002-03-30 11:30:00-06:00,2002,3,30,11,30,780.0,455.0,372.0,22.0,3.9,127.0,0.02
2002-03-30 12:30:00-06:00,2002,3,30,12,30,788.0,458.0,375.0,22.0,4.3,130.0,0.02
2002-03-30 13:30:00-06:00,2002,3,30,13,30,695.0,362.0,388.0,22.0,4.5,133.0,0.02
2002-03-30 14:30:00-06:00,2002,3,30,14,30,454.0,132.0,356.0,22.0,4.800000000000001,133.0,0.02
2002-03-30 15:30:00-06:00,2002,3,30,15,30,265.0,45.0,239.0,22.0,5.2,131.0,0.02
2002-03-30 16:30:00-06:00,2002,3,30,16,30,319.0,571.0,98.0,21.0,5.5,133.0,0.02
2002-03-30 17:30:00-06:00,2002,3,30,17,30,115.0,384.0,51.0,21.0,5.6000000000000005,135.0,0.02
2002-03-30 18:30:00-06:00,2002,3,30,18,30,0.0,0.0,0.0,21.0,5.7,137.0,0.02
2002-03-30 19:30:00-06:00,2002,3,30,19,30,0.0,0.0,0.0,21.0,5.800000000000001,140.0,0.02
2002-03-30 20:30:00-06:00,2002,3,30,20,30,0.0,0.0,0.0,21.0,5.800000000000001,142.0,0.02
2002-03-30 21:30:00-06:00,2002,3,30,21,30,0.0,0.0,0.0,21.0,5.6000000000000005,146.0,0.02
2002-03-30 22:30:00-06:00,2002,3,30,22,30,0.0,0.0,0.0,21.0,5.4,150.0,0.02
2002-03-30 23:30:00-06:00,2002,3,30,23,30,0.0,0.0,0.0,21.0,5.1000000000000005,152.0,0.02
2002-03-31 00:30:00-06:00,2002,3,31,0,30,0.0,0.0,0.0,21.0,5.0,154.0,0.02
2002-03-31 01:30:00-06:00,2002,3,31,1,30,0.0,0.0,0.0,21.0,4.9,156.0,0.02
2002-03-31 02:30:00-06:00,2002,3,31,2,30,0.0,0.0,0.0,21.0,5.0,158.0,0.02
2002-03-31 03:30:00-06:00,2002,3,31,3,30,0.0,0.0,0.0,21.0,5.1000000000000005,162.0,0.02
2002-03-31 04:30:00-06:00,2002,3,31,4,30,0.0,0.0,0.0,21.0,5.1000000000000005,163.0,0.02
2002-03-31 05:30:00-06:00,2002,3,31,5,30,0.0,0.0,0.0,21.0,5.2,166.0,0.02
2002-03-31 06:30:00-06:00,2002,3,31,6,30,81.0,271.0,46.0,21.0,5.1000000000000005,169.0,0.02
2002-03-31 07:30:00-06:00,2002,3,31,7,30,291.0,565.0,92.0,22.0,4.9,174.0,0.02
2002-03-31 08:30:00-06:00,2002,3,31,8,30,507.0,708.0,117.0,22.0,4.6000000000000005,180.0,0.02
2002-03-31 09:30:00-06:00,2002,3,31,9,30,696.0,795.0,127.0,22.0,4.4,186.0,0.02
2002-03-31 10:30:00-06:00,2002,3,31,10,30,732.0,486.0,326.0,22.0,4.4,196.0,0.02
2002-03-31 11:30:00-06:00,2002,3,31,11,30,712.0,305.0,438.0,22.0,4.4,208.0,0.02
2002-03-31 12:30:00-06:00,2002,3,31,12,30,685.0,256.0,454.0,22.0,4.3,218.0,0.02
2002-03-31 13:30:00-06:00,2002,3,31,13,30,296.0,15.0,282.0,22.0,3.9,228.0,0.02
2002-03-31 14:30:00-06:00,2002,3,31,14,30,731.0,816.0,127.0,22.0,3.3000000000000003,238.0,0.02
2002-03-31 15:30:00-06:00,2002,3,31,15,30,238.0,26.0,223.0,22.0,2.6,251.0,0.02
2002-03-31 16:30:00-06:00,2002,3,31,16,30,226.0,170.0,160.0,22.0,2.0,267.0,0.02
2002-03-31 17:30:00-06:00,2002,3,31,17,30,118.0,388.0,52.0,22.0,1.5,286.0,0.02
2002-03-31 18:30:00-06:00,2002,3,31,18,30,0.0,0.0,0.0,20.0,7.300000000000001,334.0,0.02
2002-03-31 19:30:00-06:00,2002,3,31,19,30,0.0,0.0,0.0,19.0,6.9,343.0,0.02
2002-03-31 20:30:00-06:00,2002,3,31,20,30,0.0,0.0,0.0,19.0,6.7,352.0,0.02
2002-03-31 21:30:00-06:00,2002,3,31,21,30,0.0,0.0,0.0,18.0,6.6000000000000005,1.0,0.02
2002-03-31 22:30:00-06:00,2002,3,31,22,30,0.0,0.0,0.0,18.0,6.6000000000000005,8.0,0.02
2002-03-31 23:30:00-06:00,2002,3,31,23,30,0.0,0.0,0.0,17.0,6.7,13.0,0.02
2004-04-01 00:30:00-06:00,2004,4,1,0,30,0.0,0.0,0.0,17.0,6.6000000000000005,16.0,0.02
2004-04-01 01:30:00-06:00,2004,4,1,1,30,0.0,0.0,0.0,16.0,6.4,19.0,0.02
2004-04-01 02:30:00-06:00,2004,4,1,2,30,0.0,0.0,0.0,16.0,6.0,21.0,0.02
2004-04-01 03:30:00-06:00,2004,4,1,3,30,0.0,0.0,0.0,16.0,5.5,23.0,0.02
2004-04-01 04:30:00-06:00,2004,4,1,4,30,0.0,0.0,0.0,16.0,5.1000000000000005,25.0,0.02
2004-04-01 05:30:00-06:00,2004,4,1,5,30,0.0,0.0,0.0,16.0,4.7,25.0,0.02
2004-04-01 06:30:00-06:00,2004,4,1,6,30,93.0,370.0,43.0,16.0,4.3,26.0,0.02
2004-04-01 07:30:00-06:00,2004,4,1,7,30,318.0,665.0,80.0,16.0,3.9,28.0,0.02
2004-04-01 08:30:00-06:00,2004,4,1,8,30,544.0,792.0,103.0,16.0,3.6,31.0,0.02
2004-04-01 09:30:00-06:00,2004,4,1,9,30,738.0,859.0,118.0,16.0,3.2,35.0,0.02
2004-04-01 10:30:00-06:00,2004,4,1,10,30,881.0,898.0,126.0,17.0,2.8000000000000003,40.0,0.02
2004-04-01 11:30:00-06:00,2004,4,1,11,30,960.0,921.0,129.0,17.0,2.5,43.0,0.02
2004-04-01 12:30:00-06:00,2004,4,1,12,30,968.0,926.0,128.0,17.0,2.3000000000000003,36.0,0.02
2004-04-01 13:30:00-06:00,2004,4,1,13,30,903.0,915.0,122.0,18.0,1.8,26.0,0.02
2004-04-01 14:30:00-06:00,2004,4,1,14,30,769.0,881.0,115.0,18.0,0.9,23.0,0.02
2004-04-01 15:30:00-06:00,2004,4,1,15,30,581.0,816.0,103.0,18.0,0.5,37.0,0.02
2004-04-01 16:30:00-06:00,2004,4,1,16,30,356.0,696.0,84.0,18.0,0.8,156.0,0.02
2004-04-01 17:30:00-06:00,2004,4,1,17,30,126.0,432.0,51.0,18.0,1.4,177.0,0.02
2004-04-01 18:30:00-06:00,2004,4,1,18,30,0.0,0.0,0.0,18.0,2.0,186.0,0.02
2004-04-01 19:30:00-06:00,2004,4,1,19,30,0.0,0.0,0.0,18.0,2.4000000000000004,190.0,0.02
2004-04-01 20:30:00-06:00,2004,4,1,20,30,0.0,0.0,0.0,18.0,2.6,190.0,0.02
2004-04-01 21:30:00-06:00,2004,4,1,21,30,0.0,0.0,0.0,18.0,2.8000000000000003,193.0,0.02
2004-04-01 22:30:00-06:00,2004,4,1,22,30,0.0,0.0,0.0,18.0,2.9000000000000004,198.0,0.02
2004-04-01 23:30:00-06:00,2004,4,1,23,30,0.0,0.0,0.0,18.0,3.0,203.0,0.02
2004-04-02 00:30:00-06:00,2004,4,2,0,30,0.0,0.0,0.0,19.0,2.9000000000000004,210.0,0.02
2004-04-02 01:30:00-06:00,2004,4,2,1,30,0.0,0.0,0.0,19.0,2.5,220.0,0.02
2004-04-02 02:30:00-06:00,2004,4,2,2,30,0.0,0.0,0.0,19.0,2.1,234.0,0.02
2004-04-02 03:30:00-06:00,2004,4,2,3,30,0.0,0.0,0.0,19.0,1.7000000000000002,256.0,0.02
2004-04-02 04:30:00-06:00,2004,4,2,4,30,0.0,0.0,0.0,19.0,1.5,291.0,0.02
2004-04-02 05:30:00-06:00,2004,4,2,5,30,0.0,0.0,0.0,19.0,1.8,329.0,0.02
2004-04-02 06:30:00-06:00,2004,4,2,6,30,92.0,300.0,50.0,19.0,2.3000000000000003,352.0,0.02
2004-04-02 07:30:00-06:00,2004,4,2,7,30,313.0,609.0,93.0,19.0,2.6,7.0,0.02
2004-04-02 08:30:00-06:00,2004,4,2,8,30,539.0,754.0,115.0,20.0,2.8000000000000003,12.0,0.02
2004-04-02 09:30:00-06:00,2004,4,2,9,30,732.0,830.0,130.0,20.0,2.8000000000000003,14.0,0.02
2004-04-02 10:30:00-06:00,2004,4,2,10,30,676.0,336.0,392.0,20.0,2.7,18.0,0.02
2004-04-02 11:30:00-06:00,2004,4,2,11,30,952.0,893.0,142.0,20.0,2.5,20.0,0.02
2004-04-02 12:30:00-06:00,2004,4,2,12,30,959.0,900.0,140.0,20.0,2.2,20.0,0.02
2004-04-02 13:30:00-06:00,2004,4,2,13,30,893.0,885.0,136.0,20.0,1.9,18.0,0.02
2004-04-02 14:30:00-06:00,2004,4,2,14,30,761.0,849.0,128.0,20.0,1.5,14.0,0.02
2004-04-02 15:30:00-06:00,2004,4,2,15,30,575.0,782.0,115.0,21.0,1.0,3.0,0.02
2004-04-02 16:30:00-06:00,2004,4,2,16,30,352.0,657.0,94.0,21.0,0.5,343.0,0.02
2004-04-02 17:30:00-06:00,2004,4,2,17,30,125.0,390.0,56.0,20.0,0.8,274.0,0.02
2004-04-02 18:30:00-06:00,2004,4,2,18,30,0.0,0.0,0.0,20.0,1.6,226.0,0.02
2004-04-02 19:30:00-06:00,2004,4,2,19,30,0.0,0.0,0.0,20.0,2.4000000000000004,220.0,0.02
2004-04-02 20:30:00-06:00,2004,4,2,20,30,0.0,0.0,0.0,20.0,3.0,220.0,0.02
2004-04-02 21:30:00-06:00,2004,4,2,21,30,0.0,0.0,0.0,20.0,3.2,223.0,0.02
2004-04-02 22:30:00-06:00,2004,4,2,22,30,0.0,0.0,0.0,20.0,3.1,230.0,0.02
2004-04-02 23:30:00-06:00,2004,4,2,23,30,0.0,0.0,0.0,20.0,2.9000000000000004,240.0,0.02
2004-04-03 00:30:00-06:00,2004,4,3,0,30,0.0,0.0,0.0,20.0,2.6,255.0,0.02
2004-04-03 01:30:00-06:00,2004,4,3,1,30,0.0,0.0,0.0,20.0,2.4000000000000004,272.0,0.02
2004-04-03 02:30:00-06:00,2004,4,3,2,30,0.0,0.0,0.0,20.0,2.2,290.0,0.02
2004-04-03 03:30:00-06:00,2004,4,3,3,30,0.0,0.0,0.0,19.0,2.1,314.0,0.02
2004-04-03 04:30:00-06:00,2004,4,3,4,30,0.0,0.0,0.0,19.0,2.4000000000000004,342.0,0.02
2004-04-03 05:30:00-06:00,2004,4,3,5,30,0.0,0.0,0.0,19.0,3.0,7.0,0.02
2004-04-03 06:30:00-06:00,2004,4,3,6,30,95.0,304.0,51.0,19.0,3.6,24.0,0.02
2004-04-03 07:30:00-06:00,2004,4,3,7,30,316.0,605.0,94.0,20.0,4.2,33.0,0.02
2004-04-03 08:30:00-06:00,2004,4,3,8,30,542.0,752.0,116.0,20.0,4.4,38.0,0.02
2004-04-03 09:30:00-06:00,2004,4,3,9,30,736.0,835.0,128.0,20.0,4.2,42.0,0.02
2004-04-03 10:30:00-06:00,2004,4,3,10,30,776.0,547.0,312.0,20.0,3.8,44.0,0.02
2004-04-03 11:30:00-06:00,2004,4,3,11,30,739.0,337.0,433.0,20.0,3.2,43.0,0.02
2004-04-03 12:30:00-06:00,2004,4,3,12,30,491.0,65.0,431.0,21.0,2.5,40.0,0.02
2004-04-03 13:30:00-06:00,2004,4,3,13,30,885.0,864.0,144.0,21.0,1.9,30.0,0.02
2004-04-03 14:30:00-06:00,2004,4,3,14,30,753.0,827.0,134.0,21.0,1.3,12.0,0.02
2004-04-03 15:30:00-06:00,2004,4,3,15,30,567.0,758.0,120.0,21.0,1.0,338.0,0.02
2004-04-03 16:30:00-06:00,2004,4,3,16,30,347.0,631.0,97.0,21.0,1.3,276.0,0.02
2004-04-03 17:30:00-06:00,2004,4,3,17,30,101.0,197.0,66.0,21.0,2.1,238.0,0.02
2004-04-03 18:30:00-06:00,2004,4,3,18,30,0.0,0.0,0.0,21.0,3.2,222.0,0.02
2004-04-03 19:30:00-06:00,2004,4,3,19,30,0.0,0.0,0.0,20.0,4.1000000000000005,221.0,0.02
2004-04-03 20:30:00-06:00,2004,4,3,20,30,0.0,0.0,0.0,20.0,4.800000000000001,226.0,0.02
2004-04-03 21:30:00-06:00,2004,4,3,21,30,0.0,0.0,0.0,20.0,5.1000000000000005,235.0,0.02
2004-04-03 22:30:00-06:00,2004,4,3,22,30,0.0,0.0,0.0,20.0,5.0,245.0,0.02
2004-04-03 23:30:00-06:00,2004,4,3,23,30,0.0,0.0,0.0,20.0,4.9,257.0,0.02
2004-04-04 00:30:00-06:00,2004,4,4,0,30,0.0,0.0,0.0,20.0,4.7,270.0,0.02
2004-04-04 01:30:00-06:00,2004,4,4,1,30,0.0,0.0,0.0,20.0,4.7,285.0,0.02
2004-04-04 02:30:00-06:00,2004,4,4,2,30,0.0,0.0,0.0,20.0,4.9,301.0,0.02
2004-04-04 03:30:00-06:00,2004,4,4,3,30,0.0,0.0,0.0,19.0,4.9,316.0,0.02
2004-04-04 04:30:00-06:00,2004,4,4,4,30,0.0,0.0,0.0,19.0,4.800000000000001,330.0,0.02
2004-04-04 05:30:00-06:00,2004,4,4,5,30,0.0,0.0,0.0,19.0,4.6000000000000005,345.0,0.02
2004-04-04 06:30:00-06:00,2004,4,4,6,30,75.0,155.0,52.0,19.0,4.3,3.0,0.02
2004-04-04 07:30:00-06:00,2004,4,4,7,30,322.0,622.0,92.0,19.0,4.0,21.0,0.02
2004-04-04 08:30:00-06:00,2004,4,4,8,30,491.0,579.0,162.0,20.0,3.7,37.0,0.02
2004-04-04 09:30:00-06:00,2004,4,4,9,30,644.0,538.0,249.0,20.0,3.2,48.0,0.02
2004-04-04 10:30:00-06:00,2004,4,4,10,30,883.0,873.0,142.0,21.0,2.4000000000000004,54.0,0.02
2004-04-04 11:30:00-06:00,2004,4,4,11,30,960.0,894.0,145.0,21.0,1.4,57.0,0.02
2004-04-04 12:30:00-06:00,2004,4,4,12,30,966.0,898.0,144.0,21.0,0.5,59.0,0.02
2004-04-04 13:30:00-06:00,2004,4,4,13,30,898.0,881.0,140.0,22.0,0.4,358.0,0.02
2004-04-04 14:30:00-06:00,2004,4,4,14,30,660.0,531.0,261.0,22.0,0.9,253.0,0.02
2004-04-04 15:30:00-06:00,2004,4,4,15,30,441.0,328.0,246.0,22.0,1.4,240.0,0.02
2004-04-04 16:30:00-06:00,2004,4,4,16,30,283.0,356.0,142.0,21.0,1.9,230.0,0.02
2004-04-04 17:30:00-06:00,2004,4,4,17,30,99.0,179.0,67.0,21.0,2.5,222.0,0.02
2004-04-04 18:30:00-06:00,2004,4,4,18,30,0.0,0.0,0.0,21.0,2.9000000000000004,218.0,0.02
2004-04-04 19:30:00-06:00,2004,4,4,19,30,0.0,0.0,0.0,21.0,3.1,219.0,0.02
2004-04-04 20:30:00-06:00,2004,4,4,20,30,0.0,0.0,0.0,21.0,3.0,224.0,0.02
2004-04-04 21:30:00-06:00,2004,4,4,21,30,0.0,0.0,0.0,20.0,2.8000000000000003,235.0,0.02
2004-04-04 22:30:00-06:00,2004,4,4,22,30,0.0,0.0,0.0,20.0,2.5,250.0,0.02
2004-04-04 23:30:00-06:00,2004,4,4,23,30,0.0,0.0,0.0,20.0,2.2,271.0,0.02
2004-04-05 00:30:00-06:00,2004,4,5,0,30,0.0,0.0,0.0,20.0,2.2,302.0,0.02
2004-04-05 01:30:00-06:00,2004,4,5,1,30,0.0,0.0,0.0,20.0,2.5,335.0,0.02
2004-04-05 02:30:00-06:00,2004,4,5,2,30,0.0,0.0,0.0,20.0,3.3000000000000003,6.0,0.02
2004-04-05 03:30:00-06:00,2004,4,5,3,30,0.0,0.0,0.0,20.0,4.3,35.0,0.02
2004-04-05 04:30:00-06:00,2004,4,5,4,30,0.0,0.0,0.0,19.0,5.300000000000001,54.0,0.02
2004-04-05 05:30:00-06:00,2004,4,5,5,30,0.0,0.0,0.0,19.0,6.1000000000000005,66.0,0.02
2004-04-05 06:30:00-06:00,2004,4,5,6,30,80.0,179.0,53.0,19.0,6.5,72.0,0.02
2004-04-05 07:30:00-06:00,2004,4,5,7,30,314.0,616.0,84.0,20.0,6.5,77.0,0.02
2004-04-05 08:30:00-06:00,2004,4,5,8,30,495.0,581.0,162.0,20.0,6.300000000000001,80.0,0.02
2004-04-05 09:30:00-06:00,2004,4,5,9,30,523.0,239.0,348.0,20.0,6.1000000000000005,82.0,0.02
2004-04-05 10:30:00-06:00,2004,4,5,10,30,765.0,516.0,325.0,20.0,5.800000000000001,84.0,0.02
2004-04-05 11:30:00-06:00,2004,4,5,11,30,771.0,402.0,403.0,20.0,5.2,86.0,0.02
2004-04-05 12:30:00-06:00,2004,4,5,12,30,792.0,439.0,389.0,20.0,4.7,85.0,0.02
2004-04-05 13:30:00-06:00,2004,4,5,13,30,744.0,457.0,349.0,20.0,4.5,83.0,0.02
2004-04-05 14:30:00-06:00,2004,4,5,14,30,535.0,234.0,359.0,20.0,4.5,80.0,0.02
2004-04-05 15:30:00-06:00,2004,4,5,15,30,250.0,30.0,232.0,20.0,4.800000000000001,80.0,0.02
2004-04-05 16:30:00-06:00,2004,4,5,16,30,18.0,0.0,18.0,20.0,5.1000000000000005,81.0,0.02
2004-04-05 17:30:00-06:00,2004,4,5,17,30,36.0,0.0,36.0,20.0,5.4,82.0,0.02
2004-04-05 18:30:00-06:00,2004,4,5,18,30,0.0,0.0,0.0,19.0,5.6000000000000005,82.0,0.02
2004-04-05 19:30:00-06:00,2004,4,5,19,30,0.0,0.0,0.0,19.0,5.5,86.0,0.02
2004-04-05 20:30:00-06:00,2004,4,5,20,30,0.0,0.0,0.0,19.0,5.2,92.0,0.02
2004-04-05 21:30:00-06:00,2004,4,5,21,30,0.0,0.0,0.0,19.0,4.9,98.0,0.02
2004-04-05 22:30:00-06:00,2004,4,5,22,30,0.0,0.0,0.0,19.0,4.6000000000000005,104.0,0.02
2004-04-05 23:30:00-06:00,2004,4,5,23,30,0.0,0.0,0.0,19.0,4.3,109.0,0.02
2004-04-06 00:30:00-06:00,2004,4,6,0,30,0.0,0.0,0.0,19.0,4.2,116.0,0.02
2004-04-06 01:30:00-06:00,2004,4,6,1,30,0.0,0.0,0.0,19.0,4.4,122.0,0.02
2004-04-06 02:30:00-06:00,2004,4,6,2,30,0.0,0.0,0.0,19.0,4.5,126.0,0.02
2004-04-06 03:30:00-06:00,2004,4,6,3,30,0.0,0.0,0.0,20.0,4.5,125.0,0.02
2004-04-06 04:30:00-06:00,2004,4,6,4,30,0.0,0.0,0.0,20.0,4.5,121.0,0.02
2004-04-06 05:30:00-06:00,2004,4,6,5,30,0.0,0.0,0.0,20.0,4.5,116.0,0.02
2004-04-06 06:30:00-06:00,2004,4,6,6,30,62.0,44.0,55.0,20.0,4.6000000000000005,110.0,0.02
2004-04-06 07:30:00-06:00,2004,4,6,7,30,250.0,284.0,143.0,20.0,4.800000000000001,102.0,0.02
2004-04-06 08:30:00-06:00,2004,4,6,8,30,497.0,574.0,166.0,21.0,4.9,97.0,0.02
2004-04-06 09:30:00-06:00,2004,4,6,9,30,624.0,462.0,282.0,21.0,5.0,96.0,0.02
2004-04-06 10:30:00-06:00,2004,4,6,10,30,764.0,507.0,330.0,21.0,5.1000000000000005,96.0,0.02
2004-04-06 11:30:00-06:00,2004,4,6,11,30,937.0,855.0,152.0,21.0,5.2,98.0,0.02
2004-04-06 12:30:00-06:00,2004,4,6,12,30,939.0,851.0,155.0,21.0,5.4,102.0,0.02
2004-04-06 13:30:00-06:00,2004,4,6,13,30,777.0,510.0,336.0,21.0,5.6000000000000005,108.0,0.02
2004-04-06 14:30:00-06:00,2004,4,6,14,30,593.0,340.0,336.0,21.0,5.9,114.0,0.02
2004-04-06 15:30:00-06:00,2004,4,6,15,30,153.0,0.0,153.0,21.0,5.9,119.0,0.02
2004-04-06 16:30:00-06:00,2004,4,6,16,30,265.0,274.0,155.0,21.0,5.800000000000001,121.0,0.02
2004-04-06 17:30:00-06:00,2004,4,6,17,30,82.0,73.0,69.0,21.0,5.800000000000001,122.0,0.02
2004-04-06 18:30:00-06:00,2004,4,6,18,30,0.0,0.0,0.0,21.0,5.9,123.0,0.02
2004-04-06 19:30:00-06:00,2004,4,6,19,30,0.0,0.0,0.0,21.0,6.1000000000000005,126.0,0.02
2004-04-06 20:30:00-06:00,2004,4,6,20,30,0.0,0.0,0.0,21.0,6.300000000000001,130.0,0.02
2004-04-06 21:30:00-06:00,2004,4,6,21,30,0.0,0.0,0.0,21.0,6.1000000000000005,134.0,0.02
2004-04-06 22:30:00-06:00,2004,4,6,22,30,0.0,0.0,0.0,21.0,5.9,137.0,0.02
2004-04-06 23:30:00-06:00,2004,4,6,23,30,0.0,0.0,0.0,21.0,5.6000000000000005,142.0,0.02
2004-04-07 00:30:00-06:00,2004,4,7,0,30,0.0,0.0,0.0,21.0,5.2,148.0,0.02
2004-04-07 01:30:00-06:00,2004,4,7,1,30,0.0,0.0,0.0,21.0,4.7,154.0,0.02
2004-04-07 02:30:00-06:00,2004,4,7,2,30,0.0,0.0,0.0,21.0,4.800000000000001,164.0,0.02
2004-04-07 03:30:00-06:00,2004,4,7,3,30,0.0,0.0,0.0,21.0,5.6000000000000005,188.0,0.02
2004-04-07 04:30:00-06:00,2004,4,7,4,30,0.0,0.0,0.0,21.0,5.9,202.0,0.02
2004-04-07 05:30:00-06:00,2004,4,7,5,30,0.0,0.0,0.0,21.0,5.4,210.0,0.02
2004-04-07 06:30:00-06:00,2004,4,7,6,30,102.0,253.0,61.0,21.0,4.9,212.0,0.02
2004-04-07 07:30:00-06:00,2004,4,7,7,30,249.0,266.0,147.0,21.0,4.9,213.0,0.02
2004-04-07 08:30:00-06:00,2004,4,7,8,30,526.0,642.0,154.0,21.0,4.7,213.0,0.02
2004-04-07 09:30:00-06:00,2004,4,7,9,30,537.0,251.0,350.0,21.0,4.6000000000000005,211.0,0.02
2004-04-07 10:30:00-06:00,2004,4,7,10,30,637.0,249.0,423.0,22.0,4.6000000000000005,207.0,0.02
2004-04-07 11:30:00-06:00,2004,4,7,11,30,728.0,302.0,450.0,22.0,4.5,204.0,0.02
2004-04-07 12:30:00-06:00,2004,4,7,12,30,822.0,473.0,386.0,22.0,4.2,203.0,0.02
2004-04-07 13:30:00-06:00,2004,4,7,13,30,860.0,777.0,186.0,22.0,4.0,204.0,0.02
2004-04-07 14:30:00-06:00,2004,4,7,14,30,738.0,762.0,162.0,22.0,3.9,209.0,0.02
2004-04-07 15:30:00-06:00,2004,4,7,15,30,430.0,288.0,258.0,22.0,3.8,216.0,0.02
2004-04-07 16:30:00-06:00,2004,4,7,16,30,340.0,539.0,122.0,22.0,3.8,225.0,0.02
2004-04-07 17:30:00-06:00,2004,4,7,17,30,123.0,289.0,70.0,22.0,3.7,230.0,0.02
2004-04-07 18:30:00-06:00,2004,4,7,18,30,0.0,0.0,0.0,21.0,3.8,229.0,0.02
2004-04-07 19:30:00-06:00,2004,4,7,19,30,0.0,0.0,0.0,21.0,4.0,228.0,0.02
2004-04-07 20:30:00-06:00,2004,4,7,20,30,0.0,0.0,0.0,21.0,4.1000000000000005,228.0,0.02
2004-04-07 21:30:00-06:00,2004,4,7,21,30,0.0,0.0,0.0,21.0,4.2,228.0,0.02
2004-04-07 22:30:00-06:00,2004,4,7,22,30,0.0,0.0,0.0,21.0,4.3,227.0,0.02
2004-04-07 23:30:00-06:00,2004,4,7,23,30,0.0,0.0,0.0,21.0,4.5,226.0,0.02
2004-04-08 00:30:00-06:00,2004,4,8,0,30,0.0,0.0,0.0,21.0,4.6000000000000005,227.0,0.02
2004-04-08 01:30:00-06:00,2004,4,8,1,30,0.0,0.0,0.0,21.0,4.800000000000001,229.0,0.02
2004-04-08 02:30:00-06:00,2004,4,8,2,30,0.0,0.0,0.0,21.0,5.0,235.0,0.02
2004-04-08 03:30:00-06:00,2004,4,8,3,30,0.0,0.0,0.0,21.0,5.300000000000001,242.0,0.02
2004-04-08 04:30:00-06:00,2004,4,8,4,30,0.0,0.0,0.0,21.0,5.6000000000000005,248.0,0.02
2004-04-08 05:30:00-06:00,2004,4,8,5,30,0.0,0.0,0.0,21.0,5.800000000000001,253.0,0.02
2004-04-08 06:30:00-06:00,2004,4,8,6,30,116.0,390.0,51.0,21.0,6.0,258.0,0.02
2004-04-08 07:30:00-06:00,2004,4,8,7,30,338.0,655.0,85.0,22.0,6.2,266.0,0.02
2004-04-08 08:30:00-06:00,2004,4,8,8,30,502.0,567.0,171.0,22.0,6.300000000000001,274.0,0.02
2004-04-08 09:30:00-06:00,2004,4,8,9,30,513.0,207.0,358.0,22.0,6.1000000000000005,279.0,0.02
2004-04-08 10:30:00-06:00,2004,4,8,10,30,785.0,530.0,328.0,22.0,5.800000000000001,282.0,0.02
2004-04-08 11:30:00-06:00,2004,4,8,11,30,963.0,904.0,129.0,23.0,5.4,284.0,0.02
2004-04-08 12:30:00-06:00,2004,4,8,12,30,970.0,912.0,127.0,23.0,5.1000000000000005,285.0,0.02
2004-04-08 13:30:00-06:00,2004,4,8,13,30,907.0,909.0,117.0,23.0,4.9,283.0,0.02
2004-04-08 14:30:00-06:00,2004,4,8,14,30,777.0,885.0,107.0,23.0,4.6000000000000005,282.0,0.02
2004-04-08 15:30:00-06:00,2004,4,8,15,30,460.0,363.0,242.0,23.0,4.2,283.0,0.02
2004-04-08 16:30:00-06:00,2004,4,8,16,30,311.0,451.0,128.0,23.0,3.9,283.0,0.02
2004-04-08 17:30:00-06:00,2004,4,8,17,30,41.0,0.0,41.0,22.0,3.5,286.0,0.02
2004-04-08 18:30:00-06:00,2004,4,8,18,30,0.0,0.0,0.0,22.0,3.3000000000000003,295.0,0.02
2004-04-08 19:30:00-06:00,2004,4,8,19,30,0.0,0.0,0.0,22.0,3.1,307.0,0.02
2004-04-08 20:30:00-06:00,2004,4,8,20,30,0.0,0.0,0.0,22.0,3.0,320.0,0.02
2004-04-08 21:30:00-06:00,2004,4,8,21,30,0.0,0.0,0.0,22.0,2.9000000000000004,333.0,0.02
2004-04-08 22:30:00-06:00,2004,4,8,22,30,0.0,0.0,0.0,22.0,2.8000000000000003,343.0,0.02
2004-04-08 23:30:00-06:00,2004,4,8,23,30,0.0,0.0,0.0,21.0,2.8000000000000003,350.0,0.02
2004-04-09 00:30:00-06:00,2004,4,9,0,30,0.0,0.0,0.0,21.0,2.8000000000000003,356.0,0.02
2004-04-09 01:30:00-06:00,2004,4,9,1,30,0.0,0.0,0.0,21.0,3.0,1.0,0.02
2004-04-09 02:30:00-06:00,2004,4,9,2,30,0.0,0.0,0.0,21.0,3.2,7.0,0.02
2004-04-09 03:30:00-06:00,2004,4,9,3,30,0.0,0.0,0.0,21.0,3.4000000000000004,13.0,0.02
2004-04-09 04:30:00-06:00,2004,4,9,4,30,0.0,0.0,0.0,21.0,3.4000000000000004,19.0,0.02
2004-04-09 05:30:00-06:00,2004,4,9,5,30,0.0,0.0,0.0,21.0,3.3000000000000003,25.0,0.02
2004-04-09 06:30:00-06:00,2004,4,9,6,30,79.0,108.0,61.0,21.0,3.0,33.0,0.02
2004-04-09 07:30:00-06:00,2004,4,9,7,30,232.0,191.0,158.0,21.0,2.4000000000000004,46.0,0.02
2004-04-09 08:30:00-06:00,2004,4,9,8,30,554.0,746.0,117.0,22.0,1.5,68.0,0.02
2004-04-09 09:30:00-06:00,2004,4,9,9,30,742.0,820.0,129.0,23.0,0.9,94.0,0.02
2004-04-09 10:30:00-06:00,2004,4,9,10,30,750.0,468.0,346.0,23.0,0.5,123.0,0.02
2004-04-09 11:30:00-06:00,2004,4,9,11,30,949.0,872.0,143.0,23.0,0.4,162.0,0.02
2004-04-09 12:30:00-06:00,2004,4,9,12,30,952.0,871.0,144.0,23.0,0.4,217.0,0.02
2004-04-09 13:30:00-06:00,2004,4,9,13,30,885.0,857.0,139.0,23.0,0.4,254.0,0.02
2004-04-09 14:30:00-06:00,2004,4,9,14,30,755.0,824.0,128.0,24.0,0.3,271.0,0.02
2004-04-09 15:30:00-06:00,2004,4,9,15,30,573.0,769.0,111.0,24.0,0.2,278.0,0.02
2004-04-09 16:30:00-06:00,2004,4,9,16,30,356.0,655.0,90.0,23.0,0.3,207.0,0.02
2004-04-09 17:30:00-06:00,2004,4,9,17,30,134.0,417.0,56.0,23.0,0.8,164.0,0.02
2004-04-09 18:30:00-06:00,2004,4,9,18,30,0.0,0.0,0.0,23.0,1.7000000000000002,161.0,0.02
2004-04-09 19:30:00-06:00,2004,4,9,19,30,0.0,0.0,0.0,22.0,2.4000000000000004,167.0,0.02
2004-04-09 20:30:00-06:00,2004,4,9,20,30,0.0,0.0,0.0,22.0,2.7,175.0,0.02
2004-04-09 21:30:00-06:00,2004,4,9,21,30,0.0,0.0,0.0,22.0,2.8000000000000003,184.0,0.02
2004-04-09 22:30:00-06:00,2004,4,9,22,30,0.0,0.0,0.0,22.0,2.6,189.0,0.02
2004-04-09 23:30:00-06:00,2004,4,9,23,30,0.0,0.0,0.0,22.0,2.2,194.0,0.02
2004-04-10 00:30:00-06:00,2004,4,10,0,30,0.0,0.0,0.0,22.0,1.7000000000000002,197.0,0.02
2004-04-10 01:30:00-06:00,2004,4,10,1,30,0.0,0.0,0.0,22.0,1.4,188.0,0.02
2004-04-10 02:30:00-06:00,2004,4,10,2,30,0.0,0.0,0.0,22.0,1.3,165.0,0.02
2004-04-10 03:30:00-06:00,2004,4,10,3,30,0.0,0.0,0.0,22.0,1.5,139.0,0.02
2004-04-10 04:30:00-06:00,2004,4,10,4,30,0.0,0.0,0.0,22.0,1.9,118.0,0.02
2004-04-10 05:30:00-06:00,2004,4,10,5,30,0.0,0.0,0.0,22.0,2.5,114.0,0.02
2004-04-10 06:30:00-06:00,2004,4,10,6,30,125.0,427.0,50.0,22.0,3.0,117.0,0.02
2004-04-10 07:30:00-06:00,2004,4,10,7,30,350.0,679.0,83.0,22.0,3.5,117.0,0.02
2004-04-10 08:30:00-06:00,2004,4,10,8,30,488.0,478.0,205.0,23.0,3.7,115.0,0.02
2004-04-10 09:30:00-06:00,2004,4,10,9,30,760.0,856.0,117.0,23.0,3.7,115.0,0.02
2004-04-10 10:30:00-06:00,2004,4,10,10,30,895.0,887.0,126.0,23.0,3.5,120.0,0.02
2004-04-10 11:30:00-06:00,2004,4,10,11,30,966.0,898.0,132.0,23.0,3.3000000000000003,126.0,0.02
2004-04-10 12:30:00-06:00,2004,4,10,12,30,968.0,901.0,131.0,23.0,3.1,131.0,0.02
2004-04-10 13:30:00-06:00,2004,4,10,13,30,899.0,882.0,130.0,23.0,3.0,132.0,0.02
2004-04-10 14:30:00-06:00,2004,4,10,14,30,767.0,846.0,122.0,23.0,3.1,130.0,0.02
2004-04-10 15:30:00-06:00,2004,4,10,15,30,583.0,785.0,109.0,23.0,3.5,127.0,0.02
2004-04-10 16:30:00-06:00,2004,4,10,16,30,363.0,668.0,90.0,23.0,3.8,127.0,0.02
2004-04-10 17:30:00-06:00,2004,4,10,17,30,138.0,422.0,57.0,22.0,3.9,130.0,0.02
2004-04-10 18:30:00-06:00,2004,4,10,18,30,0.0,0.0,0.0,22.0,4.0,134.0,0.02
2004-04-10 19:30:00-06:00,2004,4,10,19,30,0.0,0.0,0.0,22.0,4.1000000000000005,136.0,0.02
2004-04-10 20:30:00-06:00,2004,4,10,20,30,0.0,0.0,0.0,22.0,4.2,136.0,0.02
2004-04-10 21:30:00-06:00,2004,4,10,21,30,0.0,0.0,0.0,22.0,4.3,139.0,0.02
2004-04-10 22:30:00-06:00,2004,4,10,22,30,0.0,0.0,0.0,22.0,4.5,142.0,0.02
2004-04-10 23:30:00-06:00,2004,4,10,23,30,0.0,0.0,0.0,22.0,5.1000000000000005,144.0,0.02
2004-04-11 00:30:00-06:00,2004,4,11,0,30,0.0,0.0,0.0,22.0,5.6000000000000005,143.0,0.02
2004-04-11 01:30:00-06:00,2004,4,11,1,30,0.0,0.0,0.0,22.0,5.4,146.0,0.02
2004-04-11 02:30:00-06:00,2004,4,11,2,30,0.0,0.0,0.0,22.0,5.0,149.0,0.02
2004-04-11 03:30:00-06:00,2004,4,11,3,30,0.0,0.0,0.0,22.0,4.9,144.0,0.02
2004-04-11 04:30:00-06:00,2004,4,11,4,30,0.0,0.0,0.0,22.0,4.800000000000001,138.0,0.02
2004-04-11 05:30:00-06:00,2004,4,11,5,30,0.0,0.0,0.0,23.0,4.6000000000000005,136.0,0.02
2004-04-11 06:30:00-06:00,2004,4,11,6,30,13.0,0.0,13.0,23.0,4.5,136.0,0.02
2004-04-11 07:30:00-06:00,2004,4,11,7,30,13.0,0.0,13.0,23.0,4.5,138.0,0.02
2004-04-11 08:30:00-06:00,2004,4,11,8,30,48.0,0.0,48.0,23.0,4.6000000000000005,140.0,0.02
2004-04-11 09:30:00-06:00,2004,4,11,9,30,267.0,15.0,255.0,23.0,4.7,141.0,0.02
2004-04-11 10:30:00-06:00,2004,4,11,10,30,693.0,326.0,410.0,23.0,4.6000000000000005,145.0,0.02
2004-04-11 11:30:00-06:00,2004,4,11,11,30,702.0,251.0,468.0,23.0,4.4,145.0,0.02
2004-04-11 12:30:00-06:00,2004,4,11,12,30,687.0,228.0,474.0,23.0,4.4,140.0,0.02
2004-04-11 13:30:00-06:00,2004,4,11,13,30,759.0,461.0,355.0,22.0,4.6000000000000005,133.0,0.02
2004-04-11 14:30:00-06:00,2004,4,11,14,30,424.0,86.0,358.0,22.0,4.6000000000000005,124.0,0.02
2004-04-11 15:30:00-06:00,2004,4,11,15,30,317.0,81.0,267.0,22.0,5.1000000000000005,124.0,0.02
2004-04-11 16:30:00-06:00,2004,4,11,16,30,49.0,0.0,49.0,22.0,6.5,145.0,0.02
2004-04-11 17:30:00-06:00,2004,4,11,17,30,32.0,0.0,32.0,22.0,7.7,142.0,0.02
2004-04-11 18:30:00-06:00,2004,4,11,18,30,0.0,0.0,0.0,22.0,8.8,144.0,0.02
2004-04-11 19:30:00-06:00,2004,4,11,19,30,0.0,0.0,0.0,22.0,10.2,156.0,0.02
2004-04-11 20:30:00-06:00,2004,4,11,20,30,0.0,0.0,0.0,22.0,10.3,173.0,0.02
2004-04-11 21:30:00-06:00,2004,4,11,21,30,0.0,0.0,0.0,21.0,9.2,201.0,0.02
2004-04-11 22:30:00-06:00,2004,4,11,22,30,0.0,0.0,0.0,21.0,7.6,239.0,0.02
2004-04-11 23:30:00-06:00,2004,4,11,23,30,0.0,0.0,0.0,20.0,6.5,274.0,0.02
2004-04-12 00:30:00-06:00,2004,4,12,0,30,0.0,0.0,0.0,19.0,5.9,307.0,0.02
2004-04-12 01:30:00-06:00,2004,4,12,1,30,0.0,0.0,0.0,19.0,5.2,327.0,0.02
2004-04-12 02:30:00-06:00,2004,4,12,2,30,0.0,0.0,0.0,19.0,4.6000000000000005,334.0,0.02
2004-04-12 03:30:00-06:00,2004,4,12,3,30,0.0,0.0,0.0,19.0,4.6000000000000005,323.0,0.02
2004-04-12 04:30:00-06:00,2004,4,12,4,30,0.0,0.0,0.0,19.0,5.1000000000000005,305.0,0.02
2004-04-12 05:30:00-06:00,2004,4,12,5,30,0.0,0.0,0.0,19.0,5.800000000000001,298.0,0.02
2004-04-12 06:30:00-06:00,2004,4,12,6,30,5.0,0.0,5.0,19.0,6.300000000000001,298.0,0.02
2004-04-12 07:30:00-06:00,2004,4,12,7,30,153.0,16.0,146.0,19.0,6.7,300.0,0.02
2004-04-12 08:30:00-06:00,2004,4,12,8,30,280.0,51.0,250.0,19.0,7.0,300.0,0.02
2004-04-12 09:30:00-06:00,2004,4,12,9,30,449.0,114.0,363.0,19.0,6.4,295.0,0.02
2004-04-12 10:30:00-06:00,2004,4,12,10,30,459.0,62.0,404.0,19.0,5.7,288.0,0.02
2004-04-12 11:30:00-06:00,2004,4,12,11,30,733.0,293.0,459.0,19.0,5.6000000000000005,288.0,0.02
2004-04-12 12:30:00-06:00,2004,4,12,12,30,730.0,286.0,462.0,19.0,6.1000000000000005,290.0,0.02
2004-04-12 13:30:00-06:00,2004,4,12,13,30,310.0,17.0,295.0,19.0,6.9,284.0,0.02
2004-04-12 14:30:00-06:00,2004,4,12,14,30,162.0,2.0,161.0,19.0,7.6,277.0,0.02
2004-04-12 15:30:00-06:00,2004,4,12,15,30,133.0,0.0,133.0,19.0,8.3,272.0,0.02
2004-04-12 16:30:00-06:00,2004,4,12,16,30,53.0,0.0,53.0,19.0,8.8,269.0,0.02
2004-04-12 17:30:00-06:00,2004,4,12,17,30,129.0,274.0,75.0,18.0,8.9,271.0,0.02
2004-04-12 18:30:00-06:00,2004,4,12,18,30,0.0,0.0,0.0,18.0,9.0,276.0,0.02
2004-04-12 19:30:00-06:00,2004,4,12,19,30,0.0,0.0,0.0,17.0,9.3,285.0,0.02
2004-04-12 20:30:00-06:00,2004,4,12,20,30,0.0,0.0,0.0,17.0,9.7,296.0,0.02
2004-04-12 21:30:00-06:00,2004,4,12,21,30,0.0,0.0,0.0,16.0,9.9,302.0,0.02
2004-04-12 22:30:00-06:00,2004,4,12,22,30,0.0,0.0,0.0,16.0,9.9,302.0,0.02
2004-04-12 23:30:00-06:00,2004,4,12,23,30,0.0,0.0,0.0,15.0,10.1,300.0,0.02
2004-04-13 00:30:00-06:00,2004,4,13,0,30,0.0,0.0,0.0,14.0,10.2,301.0,0.02
2004-04-13 01:30:00-06:00,2004,4,13,1,30,0.0,0.0,0.0,14.0,10.2,303.0,0.02
2004-04-13 02:30:00-06:00,2004,4,13,2,30,0.0,0.0,0.0,14.0,10.3,306.0,0.02
2004-04-13 03:30:00-06:00,2004,4,13,3,30,0.0,0.0,0.0,13.0,10.2,311.0,0.02
2004-04-13 04:30:00-06:00,2004,4,13,4,30,0.0,0.0,0.0,13.0,10.1,316.0,0.02
2004-04-13 05:30:00-06:00,2004,4,13,5,30,0.0,0.0,0.0,13.0,10.0,318.0,0.02
2004-04-13 06:30:00-06:00,2004,4,13,6,30,92.0,139.0,66.0,13.0,9.9,319.0,0.02
2004-04-13 07:30:00-06:00,2004,4,13,7,30,272.0,295.0,153.0,13.0,9.7,318.0,0.02
2004-04-13 08:30:00-06:00,2004,4,13,8,30,591.0,778.0,124.0,14.0,9.6,317.0,0.02
2004-04-13 09:30:00-06:00,2004,4,13,9,30,785.0,856.0,134.0,14.0,9.5,316.0,0.02
2004-04-13 10:30:00-06:00,2004,4,13,10,30,924.0,897.0,139.0,15.0,9.4,313.0,0.02
2004-04-13 11:30:00-06:00,2004,4,13,11,30,583.0,118.0,472.0,15.0,9.5,309.0,0.02
2004-04-13 12:30:00-06:00,2004,4,13,12,30,870.0,525.0,378.0,15.0,9.7,305.0,0.02
2004-04-13 13:30:00-06:00,2004,4,13,13,30,790.0,509.0,342.0,16.0,9.7,301.0,0.02
2004-04-13 14:30:00-06:00,2004,4,13,14,30,784.0,845.0,136.0,16.0,9.5,300.0,0.02
2004-04-13 15:30:00-06:00,2004,4,13,15,30,600.0,800.0,113.0,16.0,9.0,299.0,0.02
2004-04-13 16:30:00-06:00,2004,4,13,16,30,378.0,693.0,91.0,17.0,8.3,301.0,0.02
2004-04-13 17:30:00-06:00,2004,4,13,17,30,148.0,456.0,58.0,17.0,8.0,305.0,0.02
2004-04-13 18:30:00-06:00,2004,4,13,18,30,0.0,0.0,0.0,17.0,8.0,309.0,0.03
2004-04-13 19:30:00-06:00,2004,4,13,19,30,0.0,0.0,0.0,17.0,8.200000000000001,317.0,0.03
2004-04-13 20:30:00-06:00,2004,4,13,20,30,0.0,0.0,0.0,17.0,8.200000000000001,326.0,0.03
2004-04-13 21:30:00-06:00,2004,4,13,21,30,0.0,0.0,0.0,17.0,7.9,332.0,0.03
2004-04-13 22:30:00-06:00,2004,4,13,22,30,0.0,0.0,0.0,16.0,7.300000000000001,333.0,0.03
2004-04-13 23:30:00-06:00,2004,4,13,23,30,0.0,0.0,0.0,16.0,6.9,328.0,0.03
2004-04-14 00:30:00-06:00,2004,4,14,0,30,0.0,0.0,0.0,16.0,6.9,322.0,0.03
2004-04-14 01:30:00-06:00,2004,4,14,1,30,0.0,0.0,0.0,16.0,7.2,318.0,0.03
2004-04-14 02:30:00-06:00,2004,4,14,2,30,0.0,0.0,0.0,16.0,7.5,318.0,0.03
2004-04-14 03:30:00-06:00,2004,4,14,3,30,0.0,0.0,0.0,16.0,7.6,321.0,0.03
2004-04-14 04:30:00-06:00,2004,4,14,4,30,0.0,0.0,0.0,16.0,7.5,324.0,0.03
2004-04-14 05:30:00-06:00,2004,4,14,5,30,0.0,0.0,0.0,16.0,7.4,328.0,0.03
2004-04-14 06:30:00-06:00,2004,4,14,6,30,144.0,442.0,60.0,16.0,7.300000000000001,331.0,0.03
2004-04-14 07:30:00-06:00,2004,4,14,7,30,379.0,696.0,95.0,16.0,7.0,334.0,0.03
2004-04-14 08:30:00-06:00,2004,4,14,8,30,610.0,825.0,112.0,17.0,6.5,336.0,0.03
2004-04-14 09:30:00-06:00,2004,4,14,9,30,806.0,899.0,120.0,17.0,5.7,338.0,0.03
2004-04-14 10:30:00-06:00,2004,4,14,10,30,948.0,939.0,124.0,17.0,4.800000000000001,336.0,0.03
2004-04-14 11:30:00-06:00,2004,4,14,11,30,1021.0,956.0,126.0,17.0,4.4,328.0,0.03
2004-04-14 12:30:00-06:00,2004,4,14,12,30,1013.0,926.0,145.0,17.0,4.3,315.0,0.03
2004-04-14 13:30:00-06:00,2004,4,14,13,30,941.0,907.0,142.0,18.0,4.5,306.0,0.03
2004-04-14 14:30:00-06:00,2004,4,14,14,30,802.0,873.0,131.0,18.0,4.7,301.0,0.03
2004-04-14 15:30:00-06:00,2004,4,14,15,30,618.0,847.0,101.0,18.0,5.0,297.0,0.03
2004-04-14 16:30:00-06:00,2004,4,14,16,30,388.0,727.0,86.0,19.0,5.2,295.0,0.03
2004-04-14 17:30:00-06:00,2004,4,14,17,30,152.0,480.0,57.0,19.0,5.2,296.0,0.03
2004-04-14 18:30:00-06:00,2004,4,14,18,30,0.0,0.0,0.0,19.0,5.1000000000000005,297.0,0.03
2004-04-14 19:30:00-06:00,2004,4,14,19,30,0.0,0.0,0.0,19.0,4.9,300.0,0.03
2004-04-14 20:30:00-06:00,2004,4,14,20,30,0.0,0.0,0.0,19.0,4.7,304.0,0.03
2004-04-14 21:30:00-06:00,2004,4,14,21,30,0.0,0.0,0.0,19.0,4.7,307.0,0.03
2004-04-14 22:30:00-06:00,2004,4,14,22,30,0.0,0.0,0.0,18.0,4.7,308.0,0.03
2004-04-14 23:30:00-06:00,2004,4,14,23,30,0.0,0.0,0.0,18.0,4.6000000000000005,309.0,0.03
2004-04-15 00:30:00-06:00,2004,4,15,0,30,0.0,0.0,0.0,18.0,4.5,314.0,0.03
2004-04-15 01:30:00-06:00,2004,4,15,1,30,0.0,0.0,0.0,18.0,4.4,323.0,0.03
2004-04-15 02:30:00-06:00,2004,4,15,2,30,0.0,0.0,0.0,17.0,4.3,333.0,0.03
2004-04-15 03:30:00-06:00,2004,4,15,3,30,0.0,0.0,0.0,17.0,4.3,344.0,0.03
2004-04-15 04:30:00-06:00,2004,4,15,4,30,0.0,0.0,0.0,17.0,4.5,356.0,0.03
2004-04-15 05:30:00-06:00,2004,4,15,5,30,0.0,0.0,0.0,17.0,4.6000000000000005,9.0,0.03
2004-04-15 06:30:00-06:00,2004,4,15,6,30,148.0,481.0,54.0,17.0,4.4,20.0,0.03
2004-04-15 07:30:00-06:00,2004,4,15,7,30,382.0,724.0,84.0,18.0,4.0,30.0,0.03
2004-04-15 08:30:00-06:00,2004,4,15,8,30,610.0,838.0,101.0,18.0,3.4000000000000004,42.0,0.03
2004-04-15 09:30:00-06:00,2004,4,15,9,30,802.0,900.0,112.0,19.0,2.9000000000000004,59.0,0.03
2004-04-15 10:30:00-06:00,2004,4,15,10,30,940.0,934.0,118.0,19.0,2.6,80.0,0.03
2004-04-15 11:30:00-06:00,2004,4,15,11,30,1012.0,950.0,121.0,19.0,2.3000000000000003,100.0,0.03
2004-04-15 12:30:00-06:00,2004,4,15,12,30,1014.0,951.0,120.0,20.0,2.1,120.0,0.03
2004-04-15 13:30:00-06:00,2004,4,15,13,30,942.0,935.0,117.0,20.0,1.9,140.0,0.03
2004-04-15 14:30:00-06:00,2004,4,15,14,30,805.0,900.0,112.0,20.0,1.9,162.0,0.03
2004-04-15 15:30:00-06:00,2004,4,15,15,30,615.0,839.0,102.0,20.0,2.0,184.0,0.03
2004-04-15 16:30:00-06:00,2004,4,15,16,30,389.0,728.0,85.0,20.0,2.1,198.0,0.03
2004-04-15 17:30:00-06:00,2004,4,15,17,30,155.0,495.0,56.0,20.0,2.2,206.0,0.03
2004-04-15 18:30:00-06:00,2004,4,15,18,30,0.0,0.0,0.0,19.0,2.3000000000000003,212.0,0.03
2004-04-15 19:30:00-06:00,2004,4,15,19,30,0.0,0.0,0.0,19.0,2.4000000000000004,210.0,0.03
2004-04-15 20:30:00-06:00,2004,4,15,20,30,0.0,0.0,0.0,19.0,2.3000000000000003,203.0,0.03
2004-04-15 21:30:00-06:00,2004,4,15,21,30,0.0,0.0,0.0,19.0,2.3000000000000003,197.0,0.03
2004-04-15 22:30:00-06:00,2004,4,15,22,30,0.0,0.0,0.0,19.0,2.3000000000000003,194.0,0.03
2004-04-15 23:30:00-06:00,2004,4,15,23,30,0.0,0.0,0.0,19.0,2.2,194.0,0.03
2004-04-16 00:30:00-06:00,2004,4,16,0,30,0.0,0.0,0.0,19.0,1.9,196.0,0.03
2004-04-16 01:30:00-06:00,2004,4,16,1,30,0.0,0.0,0.0,19.0,1.6,202.0,0.03
2004-04-16 02:30:00-06:00,2004,4,16,2,30,0.0,0.0,0.0,19.0,1.5,218.0,0.03
2004-04-16 03:30:00-06:00,2004,4,16,3,30,0.0,0.0,0.0,19.0,1.3,243.0,0.03
2004-04-16 04:30:00-06:00,2004,4,16,4,30,0.0,0.0,0.0,19.0,0.6000000000000001,260.0,0.03
2004-04-16 05:30:00-06:00,2004,4,16,5,30,0.0,0.0,0.0,19.0,0.7000000000000001,329.0,0.03
2004-04-16 06:30:00-06:00,2004,4,16,6,30,152.0,495.0,54.0,19.0,1.9,81.0,0.03
2004-04-16 07:30:00-06:00,2004,4,16,7,30,385.0,729.0,83.0,19.0,2.6,83.0,0.03
2004-04-16 08:30:00-06:00,2004,4,16,8,30,611.0,838.0,100.0,19.0,3.0,89.0,0.03
2004-04-16 09:30:00-06:00,2004,4,16,9,30,800.0,896.0,111.0,20.0,2.9000000000000004,101.0,0.03
2004-04-16 10:30:00-06:00,2004,4,16,10,30,936.0,927.0,118.0,20.0,2.7,111.0,0.03
2004-04-16 11:30:00-06:00,2004,4,16,11,30,885.0,548.0,369.0,20.0,2.8000000000000003,122.0,0.03
2004-04-16 12:30:00-06:00,2004,4,16,12,30,1006.0,936.0,125.0,20.0,2.9000000000000004,128.0,0.03
2004-04-16 13:30:00-06:00,2004,4,16,13,30,936.0,922.0,122.0,21.0,2.9000000000000004,133.0,0.03
2004-04-16 14:30:00-06:00,2004,4,16,14,30,802.0,892.0,113.0,21.0,2.8000000000000003,135.0,0.03
2004-04-16 15:30:00-06:00,2004,4,16,15,30,614.0,837.0,100.0,21.0,3.0,135.0,0.03
2004-04-16 16:30:00-06:00,2004,4,16,16,30,389.0,730.0,83.0,21.0,3.2,134.0,0.03
2004-04-16 17:30:00-06:00,2004,4,16,17,30,156.0,502.0,55.0,20.0,3.4000000000000004,134.0,0.03
2004-04-16 18:30:00-06:00,2004,4,16,18,30,0.0,0.0,0.0,20.0,3.7,135.0,0.03
2004-04-16 19:30:00-06:00,2004,4,16,19,30,0.0,0.0,0.0,20.0,4.0,137.0,0.03
2004-04-16 20:30:00-06:00,2004,4,16,20,30,0.0,0.0,0.0,20.0,4.1000000000000005,138.0,0.03
2004-04-16 21:30:00-06:00,2004,4,16,21,30,0.0,0.0,0.0,20.0,4.3,142.0,0.03
2004-04-16 22:30:00-06:00,2004,4,16,22,30,0.0,0.0,0.0,20.0,4.3,146.0,0.03
2004-04-16 23:30:00-06:00,2004,4,16,23,30,0.0,0.0,0.0,20.0,4.1000000000000005,148.0,0.03
2004-04-17 00:30:00-06:00,2004,4,17,0,30,0.0,0.0,0.0,20.0,3.9,150.0,0.03
2004-04-17 01:30:00-06:00,2004,4,17,1,30,0.0,0.0,0.0,20.0,3.6,153.0,0.03
2004-04-17 02:30:00-06:00,2004,4,17,2,30,0.0,0.0,0.0,20.0,3.2,158.0,0.03
2004-04-17 03:30:00-06:00,2004,4,17,3,30,0.0,0.0,0.0,20.0,2.9000000000000004,160.0,0.03
2004-04-17 04:30:00-06:00,2004,4,17,4,30,0.0,0.0,0.0,20.0,2.7,158.0,0.03
2004-04-17 05:30:00-06:00,2004,4,17,5,30,0.0,0.0,0.0,20.0,2.6,149.0,0.03
2004-04-17 06:30:00-06:00,2004,4,17,6,30,154.0,498.0,54.0,20.0,2.7,136.0,0.03
2004-04-17 07:30:00-06:00,2004,4,17,7,30,387.0,730.0,81.0,20.0,3.1,125.0,0.03
2004-04-17 08:30:00-06:00,2004,4,17,8,30,491.0,426.0,230.0,20.0,3.6,118.0,0.03
2004-04-17 09:30:00-06:00,2004,4,17,9,30,800.0,895.0,109.0,21.0,4.0,116.0,0.03
2004-04-17 10:30:00-06:00,2004,4,17,10,30,934.0,924.0,117.0,21.0,4.2,117.0,0.03
2004-04-17 11:30:00-06:00,2004,4,17,11,30,1005.0,937.0,121.0,21.0,4.4,119.0,0.03
2004-04-17 12:30:00-06:00,2004,4,17,12,30,1002.0,924.0,130.0,21.0,4.5,121.0,0.03
2004-04-17 13:30:00-06:00,2004,4,17,13,30,932.0,909.0,127.0,21.0,4.6000000000000005,122.0,0.03
2004-04-17 14:30:00-06:00,2004,4,17,14,30,797.0,876.0,120.0,21.0,4.7,122.0,0.03
2004-04-17 15:30:00-06:00,2004,4,17,15,30,609.0,814.0,108.0,21.0,4.6000000000000005,122.0,0.03
2004-04-17 16:30:00-06:00,2004,4,17,16,30,385.0,699.0,90.0,21.0,4.5,123.0,0.03
2004-04-17 17:30:00-06:00,2004,4,17,17,30,154.0,462.0,60.0,21.0,4.5,124.0,0.03
2004-04-17 18:30:00-06:00,2004,4,17,18,30,0.0,0.0,0.0,21.0,4.6000000000000005,124.0,0.03
2004-04-17 19:30:00-06:00,2004,4,17,19,30,0.0,0.0,0.0,21.0,4.9,124.0,0.03
2004-04-17 20:30:00-06:00,2004,4,17,20,30,0.0,0.0,0.0,21.0,5.0,124.0,0.03
2004-04-17 21:30:00-06:00,2004,4,17,21,30,0.0,0.0,0.0,21.0,4.9,126.0,0.03
2004-04-17 22:30:00-06:00,2004,4,17,22,30,0.0,0.0,0.0,21.0,4.7,127.0,0.03
2004-04-17 23:30:00-06:00,2004,4,17,23,30,0.0,0.0,0.0,20.0,4.4,129.0,0.03
2004-04-18 00:30:00-06:00,2004,4,18,0,30,0.0,0.0,0.0,20.0,4.0,130.0,0.03
2004-04-18 01:30:00-06:00,2004,4,18,1,30,0.0,0.0,0.0,20.0,3.9,128.0,0.03
2004-04-18 02:30:00-06:00,2004,4,18,2,30,0.0,0.0,0.0,20.0,4.2,124.0,0.03
2004-04-18 03:30:00-06:00,2004,4,18,3,30,0.0,0.0,0.0,20.0,4.5,119.0,0.03
2004-04-18 04:30:00-06:00,2004,4,18,4,30,0.0,0.0,0.0,20.0,4.6000000000000005,118.0,0.03
2004-04-18 05:30:00-06:00,2004,4,18,5,30,0.0,0.0,0.0,20.0,4.5,120.0,0.03
2004-04-18 06:30:00-06:00,2004,4,18,6,30,99.0,121.0,74.0,21.0,4.4,120.0,0.03
2004-04-18 07:30:00-06:00,2004,4,18,7,30,385.0,703.0,89.0,21.0,4.3,120.0,0.03
2004-04-18 08:30:00-06:00,2004,4,18,8,30,608.0,815.0,107.0,21.0,4.2,122.0,0.03
2004-04-18 09:30:00-06:00,2004,4,18,9,30,797.0,881.0,115.0,22.0,4.3,122.0,0.03
2004-04-18 10:30:00-06:00,2004,4,18,10,30,933.0,916.0,120.0,22.0,4.5,121.0,0.03
2004-04-18 11:30:00-06:00,2004,4,18,11,30,1004.0,933.0,122.0,22.0,4.9,119.0,0.03
2004-04-18 12:30:00-06:00,2004,4,18,12,30,1004.0,931.0,124.0,22.0,5.300000000000001,119.0,0.03
2004-04-18 13:30:00-06:00,2004,4,18,13,30,723.0,348.0,414.0,22.0,5.6000000000000005,119.0,0.03
2004-04-18 14:30:00-06:00,2004,4,18,14,30,797.0,880.0,115.0,22.0,5.7,120.0,0.03
2004-04-18 15:30:00-06:00,2004,4,18,15,30,609.0,818.0,104.0,22.0,5.6000000000000005,122.0,0.03
2004-04-18 16:30:00-06:00,2004,4,18,16,30,386.0,705.0,87.0,22.0,5.5,123.0,0.03
2004-04-18 17:30:00-06:00,2004,4,18,17,30,138.0,384.0,59.0,21.0,5.2,124.0,0.03
2004-04-18 18:30:00-06:00,2004,4,18,18,30,0.0,0.0,0.0,21.0,5.0,124.0,0.03
2004-04-18 19:30:00-06:00,2004,4,18,19,30,0.0,0.0,0.0,21.0,4.9,126.0,0.03
2004-04-18 20:30:00-06:00,2004,4,18,20,30,0.0,0.0,0.0,21.0,4.6000000000000005,127.0,0.03
2004-04-18 21:30:00-06:00,2004,4,18,21,30,0.0,0.0,0.0,21.0,4.6000000000000005,128.0,0.03
2004-04-18 22:30:00-06:00,2004,4,18,22,30,0.0,0.0,0.0,21.0,4.6000000000000005,128.0,0.03
2004-04-18 23:30:00-06:00,2004,4,18,23,30,0.0,0.0,0.0,21.0,5.0,128.0,0.03
2004-04-19 00:30:00-06:00,2004,4,19,0,30,0.0,0.0,0.0,21.0,5.5,127.0,0.03
2004-04-19 01:30:00-06:00,2004,4,19,1,30,0.0,0.0,0.0,21.0,5.9,128.0,0.03
2004-04-19 02:30:00-06:00,2004,4,19,2,30,0.0,0.0,0.0,20.0,5.9,129.0,0.03
2004-04-19 03:30:00-06:00,2004,4,19,3,30,0.0,0.0,0.0,20.0,5.6000000000000005,131.0,0.03
2004-04-19 04:30:00-06:00,2004,4,19,4,30,0.0,0.0,0.0,20.0,5.4,133.0,0.03
2004-04-19 05:30:00-06:00,2004,4,19,5,30,0.0,0.0,0.0,20.0,5.0,135.0,0.03
2004-04-19 06:30:00-06:00,2004,4,19,6,30,114.0,194.0,73.0,21.0,4.3,137.0,0.03
2004-04-19 07:30:00-06:00,2004,4,19,7,30,389.0,715.0,86.0,21.0,3.5,139.0,0.03
2004-04-19 08:30:00-06:00,2004,4,19,8,30,610.0,815.0,106.0,21.0,3.1,137.0,0.03
2004-04-19 09:30:00-06:00,2004,4,19,9,30,796.0,872.0,119.0,22.0,3.4000000000000004,130.0,0.03
2004-04-19 10:30:00-06:00,2004,4,19,10,30,930.0,905.0,126.0,22.0,3.9,125.0,0.03
2004-04-19 11:30:00-06:00,2004,4,19,11,30,999.0,918.0,129.0,22.0,4.0,126.0,0.03
2004-04-19 12:30:00-06:00,2004,4,19,12,30,901.0,571.0,360.0,22.0,3.8,128.0,0.03
2004-04-19 13:30:00-06:00,2004,4,19,13,30,816.0,539.0,337.0,22.0,3.8,128.0,0.03
2004-04-19 14:30:00-06:00,2004,4,19,14,30,790.0,864.0,119.0,22.0,3.9,126.0,0.03
2004-04-19 15:30:00-06:00,2004,4,19,15,30,604.0,805.0,106.0,22.0,4.0,124.0,0.03
2004-04-19 16:30:00-06:00,2004,4,19,16,30,383.0,691.0,89.0,22.0,3.9,124.0,0.03
2004-04-19 17:30:00-06:00,2004,4,19,17,30,155.0,455.0,61.0,22.0,3.9,126.0,0.03
2004-04-19 18:30:00-06:00,2004,4,19,18,30,0.0,0.0,0.0,22.0,4.0,128.0,0.03
2004-04-19 19:30:00-06:00,2004,4,19,19,30,0.0,0.0,0.0,22.0,4.3,131.0,0.03
2004-04-19 20:30:00-06:00,2004,4,19,20,30,0.0,0.0,0.0,22.0,4.5,136.0,0.03
2004-04-19 21:30:00-06:00,2004,4,19,21,30,0.0,0.0,0.0,22.0,4.6000000000000005,141.0,0.03
2004-04-19 22:30:00-06:00,2004,4,19,22,30,0.0,0.0,0.0,22.0,4.6000000000000005,145.0,0.03
2004-04-19 23:30:00-06:00,2004,4,19,23,30,0.0,0.0,0.0,22.0,4.5,149.0,0.03
2004-04-20 00:30:00-06:00,2004,4,20,0,30,0.0,0.0,0.0,22.0,4.4,154.0,0.03
2004-04-20 01:30:00-06:00,2004,4,20,1,30,0.0,0.0,0.0,22.0,4.3,158.0,0.03
2004-04-20 02:30:00-06:00,2004,4,20,2,30,0.0,0.0,0.0,22.0,4.1000000000000005,161.0,0.03
2004-04-20 03:30:00-06:00,2004,4,20,3,30,0.0,0.0,0.0,22.0,3.9,165.0,0.03
2004-04-20 04:30:00-06:00,2004,4,20,4,30,0.0,0.0,0.0,21.0,4.1000000000000005,162.0,0.03
2004-04-20 05:30:00-06:00,2004,4,20,5,30,0.0,0.0,0.0,21.0,4.1000000000000005,162.0,0.03
2004-04-20 06:30:00-06:00,2004,4,20,6,30,86.0,45.0,76.0,22.0,4.2,164.0,0.03
2004-04-20 07:30:00-06:00,2004,4,20,7,30,340.0,504.0,125.0,22.0,4.6000000000000005,160.0,0.03
2004-04-20 08:30:00-06:00,2004,4,20,8,30,494.0,411.0,238.0,22.0,4.7,158.0,0.03
2004-04-20 09:30:00-06:00,2004,4,20,9,30,639.0,399.0,328.0,22.0,4.5,158.0,0.03
2004-04-20 10:30:00-06:00,2004,4,20,10,30,810.0,521.0,345.0,22.0,4.4,161.0,0.03
2004-04-20 11:30:00-06:00,2004,4,20,11,30,894.0,548.0,374.0,23.0,4.2,165.0,0.03
2004-04-20 12:30:00-06:00,2004,4,20,12,30,692.0,221.0,482.0,23.0,3.8,169.0,0.03
2004-04-20 13:30:00-06:00,2004,4,20,13,30,724.0,344.0,418.0,23.0,3.6,174.0,0.03
2004-04-20 14:30:00-06:00,2004,4,20,14,30,334.0,31.0,309.0,23.0,3.6,179.0,0.03
2004-04-20 15:30:00-06:00,2004,4,20,15,30,371.0,142.0,283.0,23.0,3.9,176.0,0.03
2004-04-20 16:30:00-06:00,2004,4,20,16,30,238.0,141.0,178.0,23.0,4.3,173.0,0.03
2004-04-20 17:30:00-06:00,2004,4,20,17,30,145.0,344.0,73.0,22.0,4.6000000000000005,173.0,0.03
2004-04-20 18:30:00-06:00,2004,4,20,18,30,0.0,0.0,0.0,22.0,5.0,171.0,0.03
2004-04-20 19:30:00-06:00,2004,4,20,19,30,0.0,0.0,0.0,22.0,5.4,168.0,0.03
2004-04-20 20:30:00-06:00,2004,4,20,20,30,0.0,0.0,0.0,22.0,5.6000000000000005,171.0,0.03
2004-04-20 21:30:00-06:00,2004,4,20,21,30,0.0,0.0,0.0,22.0,5.800000000000001,175.0,0.03
2004-04-20 22:30:00-06:00,2004,4,20,22,30,0.0,0.0,0.0,22.0,6.1000000000000005,176.0,0.03
2004-04-20 23:30:00-06:00,2004,4,20,23,30,0.0,0.0,0.0,22.0,6.300000000000001,176.0,0.03
2004-04-21 00:30:00-06:00,2004,4,21,0,30,0.0,0.0,0.0,22.0,6.6000000000000005,175.0,0.03
2004-04-21 01:30:00-06:00,2004,4,21,1,30,0.0,0.0,0.0,22.0,6.6000000000000005,170.0,0.03
2004-04-21 02:30:00-06:00,2004,4,21,2,30,0.0,0.0,0.0,22.0,6.300000000000001,169.0,0.03
2004-04-21 03:30:00-06:00,2004,4,21,3,30,0.0,0.0,0.0,22.0,5.6000000000000005,177.0,0.03
2004-04-21 04:30:00-06:00,2004,4,21,4,30,0.0,0.0,0.0,22.0,5.0,182.0,0.03
2004-04-21 05:30:00-06:00,2004,4,21,5,30,0.0,0.0,0.0,22.0,4.6000000000000005,178.0,0.03
2004-04-21 06:30:00-06:00,2004,4,21,6,30,146.0,304.0,81.0,22.0,4.2,175.0,0.03
2004-04-21 07:30:00-06:00,2004,4,21,7,30,254.0,174.0,179.0,22.0,4.0,174.0,0.03
2004-04-21 08:30:00-06:00,2004,4,21,8,30,582.0,706.0,142.0,23.0,4.1000000000000005,173.0,0.03
2004-04-21 09:30:00-06:00,2004,4,21,9,30,767.0,790.0,149.0,23.0,4.4,171.0,0.03
2004-04-21 10:30:00-06:00,2004,4,21,10,30,901.0,841.0,150.0,23.0,4.800000000000001,169.0,0.03
2004-04-21 11:30:00-06:00,2004,4,21,11,30,862.0,485.0,401.0,23.0,5.1000000000000005,166.0,0.03
2004-04-21 12:30:00-06:00,2004,4,21,12,30,848.0,469.0,402.0,23.0,5.4,163.0,0.03
2004-04-21 13:30:00-06:00,2004,4,21,13,30,774.0,462.0,361.0,23.0,5.4,162.0,0.03
2004-04-21 14:30:00-06:00,2004,4,21,14,30,661.0,466.0,297.0,23.0,5.300000000000001,162.0,0.03
2004-04-21 15:30:00-06:00,2004,4,21,15,30,497.0,417.0,237.0,23.0,5.2,163.0,0.03
2004-04-21 16:30:00-06:00,2004,4,21,16,30,363.0,576.0,116.0,23.0,5.1000000000000005,160.0,0.03
2004-04-21 17:30:00-06:00,2004,4,21,17,30,146.0,338.0,74.0,23.0,5.1000000000000005,156.0,0.03
2004-04-21 18:30:00-06:00,2004,4,21,18,30,0.0,0.0,0.0,22.0,5.300000000000001,150.0,0.02
2004-04-21 19:30:00-06:00,2004,4,21,19,30,0.0,0.0,0.0,22.0,5.6000000000000005,146.0,0.02
2004-04-21 20:30:00-06:00,2004,4,21,20,30,0.0,0.0,0.0,22.0,5.7,143.0,0.02
2004-04-21 21:30:00-06:00,2004,4,21,21,30,0.0,0.0,0.0,22.0,5.800000000000001,142.0,0.02
2004-04-21 22:30:00-06:00,2004,4,21,22,30,0.0,0.0,0.0,22.0,5.800000000000001,143.0,0.02
2004-04-21 23:30:00-06:00,2004,4,21,23,30,0.0,0.0,0.0,22.0,5.7,144.0,0.02
2004-04-22 00:30:00-06:00,2004,4,22,0,30,0.0,0.0,0.0,22.0,5.6000000000000005,145.0,0.02
2004-04-22 01:30:00-06:00,2004,4,22,1,30,0.0,0.0,0.0,22.0,5.5,147.0,0.02
2004-04-22 02:30:00-06:00,2004,4,22,2,30,0.0,0.0,0.0,22.0,5.300000000000001,147.0,0.02
2004-04-22 03:30:00-06:00,2004,4,22,3,30,0.0,0.0,0.0,22.0,5.2,146.0,0.02
2004-04-22 04:30:00-06:00,2004,4,22,4,30,0.0,0.0,0.0,22.0,5.300000000000001,145.0,0.02
2004-04-22 05:30:00-06:00,2004,4,22,5,30,0.0,0.0,0.0,22.0,5.5,143.0,0.02
2004-04-22 06:30:00-06:00,2004,4,22,6,30,154.0,378.0,71.0,22.0,5.800000000000001,143.0,0.02
2004-04-22 07:30:00-06:00,2004,4,22,7,30,372.0,605.0,110.0,23.0,6.0,145.0,0.02
2004-04-22 08:30:00-06:00,2004,4,22,8,30,586.0,722.0,133.0,23.0,6.2,149.0,0.02
2004-04-22 09:30:00-06:00,2004,4,22,9,30,762.0,770.0,159.0,23.0,6.2,152.0,0.02
2004-04-22 10:30:00-06:00,2004,4,22,10,30,892.0,809.0,168.0,23.0,6.0,152.0,0.02
2004-04-22 11:30:00-06:00,2004,4,22,11,30,958.0,824.0,174.0,23.0,5.6000000000000005,152.0,0.02
2004-04-22 12:30:00-06:00,2004,4,22,12,30,964.0,849.0,157.0,23.0,5.2,151.0,0.02
2004-04-22 13:30:00-06:00,2004,4,22,13,30,895.0,827.0,156.0,23.0,4.9,149.0,0.02
2004-04-22 14:30:00-06:00,2004,4,22,14,30,762.0,783.0,150.0,23.0,4.7,144.0,0.02
2004-04-22 15:30:00-06:00,2004,4,22,15,30,479.0,365.0,252.0,23.0,4.7,140.0,0.02
2004-04-22 16:30:00-06:00,2004,4,22,16,30,364.0,575.0,117.0,23.0,4.800000000000001,136.0,0.02
2004-04-22 17:30:00-06:00,2004,4,22,17,30,146.0,325.0,76.0,23.0,5.1000000000000005,132.0,0.02
2004-04-22 18:30:00-06:00,2004,4,22,18,30,0.0,0.0,0.0,23.0,5.4,127.0,0.02
2004-04-22 19:30:00-06:00,2004,4,22,19,30,0.0,0.0,0.0,23.0,5.7,125.0,0.02
2004-04-22 20:30:00-06:00,2004,4,22,20,30,0.0,0.0,0.0,23.0,5.9,128.0,0.02
2004-04-22 21:30:00-06:00,2004,4,22,21,30,0.0,0.0,0.0,23.0,5.9,130.0,0.02
2004-04-22 22:30:00-06:00,2004,4,22,22,30,0.0,0.0,0.0,23.0,5.9,132.0,0.02
2004-04-22 23:30:00-06:00,2004,4,22,23,30,0.0,0.0,0.0,23.0,6.0,133.0,0.02
2004-04-23 00:30:00-06:00,2004,4,23,0,30,0.0,0.0,0.0,23.0,6.1000000000000005,135.0,0.02
2004-04-23 01:30:00-06:00,2004,4,23,1,30,0.0,0.0,0.0,23.0,6.0,133.0,0.02
2004-04-23 02:30:00-06:00,2004,4,23,2,30,0.0,0.0,0.0,23.0,5.800000000000001,127.0,0.02
2004-04-23 03:30:00-06:00,2004,4,23,3,30,0.0,0.0,0.0,23.0,5.6000000000000005,122.0,0.02
2004-04-23 04:30:00-06:00,2004,4,23,4,30,0.0,0.0,0.0,23.0,5.5,120.0,0.02
2004-04-23 05:30:00-06:00,2004,4,23,5,30,0.0,0.0,0.0,23.0,5.5,117.0,0.02
2004-04-23 06:30:00-06:00,2004,4,23,6,30,151.0,329.0,78.0,23.0,5.6000000000000005,112.0,0.02
2004-04-23 07:30:00-06:00,2004,4,23,7,30,367.0,564.0,120.0,23.0,5.800000000000001,112.0,0.02
2004-04-23 08:30:00-06:00,2004,4,23,8,30,578.0,690.0,144.0,23.0,6.0,115.0,0.02
2004-04-23 09:30:00-06:00,2004,4,23,9,30,759.0,763.0,159.0,23.0,6.1000000000000005,118.0,0.02
2004-04-23 10:30:00-06:00,2004,4,23,10,30,782.0,467.0,362.0,23.0,6.1000000000000005,118.0,0.02
2004-04-23 11:30:00-06:00,2004,4,23,11,30,816.0,425.0,410.0,23.0,6.1000000000000005,116.0,0.02
2004-04-23 12:30:00-06:00,2004,4,23,12,30,848.0,466.0,404.0,23.0,6.1000000000000005,112.0,0.02
2004-04-23 13:30:00-06:00,2004,4,23,13,30,785.0,475.0,359.0,23.0,6.0,111.0,0.02
2004-04-23 14:30:00-06:00,2004,4,23,14,30,572.0,259.0,369.0,23.0,5.9,112.0,0.02
2004-04-23 15:30:00-06:00,2004,4,23,15,30,339.0,95.0,279.0,23.0,5.800000000000001,113.0,0.02
2004-04-23 16:30:00-06:00,2004,4,23,16,30,318.0,392.0,149.0,23.0,5.7,114.0,0.02
2004-04-23 17:30:00-06:00,2004,4,23,17,30,129.0,217.0,82.0,23.0,5.6000000000000005,114.0,0.02
2004-04-23 18:30:00-06:00,2004,4,23,18,30,0.0,0.0,0.0,23.0,5.6000000000000005,113.0,0.02
2004-04-23 19:30:00-06:00,2004,4,23,19,30,0.0,0.0,0.0,23.0,5.6000000000000005,113.0,0.02
2004-04-23 20:30:00-06:00,2004,4,23,20,30,0.0,0.0,0.0,23.0,5.6000000000000005,113.0,0.02
2004-04-23 21:30:00-06:00,2004,4,23,21,30,0.0,0.0,0.0,23.0,5.7,115.0,0.02
2004-04-23 22:30:00-06:00,2004,4,23,22,30,0.0,0.0,0.0,23.0,5.5,118.0,0.02
2004-04-23 23:30:00-06:00,2004,4,23,23,30,0.0,0.0,0.0,23.0,5.300000000000001,120.0,0.02
2004-04-24 00:30:00-06:00,2004,4,24,0,30,0.0,0.0,0.0,23.0,5.2,121.0,0.02
2004-04-24 01:30:00-06:00,2004,4,24,1,30,0.0,0.0,0.0,23.0,5.300000000000001,121.0,0.02
2004-04-24 02:30:00-06:00,2004,4,24,2,30,0.0,0.0,0.0,23.0,5.5,120.0,0.02
2004-04-24 03:30:00-06:00,2004,4,24,3,30,0.0,0.0,0.0,22.0,5.5,120.0,0.02
2004-04-24 04:30:00-06:00,2004,4,24,4,30,0.0,0.0,0.0,22.0,5.4,121.0,0.02
2004-04-24 05:30:00-06:00,2004,4,24,5,30,0.0,0.0,0.0,22.0,5.300000000000001,123.0,0.02
2004-04-24 06:30:00-06:00,2004,4,24,6,30,115.0,144.0,82.0,23.0,5.300000000000001,126.0,0.02
2004-04-24 07:30:00-06:00,2004,4,24,7,30,289.0,262.0,174.0,23.0,5.4,128.0,0.02
2004-04-24 08:30:00-06:00,2004,4,24,8,30,528.0,501.0,212.0,23.0,5.6000000000000005,128.0,0.02
2004-04-24 09:30:00-06:00,2004,4,24,9,30,772.0,798.0,143.0,23.0,5.6000000000000005,130.0,0.02
2004-04-24 10:30:00-06:00,2004,4,24,10,30,894.0,813.0,163.0,23.0,5.6000000000000005,130.0,0.02
2004-04-24 11:30:00-06:00,2004,4,24,11,30,851.0,466.0,405.0,24.0,5.800000000000001,132.0,0.02
2004-04-24 12:30:00-06:00,2004,4,24,12,30,950.0,807.0,179.0,24.0,5.9,134.0,0.02
2004-04-24 13:30:00-06:00,2004,4,24,13,30,881.0,794.0,169.0,24.0,5.9,134.0,0.02
2004-04-24 14:30:00-06:00,2004,4,24,14,30,751.0,760.0,155.0,24.0,5.6000000000000005,134.0,0.02
2004-04-24 15:30:00-06:00,2004,4,24,15,30,571.0,690.0,140.0,24.0,5.300000000000001,134.0,0.02
2004-04-24 16:30:00-06:00,2004,4,24,16,30,282.0,255.0,172.0,23.0,5.1000000000000005,132.0,0.02
2004-04-24 17:30:00-06:00,2004,4,24,17,30,130.0,260.0,73.0,23.0,5.0,127.0,0.02
2004-04-24 18:30:00-06:00,2004,4,24,18,30,0.0,0.0,0.0,23.0,5.2,122.0,0.02
2004-04-24 19:30:00-06:00,2004,4,24,19,30,0.0,0.0,0.0,23.0,5.4,121.0,0.02
2004-04-24 20:30:00-06:00,2004,4,24,20,30,0.0,0.0,0.0,23.0,5.5,122.0,0.02
2004-04-24 21:30:00-06:00,2004,4,24,21,30,0.0,0.0,0.0,23.0,5.5,126.0,0.02
2004-04-24 22:30:00-06:00,2004,4,24,22,30,0.0,0.0,0.0,23.0,5.5,130.0,0.02
2004-04-24 23:30:00-06:00,2004,4,24,23,30,0.0,0.0,0.0,23.0,5.4,132.0,0.02
2004-04-25 00:30:00-06:00,2004,4,25,0,30,0.0,0.0,0.0,23.0,5.300000000000001,133.0,0.02
2004-04-25 01:30:00-06:00,2004,4,25,1,30,0.0,0.0,0.0,23.0,5.1000000000000005,132.0,0.02
2004-04-25 02:30:00-06:00,2004,4,25,2,30,0.0,0.0,0.0,23.0,5.0,132.0,0.02
2004-04-25 03:30:00-06:00,2004,4,25,3,30,0.0,0.0,0.0,23.0,4.9,131.0,0.02
2004-04-25 04:30:00-06:00,2004,4,25,4,30,0.0,0.0,0.0,23.0,4.9,131.0,0.02
2004-04-25 05:30:00-06:00,2004,4,25,5,30,0.0,0.0,0.0,23.0,4.9,131.0,0.02
2004-04-25 06:30:00-06:00,2004,4,25,6,30,102.0,78.0,84.0,23.0,5.1000000000000005,129.0,0.02
2004-04-25 07:30:00-06:00,2004,4,25,7,30,236.0,114.0,185.0,23.0,5.300000000000001,127.0,0.02
2004-04-25 08:30:00-06:00,2004,4,25,8,30,323.0,72.0,277.0,23.0,5.5,128.0,0.02
2004-04-25 09:30:00-06:00,2004,4,25,9,30,549.0,212.0,381.0,23.0,5.6000000000000005,135.0,0.02
2004-04-25 10:30:00-06:00,2004,4,25,10,30,731.0,339.0,425.0,23.0,5.800000000000001,142.0,0.02
2004-04-25 11:30:00-06:00,2004,4,25,11,30,693.0,214.0,488.0,24.0,5.6000000000000005,145.0,0.02
2004-04-25 12:30:00-06:00,2004,4,25,12,30,812.0,416.0,414.0,24.0,5.0,148.0,0.02
2004-04-25 13:30:00-06:00,2004,4,25,13,30,799.0,492.0,358.0,23.0,4.3,150.0,0.02
2004-04-25 14:30:00-06:00,2004,4,25,14,30,590.0,286.0,364.0,23.0,3.7,152.0,0.02
2004-04-25 15:30:00-06:00,2004,4,25,15,30,342.0,96.0,281.0,23.0,3.1,152.0,0.02
2004-04-25 16:30:00-06:00,2004,4,25,16,30,226.0,104.0,181.0,23.0,2.8000000000000003,148.0,0.02
2004-04-25 17:30:00-06:00,2004,4,25,17,30,82.0,16.0,78.0,23.0,2.9000000000000004,142.0,0.02
2004-04-25 18:30:00-06:00,2004,4,25,18,30,0.0,0.0,0.0,23.0,3.4000000000000004,144.0,0.02
2004-04-25 19:30:00-06:00,2004,4,25,19,30,0.0,0.0,0.0,23.0,4.0,146.0,0.02
2004-04-25 20:30:00-06:00,2004,4,25,20,30,0.0,0.0,0.0,23.0,4.3,146.0,0.02
2004-04-25 21:30:00-06:00,2004,4,25,21,30,0.0,0.0,0.0,23.0,4.3,144.0,0.02
2004-04-25 22:30:00-06:00,2004,4,25,22,30,0.0,0.0,0.0,23.0,4.0,142.0,0.02
2004-04-25 23:30:00-06:00,2004,4,25,23,30,0.0,0.0,0.0,23.0,3.5,140.0,0.02
2004-04-26 00:30:00-06:00,2004,4,26,0,30,0.0,0.0,0.0,22.0,2.7,141.0,0.02
2004-04-26 01:30:00-06:00,2004,4,26,1,30,0.0,0.0,0.0,22.0,1.7000000000000002,143.0,0.02
2004-04-26 02:30:00-06:00,2004,4,26,2,30,0.0,0.0,0.0,22.0,0.8,142.0,0.02
2004-04-26 03:30:00-06:00,2004,4,26,3,30,0.0,0.0,0.0,22.0,0.4,170.0,0.02
2004-04-26 04:30:00-06:00,2004,4,26,4,30,0.0,0.0,0.0,22.0,0.8,268.0,0.02
2004-04-26 05:30:00-06:00,2004,4,26,5,30,0.0,0.0,0.0,22.0,1.5,306.0,0.02
2004-04-26 06:30:00-06:00,2004,4,26,6,30,120.0,155.0,84.0,22.0,2.5,326.0,0.02
2004-04-26 07:30:00-06:00,2004,4,26,7,30,93.0,0.0,93.0,22.0,3.7,338.0,0.02
2004-04-26 08:30:00-06:00,2004,4,26,8,30,578.0,678.0,146.0,22.0,4.800000000000001,349.0,0.02
2004-04-26 09:30:00-06:00,2004,4,26,9,30,513.0,161.0,385.0,22.0,5.5,357.0,0.02
2004-04-26 10:30:00-06:00,2004,4,26,10,30,718.0,323.0,426.0,23.0,5.800000000000001,2.0,0.02
2004-04-26 11:30:00-06:00,2004,4,26,11,30,860.0,473.0,407.0,23.0,5.6000000000000005,3.0,0.02
2004-04-26 12:30:00-06:00,2004,4,26,12,30,724.0,254.0,480.0,23.0,5.4,1.0,0.02
2004-04-26 13:30:00-06:00,2004,4,26,13,30,541.0,108.0,444.0,23.0,5.2,0.0,0.02
2004-04-26 14:30:00-06:00,2004,4,26,14,30,350.0,36.0,322.0,23.0,5.1000000000000005,360.0,0.02
2004-04-26 15:30:00-06:00,2004,4,26,15,30,351.0,107.0,284.0,23.0,5.1000000000000005,359.0,0.02
2004-04-26 16:30:00-06:00,2004,4,26,16,30,284.0,252.0,173.0,23.0,5.0,1.0,0.02
2004-04-26 17:30:00-06:00,2004,4,26,17,30,101.0,84.0,82.0,23.0,4.7,4.0,0.02
2004-04-26 18:30:00-06:00,2004,4,26,18,30,0.0,0.0,0.0,23.0,4.5,0.0,0.02
2004-04-26 19:30:00-06:00,2004,4,26,19,30,0.0,0.0,0.0,23.0,5.0,359.0,0.02
2004-04-26 20:30:00-06:00,2004,4,26,20,30,0.0,0.0,0.0,23.0,5.800000000000001,2.0,0.02
2004-04-26 21:30:00-06:00,2004,4,26,21,30,0.0,0.0,0.0,23.0,6.5,4.0,0.02
2004-04-26 22:30:00-06:00,2004,4,26,22,30,0.0,0.0,0.0,22.0,7.2,6.0,0.02
2004-04-26 23:30:00-06:00,2004,4,26,23,30,0.0,0.0,0.0,22.0,7.7,7.0,0.02
2004-04-27 00:30:00-06:00,2004,4,27,0,30,0.0,0.0,0.0,21.0,8.1,10.0,0.02
2004-04-27 01:30:00-06:00,2004,4,27,1,30,0.0,0.0,0.0,21.0,8.200000000000001,13.0,0.02
2004-04-27 02:30:00-06:00,2004,4,27,2,30,0.0,0.0,0.0,21.0,8.200000000000001,18.0,0.02
2004-04-27 03:30:00-06:00,2004,4,27,3,30,0.0,0.0,0.0,21.0,8.0,24.0,0.02
2004-04-27 04:30:00-06:00,2004,4,27,4,30,0.0,0.0,0.0,21.0,7.7,29.0,0.02
2004-04-27 05:30:00-06:00,2004,4,27,5,30,0.0,0.0,0.0,21.0,7.5,32.0,0.02
2004-04-27 06:30:00-06:00,2004,4,27,6,30,178.0,457.0,71.0,21.0,7.2,34.0,0.02
2004-04-27 07:30:00-06:00,2004,4,27,7,30,409.0,684.0,102.0,21.0,6.800000000000001,36.0,0.02
2004-04-27 08:30:00-06:00,2004,4,27,8,30,633.0,807.0,117.0,22.0,6.300000000000001,37.0,0.02
2004-04-27 09:30:00-06:00,2004,4,27,9,30,819.0,869.0,128.0,22.0,5.7,35.0,0.02
2004-04-27 10:30:00-06:00,2004,4,27,10,30,950.0,897.0,138.0,22.0,5.0,34.0,0.02
2004-04-27 11:30:00-06:00,2004,4,27,11,30,1015.0,907.0,144.0,23.0,4.1000000000000005,31.0,0.02
2004-04-27 12:30:00-06:00,2004,4,27,12,30,1010.0,899.0,148.0,23.0,3.3000000000000003,27.0,0.02
2004-04-27 13:30:00-06:00,2004,4,27,13,30,936.0,880.0,144.0,23.0,2.7,19.0,0.02
2004-04-27 14:30:00-06:00,2004,4,27,14,30,799.0,840.0,137.0,23.0,2.4000000000000004,4.0,0.02
2004-04-27 15:30:00-06:00,2004,4,27,15,30,611.0,770.0,125.0,23.0,2.3000000000000003,348.0,0.02
2004-04-27 16:30:00-06:00,2004,4,27,16,30,389.0,645.0,106.0,24.0,2.2,338.0,0.02
2004-04-27 17:30:00-06:00,2004,4,27,17,30,141.0,316.0,71.0,23.0,1.9,334.0,0.02
2004-04-27 18:30:00-06:00,2004,4,27,18,30,0.0,0.0,0.0,23.0,1.6,333.0,0.02
2004-04-27 19:30:00-06:00,2004,4,27,19,30,0.0,0.0,0.0,23.0,1.7000000000000002,344.0,0.02
2004-04-27 20:30:00-06:00,2004,4,27,20,30,0.0,0.0,0.0,23.0,2.2,4.0,0.02
2004-04-27 21:30:00-06:00,2004,4,27,21,30,0.0,0.0,0.0,23.0,2.8000000000000003,16.0,0.02
2004-04-27 22:30:00-06:00,2004,4,27,22,30,0.0,0.0,0.0,23.0,3.4000000000000004,22.0,0.02
2004-04-27 23:30:00-06:00,2004,4,27,23,30,0.0,0.0,0.0,22.0,3.7,26.0,0.02
2004-04-28 00:30:00-06:00,2004,4,28,0,30,0.0,0.0,0.0,22.0,3.9,31.0,0.02
2004-04-28 01:30:00-06:00,2004,4,28,1,30,0.0,0.0,0.0,22.0,4.1000000000000005,38.0,0.02
2004-04-28 02:30:00-06:00,2004,4,28,2,30,0.0,0.0,0.0,22.0,4.4,48.0,0.02
2004-04-28 03:30:00-06:00,2004,4,28,3,30,0.0,0.0,0.0,22.0,4.800000000000001,60.0,0.02
2004-04-28 04:30:00-06:00,2004,4,28,4,30,0.0,0.0,0.0,22.0,5.2,70.0,0.02
2004-04-28 05:30:00-06:00,2004,4,28,5,30,0.0,0.0,0.0,22.0,5.800000000000001,80.0,0.02
2004-04-28 06:30:00-06:00,2004,4,28,6,30,135.0,214.0,84.0,22.0,6.0,89.0,0.02
2004-04-28 07:30:00-06:00,2004,4,28,7,30,290.0,239.0,182.0,23.0,5.800000000000001,99.0,0.02
2004-04-28 08:30:00-06:00,2004,4,28,8,30,549.0,548.0,197.0,23.0,5.800000000000001,106.0,0.02
2004-04-28 09:30:00-06:00,2004,4,28,9,30,805.0,839.0,136.0,23.0,5.9,110.0,0.02
2004-04-28 10:30:00-06:00,2004,4,28,10,30,827.0,523.0,353.0,23.0,6.0,115.0,0.02
2004-04-28 11:30:00-06:00,2004,4,28,11,30,878.0,492.0,404.0,23.0,6.0,117.0,0.02
2004-04-28 12:30:00-06:00,2004,4,28,12,30,874.0,490.0,403.0,23.0,6.0,121.0,0.02
2004-04-28 13:30:00-06:00,2004,4,28,13,30,828.0,534.0,346.0,23.0,6.0,122.0,0.02
2004-04-28 14:30:00-06:00,2004,4,28,14,30,801.0,854.0,127.0,23.0,6.0,122.0,0.02
2004-04-28 15:30:00-06:00,2004,4,28,15,30,616.0,793.0,114.0,23.0,6.0,123.0,0.02
2004-04-28 16:30:00-06:00,2004,4,28,16,30,315.0,355.0,159.0,22.0,6.0,125.0,0.02
2004-04-28 17:30:00-06:00,2004,4,28,17,30,168.0,446.0,68.0,22.0,6.0,128.0,0.02
2004-04-28 18:30:00-06:00,2004,4,28,18,30,0.0,0.0,0.0,22.0,6.1000000000000005,131.0,0.02
2004-04-28 19:30:00-06:00,2004,4,28,19,30,0.0,0.0,0.0,22.0,6.2,130.0,0.02
2004-04-28 20:30:00-06:00,2004,4,28,20,30,0.0,0.0,0.0,22.0,6.300000000000001,132.0,0.02
2004-04-28 21:30:00-06:00,2004,4,28,21,30,0.0,0.0,0.0,22.0,6.5,133.0,0.02
2004-04-28 22:30:00-06:00,2004,4,28,22,30,0.0,0.0,0.0,22.0,6.6000000000000005,132.0,0.02
2004-04-28 23:30:00-06:00,2004,4,28,23,30,0.0,0.0,0.0,22.0,6.7,131.0,0.02
2004-04-29 00:30:00-06:00,2004,4,29,0,30,0.0,0.0,0.0,22.0,6.800000000000001,129.0,0.02
2004-04-29 01:30:00-06:00,2004,4,29,1,30,0.0,0.0,0.0,22.0,6.9,127.0,0.02
2004-04-29 02:30:00-06:00,2004,4,29,2,30,0.0,0.0,0.0,22.0,7.0,124.0,0.02
2004-04-29 03:30:00-06:00,2004,4,29,3,30,0.0,0.0,0.0,22.0,7.1000000000000005,121.0,0.02
2004-04-29 04:30:00-06:00,2004,4,29,4,30,0.0,0.0,0.0,22.0,7.0,118.0,0.02
2004-04-29 05:30:00-06:00,2004,4,29,5,30,4.0,0.0,4.0,22.0,6.9,116.0,0.02
2004-04-29 06:30:00-06:00,2004,4,29,6,30,93.0,28.0,86.0,22.0,6.6000000000000005,115.0,0.02
2004-04-29 07:30:00-06:00,2004,4,29,7,30,83.0,0.0,83.0,23.0,6.4,115.0,0.02
2004-04-29 08:30:00-06:00,2004,4,29,8,30,325.0,69.0,280.0,23.0,6.2,116.0,0.02
2004-04-29 09:30:00-06:00,2004,4,29,9,30,316.0,23.0,298.0,23.0,6.1000000000000005,119.0,0.02
2004-04-29 10:30:00-06:00,2004,4,29,10,30,638.0,200.0,456.0,23.0,5.9,123.0,0.02
2004-04-29 11:30:00-06:00,2004,4,29,11,30,388.0,24.0,365.0,23.0,5.9,128.0,0.02
2004-04-29 12:30:00-06:00,2004,4,29,12,30,937.0,774.0,193.0,23.0,5.800000000000001,133.0,0.02
2004-04-29 13:30:00-06:00,2004,4,29,13,30,871.0,763.0,182.0,23.0,5.7,138.0,0.02
2004-04-29 14:30:00-06:00,2004,4,29,14,30,743.0,725.0,170.0,23.0,5.5,146.0,0.02
2004-04-29 15:30:00-06:00,2004,4,29,15,30,401.0,177.0,289.0,23.0,5.300000000000001,153.0,0.02
2004-04-29 16:30:00-06:00,2004,4,29,16,30,356.0,500.0,135.0,23.0,5.1000000000000005,155.0,0.02
2004-04-29 17:30:00-06:00,2004,4,29,17,30,148.0,268.0,86.0,23.0,5.1000000000000005,152.0,0.02
2004-04-29 18:30:00-06:00,2004,4,29,18,30,0.0,0.0,0.0,23.0,5.4,148.0,0.03
2004-04-29 19:30:00-06:00,2004,4,29,19,30,0.0,0.0,0.0,23.0,5.6000000000000005,144.0,0.03
2004-04-29 20:30:00-06:00,2004,4,29,20,30,0.0,0.0,0.0,23.0,5.7,141.0,0.03
2004-04-29 21:30:00-06:00,2004,4,29,21,30,0.0,0.0,0.0,23.0,5.7,140.0,0.03
2004-04-29 22:30:00-06:00,2004,4,29,22,30,0.0,0.0,0.0,23.0,5.6000000000000005,140.0,0.03
2004-04-29 23:30:00-06:00,2004,4,29,23,30,0.0,0.0,0.0,23.0,5.4,139.0,0.03
2004-04-30 00:30:00-06:00,2004,4,30,0,30,0.0,0.0,0.0,23.0,5.2,137.0,0.03
2004-04-30 01:30:00-06:00,2004,4,30,1,30,0.0,0.0,0.0,23.0,5.2,134.0,0.03
2004-04-30 02:30:00-06:00,2004,4,30,2,30,0.0,0.0,0.0,23.0,5.300000000000001,132.0,0.03
2004-04-30 03:30:00-06:00,2004,4,30,3,30,0.0,0.0,0.0,23.0,5.4,129.0,0.03
2004-04-30 04:30:00-06:00,2004,4,30,4,30,0.0,0.0,0.0,23.0,5.5,126.0,0.03
2004-04-30 05:30:00-06:00,2004,4,30,5,30,1.0,0.0,1.0,23.0,5.4,122.0,0.03
2004-04-30 06:30:00-06:00,2004,4,30,6,30,33.0,0.0,33.0,23.0,5.2,120.0,0.03
2004-04-30 07:30:00-06:00,2004,4,30,7,30,129.0,0.0,129.0,23.0,5.1000000000000005,119.0,0.03
2004-04-30 08:30:00-06:00,2004,4,30,8,30,285.0,38.0,260.0,22.0,5.2,120.0,0.03
2004-04-30 09:30:00-06:00,2004,4,30,9,30,186.0,5.0,181.0,22.0,5.2,120.0,0.03
2004-04-30 10:30:00-06:00,2004,4,30,10,30,80.0,0.0,80.0,22.0,4.6000000000000005,123.0,0.03
2004-04-30 11:30:00-06:00,2004,4,30,11,30,68.0,0.0,68.0,22.0,4.0,130.0,0.03
2004-04-30 12:30:00-06:00,2004,4,30,12,30,281.0,13.0,268.0,22.0,3.9,127.0,0.03
2004-04-30 13:30:00-06:00,2004,4,30,13,30,157.0,2.0,155.0,22.0,4.6000000000000005,107.0,0.03
2004-04-30 14:30:00-06:00,2004,4,30,14,30,310.0,22.0,292.0,22.0,5.5,85.0,0.03
2004-04-30 15:30:00-06:00,2004,4,30,15,30,180.0,3.0,178.0,22.0,5.6000000000000005,85.0,0.03
2004-04-30 16:30:00-06:00,2004,4,30,16,30,19.0,0.0,19.0,22.0,5.300000000000001,95.0,0.03
2004-04-30 17:30:00-06:00,2004,4,30,17,30,128.0,202.0,81.0,22.0,5.1000000000000005,105.0,0.03
2004-04-30 18:30:00-06:00,2004,4,30,18,30,12.0,87.0,11.0,23.3,4.7,316.0,0.02
2004-04-30 19:30:00-06:00,2004,4,30,19,30,0.0,0.0,0.0,23.200000000000003,4.5,322.0,0.02
2004-04-30 20:30:00-06:00,2004,4,30,20,30,0.0,0.0,0.0,23.0,4.4,332.0,0.02
2004-04-30 21:30:00-06:00,2004,4,30,21,30,0.0,0.0,0.0,22.700000000000003,4.2,342.0,0.02
2004-04-30 22:30:00-06:00,2004,4,30,22,30,0.0,0.0,0.0,22.4,3.9,352.0,0.02
2004-04-30 23:30:00-06:00,2004,4,30,23,30,0.0,0.0,0.0,22.200000000000003,3.5,184.0,0.02
2020-05-01 00:30:00-06:00,2020,5,1,0,30,0.0,0.0,0.0,21.9,3.4000000000000004,17.0,0.02
2020-05-01 01:30:00-06:00,2020,5,1,1,30,0.0,0.0,0.0,21.8,3.4000000000000004,29.0,0.02
2020-05-01 02:30:00-06:00,2020,5,1,2,30,0.0,0.0,0.0,21.6,3.3000000000000003,42.0,0.02
2020-05-01 03:30:00-06:00,2020,5,1,3,30,0.0,0.0,0.0,21.6,3.2,55.0,0.02
2020-05-01 04:30:00-06:00,2020,5,1,4,30,0.0,0.0,0.0,21.6,3.2,65.0,0.02
2020-05-01 05:30:00-06:00,2020,5,1,5,30,18.0,123.0,14.0,21.8,3.2,72.0,0.02
2020-05-01 06:30:00-06:00,2020,5,1,6,30,204.0,609.0,54.0,22.1,3.2,77.0,0.02
2020-05-01 07:30:00-06:00,2020,5,1,7,30,434.0,790.0,72.0,22.4,3.1,82.0,0.02
2020-05-01 08:30:00-06:00,2020,5,1,8,30,647.0,859.0,90.0,22.700000000000003,2.7,82.0,0.02
2020-05-01 09:30:00-06:00,2020,5,1,9,30,836.0,928.0,92.0,23.1,2.3000000000000003,80.0,0.02
2020-05-01 10:30:00-06:00,2020,5,1,10,30,966.0,956.0,96.0,23.4,1.9,77.0,0.02
2020-05-01 11:30:00-06:00,2020,5,1,11,30,1034.0,971.0,96.0,23.6,1.7000000000000002,76.0,0.02
2020-05-01 12:30:00-06:00,2020,5,1,12,30,1032.0,974.0,93.0,23.8,1.6,81.0,0.02
2020-05-01 13:30:00-06:00,2020,5,1,13,30,962.0,963.0,91.0,23.9,1.6,91.0,0.02
2020-05-01 14:30:00-06:00,2020,5,1,14,30,827.0,934.0,86.0,23.9,1.6,105.0,0.02
2020-05-01 15:30:00-06:00,2020,5,1,15,30,641.0,882.0,80.0,23.8,1.8,121.0,0.02
2020-05-01 16:30:00-06:00,2020,5,1,16,30,422.0,792.0,69.0,23.5,2.1,133.0,0.02
2020-05-01 17:30:00-06:00,2020,5,1,17,30,192.0,605.0,51.0,23.4,2.2,138.0,0.02
2020-05-01 18:30:00-06:00,2020,5,1,18,30,15.0,114.0,13.0,22.8,2.7,148.0,0.03
2020-05-01 19:30:00-06:00,2020,5,1,19,30,0.0,0.0,0.0,22.6,3.1,152.0,0.03
2020-05-01 20:30:00-06:00,2020,5,1,20,30,0.0,0.0,0.0,22.4,3.5,155.0,0.03
2020-05-01 21:30:00-06:00,2020,5,1,21,30,0.0,0.0,0.0,22.200000000000003,3.8,159.0,0.03
2020-05-01 22:30:00-06:00,2020,5,1,22,30,0.0,0.0,0.0,22.0,4.0,162.0,0.03
2020-05-01 23:30:00-06:00,2020,5,1,23,30,0.0,0.0,0.0,21.9,4.1000000000000005,165.0,0.03
2020-05-02 00:30:00-06:00,2020,5,2,0,30,0.0,0.0,0.0,21.700000000000003,3.9,165.0,0.03
2020-05-02 01:30:00-06:00,2020,5,2,1,30,0.0,0.0,0.0,21.6,3.3000000000000003,160.0,0.03
2020-05-02 02:30:00-06:00,2020,5,2,2,30,0.0,0.0,0.0,21.6,2.7,144.0,0.03
2020-05-02 03:30:00-06:00,2020,5,2,3,30,0.0,0.0,0.0,21.6,2.4000000000000004,119.0,0.03
2020-05-02 04:30:00-06:00,2020,5,2,4,30,0.0,0.0,0.0,21.6,2.7,101.0,0.03
2020-05-02 05:30:00-06:00,2020,5,2,5,30,20.0,129.0,16.0,21.700000000000003,3.1,98.0,0.03
2020-05-02 06:30:00-06:00,2020,5,2,6,30,205.0,603.0,55.0,22.0,3.5,104.0,0.03
2020-05-02 07:30:00-06:00,2020,5,2,7,30,434.0,783.0,73.0,22.200000000000003,3.8,115.0,0.03
2020-05-02 08:30:00-06:00,2020,5,2,8,30,653.0,874.0,85.0,22.5,3.9,125.0,0.03
2020-05-02 09:30:00-06:00,2020,5,2,9,30,836.0,927.0,91.0,22.8,3.8,133.0,0.03
2020-05-02 10:30:00-06:00,2020,5,2,10,30,963.0,951.0,96.0,23.0,3.6,140.0,0.03
2020-05-02 11:30:00-06:00,2020,5,2,11,30,1028.0,958.0,102.0,23.200000000000003,3.4000000000000004,147.0,0.03
2020-05-02 12:30:00-06:00,2020,5,2,12,30,1024.0,952.0,106.0,23.3,3.2,154.0,0.03
2020-05-02 13:30:00-06:00,2020,5,2,13,30,951.0,936.0,103.0,23.4,3.2,162.0,0.03
2020-05-02 14:30:00-06:00,2020,5,2,14,30,669.0,462.0,302.0,23.4,3.3000000000000003,168.0,0.03
2020-05-02 15:30:00-06:00,2020,5,2,15,30,569.0,639.0,162.0,23.4,3.4000000000000004,171.0,0.03
2020-05-02 16:30:00-06:00,2020,5,2,16,30,365.0,560.0,115.0,23.3,3.4000000000000004,170.0,0.03
2020-05-02 17:30:00-06:00,2020,5,2,17,30,140.0,264.0,78.0,23.200000000000003,3.4000000000000004,169.0,0.03
2020-05-02 18:30:00-06:00,2020,5,2,18,30,9.0,5.0,9.0,22.9,3.7,164.0,0.03
2020-05-02 19:30:00-06:00,2020,5,2,19,30,0.0,0.0,0.0,22.9,4.1000000000000005,162.0,0.03
2020-05-02 20:30:00-06:00,2020,5,2,20,30,0.0,0.0,0.0,22.8,4.5,162.0,0.03
2020-05-02 21:30:00-06:00,2020,5,2,21,30,0.0,0.0,0.0,22.700000000000003,4.800000000000001,164.0,0.03
2020-05-02 22:30:00-06:00,2020,5,2,22,30,0.0,0.0,0.0,22.6,4.9,165.0,0.03
2020-05-02 23:30:00-06:00,2020,5,2,23,30,0.0,0.0,0.0,22.5,4.800000000000001,166.0,0.03
2020-05-03 00:30:00-06:00,2020,5,3,0,30,0.0,0.0,0.0,22.4,4.6000000000000005,166.0,0.03
2020-05-03 01:30:00-06:00,2020,5,3,1,30,0.0,0.0,0.0,22.4,4.4,165.0,0.03
2020-05-03 02:30:00-06:00,2020,5,3,2,30,0.0,0.0,0.0,22.3,4.1000000000000005,163.0,0.03
2020-05-03 03:30:00-06:00,2020,5,3,3,30,0.0,0.0,0.0,22.3,3.9,161.0,0.03
2020-05-03 04:30:00-06:00,2020,5,3,4,30,0.0,0.0,0.0,22.3,3.8,159.0,0.03
2020-05-03 05:30:00-06:00,2020,5,3,5,30,14.0,18.0,13.0,22.6,3.7,158.0,0.03
2020-05-03 06:30:00-06:00,2020,5,3,6,30,202.0,559.0,61.0,22.9,3.6,158.0,0.03
2020-05-03 07:30:00-06:00,2020,5,3,7,30,429.0,747.0,83.0,23.1,3.4000000000000004,159.0,0.03
2020-05-03 08:30:00-06:00,2020,5,3,8,30,559.0,567.0,189.0,23.3,3.4000000000000004,161.0,0.03
2020-05-03 09:30:00-06:00,2020,5,3,9,30,721.0,601.0,237.0,23.5,3.5,164.0,0.03
2020-05-03 10:30:00-06:00,2020,5,3,10,30,685.0,279.0,430.0,23.8,3.6,169.0,0.03
2020-05-03 11:30:00-06:00,2020,5,3,11,30,1018.0,945.0,103.0,24.0,3.7,176.0,0.03
2020-05-03 12:30:00-06:00,2020,5,3,12,30,1017.0,948.0,101.0,24.200000000000003,3.7,182.0,0.03
2020-05-03 13:30:00-06:00,2020,5,3,13,30,947.0,937.0,97.0,24.3,3.8,187.0,0.03
2020-05-03 14:30:00-06:00,2020,5,3,14,30,813.0,906.0,92.0,24.4,3.7,191.0,0.03
2020-05-03 15:30:00-06:00,2020,5,3,15,30,630.0,853.0,85.0,24.4,3.5,193.0,0.03
2020-05-03 16:30:00-06:00,2020,5,3,16,30,414.0,761.0,73.0,24.4,3.3000000000000003,193.0,0.03
2020-05-03 17:30:00-06:00,2020,5,3,17,30,189.0,572.0,54.0,24.3,3.1,192.0,0.03
2020-05-03 18:30:00-06:00,2020,5,3,18,30,16.0,104.0,14.0,24.0,3.2,182.0,0.03
2020-05-03 19:30:00-06:00,2020,5,3,19,30,0.0,0.0,0.0,23.9,3.6,175.0,0.03
2020-05-03 20:30:00-06:00,2020,5,3,20,30,0.0,0.0,0.0,23.8,4.1000000000000005,171.0,0.03
2020-05-03 21:30:00-06:00,2020,5,3,21,30,0.0,0.0,0.0,23.6,4.4,169.0,0.03
2020-05-03 22:30:00-06:00,2020,5,3,22,30,0.0,0.0,0.0,23.4,4.5,170.0,0.03
2020-05-03 23:30:00-06:00,2020,5,3,23,30,0.0,0.0,0.0,23.200000000000003,4.6000000000000005,173.0,0.03
2020-05-04 00:30:00-06:00,2020,5,4,0,30,0.0,0.0,0.0,23.1,4.5,176.0,0.03
2020-05-04 01:30:00-06:00,2020,5,4,1,30,0.0,0.0,0.0,23.0,4.2,180.0,0.03
2020-05-04 02:30:00-06:00,2020,5,4,2,30,0.0,0.0,0.0,22.9,3.8,183.0,0.03
2020-05-04 03:30:00-06:00,2020,5,4,3,30,0.0,0.0,0.0,22.9,3.2,185.0,0.03
2020-05-04 04:30:00-06:00,2020,5,4,4,30,0.0,0.0,0.0,22.9,2.6,185.0,0.03
2020-05-04 05:30:00-06:00,2020,5,4,5,30,24.0,146.0,18.0,23.0,2.1,178.0,0.03
2020-05-04 06:30:00-06:00,2020,5,4,6,30,161.0,332.0,77.0,23.200000000000003,1.7000000000000002,164.0,0.03
2020-05-04 07:30:00-06:00,2020,5,4,7,30,399.0,627.0,107.0,23.3,1.7000000000000002,147.0,0.03
2020-05-04 08:30:00-06:00,2020,5,4,8,30,584.0,631.0,172.0,23.5,1.8,138.0,0.03
2020-05-04 09:30:00-06:00,2020,5,4,9,30,791.0,781.0,161.0,23.700000000000003,1.9,141.0,0.03
2020-05-04 10:30:00-06:00,2020,5,4,10,30,828.0,514.0,358.0,24.0,2.0,149.0,0.03
2020-05-04 11:30:00-06:00,2020,5,4,11,30,1026.0,958.0,98.0,24.1,2.1,155.0,0.03
2020-05-04 12:30:00-06:00,2020,5,4,12,30,1025.0,961.0,96.0,24.200000000000003,2.3000000000000003,157.0,0.03
2020-05-04 13:30:00-06:00,2020,5,4,13,30,956.0,950.0,93.0,24.3,2.6,159.0,0.03
2020-05-04 14:30:00-06:00,2020,5,4,14,30,824.0,924.0,88.0,24.200000000000003,2.9000000000000004,162.0,0.03
2020-05-04 15:30:00-06:00,2020,5,4,15,30,640.0,873.0,81.0,24.0,3.1,168.0,0.03
2020-05-04 16:30:00-06:00,2020,5,4,16,30,421.0,782.0,69.0,23.8,3.2,173.0,0.03
2020-05-04 17:30:00-06:00,2020,5,4,17,30,194.0,596.0,52.0,23.700000000000003,3.1,174.0,0.03
2020-05-04 18:30:00-06:00,2020,5,4,18,30,17.0,116.0,14.0,23.3,3.0,171.0,0.02
2020-05-04 19:30:00-06:00,2020,5,4,19,30,0.0,0.0,0.0,23.200000000000003,3.1,169.0,0.02
2020-05-04 20:30:00-06:00,2020,5,4,20,30,0.0,0.0,0.0,23.1,3.2,168.0,0.02
2020-05-04 21:30:00-06:00,2020,5,4,21,30,0.0,0.0,0.0,23.0,3.4000000000000004,170.0,0.02
2020-05-04 22:30:00-06:00,2020,5,4,22,30,0.0,0.0,0.0,23.0,3.7,173.0,0.02
2020-05-04 23:30:00-06:00,2020,5,4,23,30,0.0,0.0,0.0,23.0,3.9,179.0,0.02
2020-05-05 00:30:00-06:00,2020,5,5,0,30,0.0,0.0,0.0,23.0,4.0,183.0,0.02
2020-05-05 01:30:00-06:00,2020,5,5,1,30,0.0,0.0,0.0,23.0,3.9,185.0,0.02
2020-05-05 02:30:00-06:00,2020,5,5,2,30,0.0,0.0,0.0,23.1,3.7,187.0,0.02
2020-05-05 03:30:00-06:00,2020,5,5,3,30,0.0,0.0,0.0,23.200000000000003,3.4000000000000004,190.0,0.02
2020-05-05 04:30:00-06:00,2020,5,5,4,30,0.0,0.0,0.0,23.4,3.1,198.0,0.02
2020-05-05 05:30:00-06:00,2020,5,5,5,30,22.0,119.0,17.0,23.700000000000003,2.7,209.0,0.02
2020-05-05 06:30:00-06:00,2020,5,5,6,30,156.0,297.0,80.0,24.1,2.2,230.0,0.02
2020-05-05 07:30:00-06:00,2020,5,5,7,30,390.0,586.0,116.0,24.3,2.1,259.0,0.02
2020-05-05 08:30:00-06:00,2020,5,5,8,30,506.0,396.0,246.0,24.6,2.3000000000000003,282.0,0.02
2020-05-05 09:30:00-06:00,2020,5,5,9,30,827.0,910.0,91.0,24.9,2.5,290.0,0.02
2020-05-05 10:30:00-06:00,2020,5,5,10,30,949.0,924.0,103.0,25.3,2.4000000000000004,287.0,0.02
2020-05-05 11:30:00-06:00,2020,5,5,11,30,1017.0,944.0,101.0,25.6,2.3000000000000003,280.0,0.02
2020-05-05 12:30:00-06:00,2020,5,5,12,30,943.0,713.0,253.0,25.8,2.2,270.0,0.02
2020-05-05 13:30:00-06:00,2020,5,5,13,30,939.0,920.0,103.0,26.0,2.2,260.0,0.02
2020-05-05 14:30:00-06:00,2020,5,5,14,30,805.0,883.0,100.0,26.0,2.5,249.0,0.02
2020-05-05 15:30:00-06:00,2020,5,5,15,30,621.0,820.0,95.0,25.8,2.9000000000000004,239.0,0.02
2020-05-05 16:30:00-06:00,2020,5,5,16,30,407.0,718.0,83.0,25.5,3.5,232.0,0.02
2020-05-05 17:30:00-06:00,2020,5,5,17,30,185.0,522.0,60.0,25.4,3.7,230.0,0.02
2020-05-05 18:30:00-06:00,2020,5,5,18,30,16.0,84.0,14.0,24.6,4.3,232.0,0.02
2020-05-05 19:30:00-06:00,2020,5,5,19,30,0.0,0.0,0.0,24.3,4.4,232.0,0.02
2020-05-05 20:30:00-06:00,2020,5,5,20,30,0.0,0.0,0.0,24.200000000000003,4.5,231.0,0.02
2020-05-05 21:30:00-06:00,2020,5,5,21,30,0.0,0.0,0.0,24.200000000000003,4.6000000000000005,231.0,0.02
2020-05-05 22:30:00-06:00,2020,5,5,22,30,0.0,0.0,0.0,24.200000000000003,4.5,234.0,0.02
2020-05-05 23:30:00-06:00,2020,5,5,23,30,0.0,0.0,0.0,24.3,4.4,245.0,0.02
2020-05-06 00:30:00-06:00,2020,5,6,0,30,0.0,0.0,0.0,24.3,4.5,265.0,0.02
2020-05-06 01:30:00-06:00,2020,5,6,1,30,0.0,0.0,0.0,24.3,4.6000000000000005,290.0,0.02
2020-05-06 02:30:00-06:00,2020,5,6,2,30,0.0,0.0,0.0,24.0,5.0,324.0,0.02
2020-05-06 03:30:00-06:00,2020,5,6,3,30,0.0,0.0,0.0,23.5,6.1000000000000005,177.0,0.02
2020-05-06 04:30:00-06:00,2020,5,6,4,30,0.0,0.0,0.0,22.8,7.0,12.0,0.02
2020-05-06 05:30:00-06:00,2020,5,6,5,30,13.0,5.0,13.0,21.9,7.9,16.0,0.02
2020-05-06 06:30:00-06:00,2020,5,6,6,30,120.0,95.0,95.0,21.4,8.6,21.0,0.02
2020-05-06 07:30:00-06:00,2020,5,6,7,30,280.0,196.0,188.0,21.700000000000003,8.6,30.0,0.02
2020-05-06 08:30:00-06:00,2020,5,6,8,30,273.0,32.0,252.0,22.5,8.200000000000001,40.0,0.02
2020-05-06 09:30:00-06:00,2020,5,6,9,30,336.0,31.0,311.0,23.3,7.6,47.0,0.02
2020-05-06 10:30:00-06:00,2020,5,6,10,30,730.0,331.0,426.0,24.0,6.9,47.0,0.02
2020-05-06 11:30:00-06:00,2020,5,6,11,30,822.0,405.0,429.0,24.6,6.2,42.0,0.02
2020-05-06 12:30:00-06:00,2020,5,6,12,30,992.0,840.0,178.0,25.0,5.5,36.0,0.02
2020-05-06 13:30:00-06:00,2020,5,6,13,30,923.0,831.0,167.0,25.3,5.0,30.0,0.02
2020-05-06 14:30:00-06:00,2020,5,6,14,30,810.0,854.0,128.0,25.6,4.7,27.0,0.02
2020-05-06 15:30:00-06:00,2020,5,6,15,30,635.0,826.0,104.0,25.700000000000003,4.2,23.0,0.02
2020-05-06 16:30:00-06:00,2020,5,6,16,30,420.0,740.0,85.0,25.8,3.6,18.0,0.02
2020-05-06 17:30:00-06:00,2020,5,6,17,30,193.0,543.0,62.0,25.700000000000003,3.3000000000000003,15.0,0.02
2020-05-06 18:30:00-06:00,2020,5,6,18,30,17.0,92.0,14.0,25.3,3.0,7.0,0.02
2020-05-06 19:30:00-06:00,2020,5,6,19,30,0.0,0.0,0.0,25.1,3.4000000000000004,4.0,0.02
2020-05-06 20:30:00-06:00,2020,5,6,20,30,0.0,0.0,0.0,24.9,4.1000000000000005,4.0,0.02
2020-05-06 21:30:00-06:00,2020,5,6,21,30,0.0,0.0,0.0,24.6,4.9,7.0,0.02
2020-05-06 22:30:00-06:00,2020,5,6,22,30,0.0,0.0,0.0,24.200000000000003,5.7,11.0,0.02
2020-05-06 23:30:00-06:00,2020,5,6,23,30,0.0,0.0,0.0,23.8,6.6000000000000005,16.0,0.02
2020-05-07 00:30:00-06:00,2020,5,7,0,30,0.0,0.0,0.0,23.4,7.4,21.0,0.02
2020-05-07 01:30:00-06:00,2020,5,7,1,30,0.0,0.0,0.0,23.0,7.800000000000001,27.0,0.02
2020-05-07 02:30:00-06:00,2020,5,7,2,30,0.0,0.0,0.0,22.6,8.0,33.0,0.02
2020-05-07 03:30:00-06:00,2020,5,7,3,30,0.0,0.0,0.0,22.1,7.9,40.0,0.02
2020-05-07 04:30:00-06:00,2020,5,7,4,30,0.0,0.0,0.0,21.6,7.7,45.0,0.02
2020-05-07 05:30:00-06:00,2020,5,7,5,30,26.0,138.0,20.0,21.3,7.5,50.0,0.02
2020-05-07 06:30:00-06:00,2020,5,7,6,30,211.0,566.0,63.0,21.3,7.0,54.0,0.02
2020-05-07 07:30:00-06:00,2020,5,7,7,30,436.0,746.0,85.0,21.4,6.5,57.0,0.02
2020-05-07 08:30:00-06:00,2020,5,7,8,30,651.0,841.0,97.0,21.6,6.0,61.0,0.02
2020-05-07 09:30:00-06:00,2020,5,7,9,30,830.0,894.0,105.0,21.9,5.6000000000000005,62.0,0.02
2020-05-07 10:30:00-06:00,2020,5,7,10,30,956.0,920.0,111.0,22.200000000000003,5.300000000000001,63.0,0.02
2020-05-07 11:30:00-06:00,2020,5,7,11,30,1021.0,931.0,116.0,22.4,5.0,64.0,0.02
2020-05-07 12:30:00-06:00,2020,5,7,12,30,1018.0,929.0,117.0,22.5,4.7,64.0,0.02
2020-05-07 13:30:00-06:00,2020,5,7,13,30,947.0,914.0,114.0,22.6,4.4,66.0,0.02
2020-05-07 14:30:00-06:00,2020,5,7,14,30,815.0,884.0,108.0,22.6,4.2,69.0,0.02
2020-05-07 15:30:00-06:00,2020,5,7,15,30,633.0,831.0,98.0,22.4,4.0,74.0,0.02
2020-05-07 16:30:00-06:00,2020,5,7,16,30,417.0,733.0,84.0,22.3,4.0,79.0,0.02
2020-05-07 17:30:00-06:00,2020,5,7,17,30,193.0,541.0,61.0,22.200000000000003,3.9,83.0,0.02
2020-05-07 18:30:00-06:00,2020,5,7,18,30,18.0,98.0,15.0,21.700000000000003,4.1000000000000005,106.0,0.02
2020-05-07 19:30:00-06:00,2020,5,7,19,30,0.0,0.0,0.0,21.5,4.5,123.0,0.02
2020-05-07 20:30:00-06:00,2020,5,7,20,30,0.0,0.0,0.0,21.5,5.0,137.0,0.02
2020-05-07 21:30:00-06:00,2020,5,7,21,30,0.0,0.0,0.0,21.5,5.4,147.0,0.02
2020-05-07 22:30:00-06:00,2020,5,7,22,30,0.0,0.0,0.0,21.6,5.800000000000001,155.0,0.02
2020-05-07 23:30:00-06:00,2020,5,7,23,30,0.0,0.0,0.0,21.700000000000003,6.0,160.0,0.02
2020-05-08 00:30:00-06:00,2020,5,8,0,30,0.0,0.0,0.0,21.8,6.0,164.0,0.02
2020-05-08 01:30:00-06:00,2020,5,8,1,30,0.0,0.0,0.0,21.9,6.0,167.0,0.02
2020-05-08 02:30:00-06:00,2020,5,8,2,30,0.0,0.0,0.0,22.1,6.300000000000001,169.0,0.02
2020-05-08 03:30:00-06:00,2020,5,8,3,30,0.0,0.0,0.0,22.3,6.7,171.0,0.02
2020-05-08 04:30:00-06:00,2020,5,8,4,30,0.0,0.0,0.0,22.5,7.300000000000001,174.0,0.02
2020-05-08 05:30:00-06:00,2020,5,8,5,30,27.0,133.0,21.0,22.9,7.6,178.0,0.02
2020-05-08 06:30:00-06:00,2020,5,8,6,30,210.0,554.0,64.0,23.3,7.6,181.0,0.02
2020-05-08 07:30:00-06:00,2020,5,8,7,30,432.0,726.0,89.0,23.700000000000003,7.300000000000001,186.0,0.02
2020-05-08 08:30:00-06:00,2020,5,8,8,30,642.0,811.0,107.0,24.0,6.9,191.0,0.02
2020-05-08 09:30:00-06:00,2020,5,8,9,30,744.0,632.0,230.0,24.4,6.0,201.0,0.02
2020-05-08 10:30:00-06:00,2020,5,8,10,30,634.0,194.0,456.0,24.700000000000003,5.0,212.0,0.02
2020-05-08 11:30:00-06:00,2020,5,8,11,30,999.0,883.0,140.0,25.0,4.5,217.0,0.02
2020-05-08 12:30:00-06:00,2020,5,8,12,30,996.0,881.0,141.0,25.1,4.4,214.0,0.02
2020-05-08 13:30:00-06:00,2020,5,8,13,30,927.0,864.0,139.0,25.1,4.5,209.0,0.02
2020-05-08 14:30:00-06:00,2020,5,8,14,30,795.0,826.0,133.0,25.0,5.0,203.0,0.02
2020-05-08 15:30:00-06:00,2020,5,8,15,30,529.0,501.0,206.0,24.6,5.800000000000001,198.0,0.02
2020-05-08 16:30:00-06:00,2020,5,8,16,30,376.0,558.0,122.0,24.1,6.7,197.0,0.02
2020-05-08 17:30:00-06:00,2020,5,8,17,30,129.0,191.0,82.0,23.9,7.1000000000000005,198.0,0.02
2020-05-08 18:30:00-06:00,2020,5,8,18,30,8.0,0.0,8.0,23.5,6.4,215.0,0.02
2020-05-08 19:30:00-06:00,2020,5,8,19,30,0.0,0.0,0.0,23.3,4.3,243.0,0.02
2020-05-08 20:30:00-06:00,2020,5,8,20,30,0.0,0.0,0.0,23.1,2.9000000000000004,270.0,0.02
2020-05-08 21:30:00-06:00,2020,5,8,21,30,0.0,0.0,0.0,23.1,2.6,281.0,0.02
2020-05-08 22:30:00-06:00,2020,5,8,22,30,0.0,0.0,0.0,23.0,2.7,296.0,0.02
2020-05-08 23:30:00-06:00,2020,5,8,23,30,0.0,0.0,0.0,22.700000000000003,3.2,324.0,0.02
2020-05-09 00:30:00-06:00,2020,5,9,0,30,0.0,0.0,0.0,22.200000000000003,4.4,348.0,0.02
2020-05-09 01:30:00-06:00,2020,5,9,1,30,0.0,0.0,0.0,21.700000000000003,5.800000000000001,186.0,0.02
2020-05-09 02:30:00-06:00,2020,5,9,2,30,0.0,0.0,0.0,21.3,7.0,19.0,0.02
2020-05-09 03:30:00-06:00,2020,5,9,3,30,0.0,0.0,0.0,21.0,7.9,29.0,0.02
2020-05-09 04:30:00-06:00,2020,5,9,4,30,0.0,0.0,0.0,20.8,8.5,36.0,0.02
2020-05-09 05:30:00-06:00,2020,5,9,5,30,5.0,0.0,5.0,20.6,8.6,41.0,0.02
2020-05-09 06:30:00-06:00,2020,5,9,6,30,35.0,0.0,35.0,20.5,8.5,45.0,0.02
2020-05-09 07:30:00-06:00,2020,5,9,7,30,50.0,0.0,50.0,20.5,8.4,48.0,0.02
2020-05-09 08:30:00-06:00,2020,5,9,8,30,139.0,0.0,139.0,20.5,8.3,53.0,0.02
2020-05-09 09:30:00-06:00,2020,5,9,9,30,249.0,11.0,240.0,20.5,8.1,56.0,0.02
2020-05-09 10:30:00-06:00,2020,5,9,10,30,353.0,23.0,332.0,20.6,7.9,58.0,0.02
2020-05-09 11:30:00-06:00,2020,5,9,11,30,618.0,131.0,490.0,20.6,7.800000000000001,59.0,0.02
2020-05-09 12:30:00-06:00,2020,5,9,12,30,476.0,55.0,423.0,20.700000000000003,7.6,60.0,0.02
2020-05-09 13:30:00-06:00,2020,5,9,13,30,340.0,20.0,322.0,20.700000000000003,7.5,59.0,0.02
2020-05-09 14:30:00-06:00,2020,5,9,14,30,378.0,47.0,340.0,20.8,7.4,58.0,0.02
2020-05-09 15:30:00-06:00,2020,5,9,15,30,232.0,16.0,222.0,20.8,7.2,59.0,0.02
2020-05-09 16:30:00-06:00,2020,5,9,16,30,123.0,0.0,123.0,20.9,7.2,61.0,0.02
2020-05-09 17:30:00-06:00,2020,5,9,17,30,66.0,0.0,66.0,20.9,7.2,62.0,0.02
2020-05-09 18:30:00-06:00,2020,5,9,18,30,8.0,0.0,8.0,21.1,6.800000000000001,64.0,0.02
2020-05-09 19:30:00-06:00,2020,5,9,19,30,0.0,0.0,0.0,21.200000000000003,6.6000000000000005,66.0,0.02
2020-05-09 20:30:00-06:00,2020,5,9,20,30,0.0,0.0,0.0,21.4,6.4,68.0,0.02
2020-05-09 21:30:00-06:00,2020,5,9,21,30,0.0,0.0,0.0,21.6,6.0,72.0,0.02
2020-05-09 22:30:00-06:00,2020,5,9,22,30,0.0,0.0,0.0,21.700000000000003,5.4,79.0,0.02
2020-05-09 23:30:00-06:00,2020,5,9,23,30,0.0,0.0,0.0,21.9,4.800000000000001,87.0,0.02
2020-05-10 00:30:00-06:00,2020,5,10,0,30,0.0,0.0,0.0,21.9,4.2,89.0,0.02
2020-05-10 01:30:00-06:00,2020,5,10,1,30,0.0,0.0,0.0,22.0,3.8,83.0,0.02
2020-05-10 02:30:00-06:00,2020,5,10,2,30,0.0,0.0,0.0,22.0,3.7,74.0,0.02
2020-05-10 03:30:00-06:00,2020,5,10,3,30,0.0,0.0,0.0,22.1,3.9,64.0,0.02
2020-05-10 04:30:00-06:00,2020,5,10,4,30,0.0,0.0,0.0,22.1,4.3,56.0,0.02
2020-05-10 05:30:00-06:00,2020,5,10,5,30,16.0,0.0,16.0,22.200000000000003,4.800000000000001,52.0,0.02
2020-05-10 06:30:00-06:00,2020,5,10,6,30,42.0,0.0,42.0,22.3,5.0,50.0,0.02
2020-05-10 07:30:00-06:00,2020,5,10,7,30,190.0,53.0,165.0,22.5,5.1000000000000005,48.0,0.02
2020-05-10 08:30:00-06:00,2020,5,10,8,30,416.0,218.0,271.0,22.700000000000003,5.0,44.0,0.02
2020-05-10 09:30:00-06:00,2020,5,10,9,30,349.0,38.0,318.0,23.0,5.0,37.0,0.02
2020-05-10 10:30:00-06:00,2020,5,10,10,30,938.0,881.0,126.0,23.1,5.2,31.0,0.02
2020-05-10 11:30:00-06:00,2020,5,10,11,30,932.0,669.0,280.0,23.3,5.5,27.0,0.02
2020-05-10 12:30:00-06:00,2020,5,10,12,30,1000.0,897.0,127.0,23.5,5.800000000000001,25.0,0.02
2020-05-10 13:30:00-06:00,2020,5,10,13,30,930.0,882.0,124.0,23.6,5.9,26.0,0.02
2020-05-10 14:30:00-06:00,2020,5,10,14,30,800.0,850.0,117.0,23.700000000000003,5.7,30.0,0.02
2020-05-10 15:30:00-06:00,2020,5,10,15,30,622.0,794.0,107.0,23.700000000000003,5.4,35.0,0.02
2020-05-10 16:30:00-06:00,2020,5,10,16,30,411.0,696.0,91.0,23.6,4.9,42.0,0.02
2020-05-10 17:30:00-06:00,2020,5,10,17,30,192.0,502.0,67.0,23.6,4.7,45.0,0.02
2020-05-10 18:30:00-06:00,2020,5,10,18,30,21.0,95.0,18.0,23.1,3.9,55.0,0.02
2020-05-10 19:30:00-06:00,2020,5,10,19,30,0.0,0.0,0.0,22.9,3.4000000000000004,55.0,0.02
2020-05-10 20:30:00-06:00,2020,5,10,20,30,0.0,0.0,0.0,22.9,3.0,48.0,0.02
2020-05-10 21:30:00-06:00,2020,5,10,21,30,0.0,0.0,0.0,22.9,2.9000000000000004,33.0,0.02
2020-05-10 22:30:00-06:00,2020,5,10,22,30,0.0,0.0,0.0,22.8,3.1,18.0,0.02
2020-05-10 23:30:00-06:00,2020,5,10,23,30,0.0,0.0,0.0,22.700000000000003,3.7,11.0,0.02
2020-05-11 00:30:00-06:00,2020,5,11,0,30,0.0,0.0,0.0,22.5,4.4,10.0,0.02
2020-05-11 01:30:00-06:00,2020,5,11,1,30,0.0,0.0,0.0,22.3,5.0,14.0,0.02
2020-05-11 02:30:00-06:00,2020,5,11,2,30,0.0,0.0,0.0,22.1,5.4,19.0,0.02
2020-05-11 03:30:00-06:00,2020,5,11,3,30,0.0,0.0,0.0,21.8,5.7,25.0,0.02
2020-05-11 04:30:00-06:00,2020,5,11,4,30,0.0,0.0,0.0,21.700000000000003,5.9,31.0,0.02
2020-05-11 05:30:00-06:00,2020,5,11,5,30,29.0,131.0,22.0,21.9,5.9,38.0,0.02
2020-05-11 06:30:00-06:00,2020,5,11,6,30,220.0,574.0,65.0,22.3,5.9,42.0,0.02
2020-05-11 07:30:00-06:00,2020,5,11,7,30,445.0,749.0,87.0,22.700000000000003,5.800000000000001,44.0,0.02
2020-05-11 08:30:00-06:00,2020,5,11,8,30,658.0,840.0,100.0,23.200000000000003,5.7,46.0,0.02
2020-05-11 09:30:00-06:00,2020,5,11,9,30,836.0,890.0,110.0,23.5,5.5,50.0,0.02
2020-05-11 10:30:00-06:00,2020,5,11,10,30,963.0,917.0,117.0,23.700000000000003,5.300000000000001,54.0,0.02
2020-05-11 11:30:00-06:00,2020,5,11,11,30,1028.0,933.0,117.0,23.9,4.9,59.0,0.02
2020-05-11 12:30:00-06:00,2020,5,11,12,30,1027.0,938.0,114.0,24.0,4.5,64.0,0.02
2020-05-11 13:30:00-06:00,2020,5,11,13,30,959.0,927.0,111.0,24.0,4.3,70.0,0.02
2020-05-11 14:30:00-06:00,2020,5,11,14,30,827.0,900.0,103.0,23.9,4.3,76.0,0.02
2020-05-11 15:30:00-06:00,2020,5,11,15,30,645.0,847.0,95.0,23.8,4.2,81.0,0.02
2020-05-11 16:30:00-06:00,2020,5,11,16,30,419.0,711.0,91.0,23.700000000000003,4.0,85.0,0.02
2020-05-11 17:30:00-06:00,2020,5,11,17,30,202.0,564.0,60.0,23.6,3.8,88.0,0.02
2020-05-11 18:30:00-06:00,2020,5,11,18,30,18.0,61.0,16.0,23.1,3.5,98.0,0.02
2020-05-11 19:30:00-06:00,2020,5,11,19,30,0.0,0.0,0.0,23.0,3.3000000000000003,107.0,0.02
2020-05-11 20:30:00-06:00,2020,5,11,20,30,0.0,0.0,0.0,22.9,3.0,115.0,0.02
2020-05-11 21:30:00-06:00,2020,5,11,21,30,0.0,0.0,0.0,22.700000000000003,2.7,119.0,0.02
2020-05-11 22:30:00-06:00,2020,5,11,22,30,0.0,0.0,0.0,22.5,2.9000000000000004,117.0,0.02
2020-05-11 23:30:00-06:00,2020,5,11,23,30,0.0,0.0,0.0,22.4,3.1,115.0,0.02
2020-05-12 00:30:00-06:00,2020,5,12,0,30,0.0,0.0,0.0,22.3,3.4000000000000004,113.0,0.02
2020-05-12 01:30:00-06:00,2020,5,12,1,30,0.0,0.0,0.0,22.200000000000003,3.7,111.0,0.02
2020-05-12 02:30:00-06:00,2020,5,12,2,30,0.0,0.0,0.0,22.200000000000003,4.0,108.0,0.02
2020-05-12 03:30:00-06:00,2020,5,12,3,30,0.0,0.0,0.0,22.200000000000003,4.2,104.0,0.02
2020-05-12 04:30:00-06:00,2020,5,12,4,30,0.0,0.0,0.0,22.3,4.3,101.0,0.02
2020-05-12 05:30:00-06:00,2020,5,12,5,30,33.0,154.0,24.0,22.6,4.3,102.0,0.02
2020-05-12 06:30:00-06:00,2020,5,12,6,30,215.0,540.0,68.0,22.9,4.1000000000000005,102.0,0.02
2020-05-12 07:30:00-06:00,2020,5,12,7,30,422.0,661.0,105.0,23.200000000000003,3.9,102.0,0.02
2020-05-12 08:30:00-06:00,2020,5,12,8,30,647.0,813.0,106.0,23.5,3.8,103.0,0.02
2020-05-12 09:30:00-06:00,2020,5,12,9,30,822.0,864.0,116.0,23.9,4.0,107.0,0.02
2020-05-12 10:30:00-06:00,2020,5,12,10,30,947.0,891.0,124.0,24.200000000000003,4.3,112.0,0.02
2020-05-12 11:30:00-06:00,2020,5,12,11,30,1010.0,901.0,130.0,24.4,4.5,116.0,0.02
2020-05-12 12:30:00-06:00,2020,5,12,12,30,937.0,658.0,296.0,24.5,4.7,119.0,0.02
2020-05-12 13:30:00-06:00,2020,5,12,13,30,873.0,704.0,228.0,24.6,4.800000000000001,120.0,0.02
2020-05-12 14:30:00-06:00,2020,5,12,14,30,712.0,569.0,254.0,24.6,4.9,120.0,0.02
2020-05-12 15:30:00-06:00,2020,5,12,15,30,485.0,338.0,265.0,24.5,5.1000000000000005,120.0,0.02
2020-05-12 16:30:00-06:00,2020,5,12,16,30,268.0,215.0,169.0,24.4,5.300000000000001,120.0,0.02
2020-05-12 17:30:00-06:00,2020,5,12,17,30,169.0,346.0,81.0,24.3,5.4,121.0,0.02
2020-05-12 18:30:00-06:00,2020,5,12,18,30,16.0,24.0,15.0,24.1,5.800000000000001,126.0,0.02
2020-05-12 19:30:00-06:00,2020,5,12,19,30,0.0,0.0,0.0,24.0,6.0,130.0,0.02
2020-05-12 20:30:00-06:00,2020,5,12,20,30,0.0,0.0,0.0,24.0,6.0,134.0,0.02
2020-05-12 21:30:00-06:00,2020,5,12,21,30,0.0,0.0,0.0,24.0,5.800000000000001,138.0,0.02
2020-05-12 22:30:00-06:00,2020,5,12,22,30,0.0,0.0,0.0,23.9,5.6000000000000005,140.0,0.02
2020-05-12 23:30:00-06:00,2020,5,12,23,30,0.0,0.0,0.0,23.8,5.5,142.0,0.02
2020-05-13 00:30:00-06:00,2020,5,13,0,30,0.0,0.0,0.0,23.700000000000003,5.300000000000001,142.0,0.02
2020-05-13 01:30:00-06:00,2020,5,13,1,30,0.0,0.0,0.0,23.700000000000003,5.2,140.0,0.02
2020-05-13 02:30:00-06:00,2020,5,13,2,30,0.0,0.0,0.0,23.6,5.1000000000000005,138.0,0.02
2020-05-13 03:30:00-06:00,2020,5,13,3,30,0.0,0.0,0.0,23.6,5.0,135.0,0.02
2020-05-13 04:30:00-06:00,2020,5,13,4,30,0.0,0.0,0.0,23.700000000000003,4.9,133.0,0.02
2020-05-13 05:30:00-06:00,2020,5,13,5,30,30.0,91.0,25.0,23.8,4.9,132.0,0.02
2020-05-13 06:30:00-06:00,2020,5,13,6,30,205.0,451.0,82.0,24.1,4.9,132.0,0.02
2020-05-13 07:30:00-06:00,2020,5,13,7,30,422.0,647.0,111.0,24.200000000000003,5.0,132.0,0.02
2020-05-13 08:30:00-06:00,2020,5,13,8,30,628.0,749.0,128.0,24.5,5.1000000000000005,132.0,0.02
2020-05-13 09:30:00-06:00,2020,5,13,9,30,782.0,743.0,174.0,24.700000000000003,5.1000000000000005,132.0,0.02
2020-05-13 10:30:00-06:00,2020,5,13,10,30,924.0,837.0,150.0,24.8,5.0,132.0,0.02
2020-05-13 11:30:00-06:00,2020,5,13,11,30,989.0,862.0,146.0,25.0,4.800000000000001,130.0,0.02
2020-05-13 12:30:00-06:00,2020,5,13,12,30,877.0,552.0,339.0,25.1,4.6000000000000005,128.0,0.02
2020-05-13 13:30:00-06:00,2020,5,13,13,30,600.0,191.0,425.0,25.200000000000003,4.6000000000000005,126.0,0.02
2020-05-13 14:30:00-06:00,2020,5,13,14,30,471.0,121.0,373.0,25.200000000000003,4.7,124.0,0.02
2020-05-13 15:30:00-06:00,2020,5,13,15,30,523.0,475.0,213.0,25.200000000000003,5.0,123.0,0.02
2020-05-13 16:30:00-06:00,2020,5,13,16,30,390.0,607.0,109.0,25.1,5.4,122.0,0.02
2020-05-13 17:30:00-06:00,2020,5,13,17,30,149.0,239.0,88.0,25.0,5.6000000000000005,121.0,0.02
2020-05-13 18:30:00-06:00,2020,5,13,18,30,19.0,52.0,17.0,24.8,6.300000000000001,123.0,0.02
2020-05-13 19:30:00-06:00,2020,5,13,19,30,0.0,0.0,0.0,24.700000000000003,6.7,124.0,0.02
2020-05-13 20:30:00-06:00,2020,5,13,20,30,0.0,0.0,0.0,24.5,6.800000000000001,124.0,0.02
2020-05-13 21:30:00-06:00,2020,5,13,21,30,0.0,0.0,0.0,24.4,6.6000000000000005,123.0,0.02
2020-05-13 22:30:00-06:00,2020,5,13,22,30,0.0,0.0,0.0,24.200000000000003,6.5,124.0,0.02
2020-05-13 23:30:00-06:00,2020,5,13,23,30,0.0,0.0,0.0,24.1,6.300000000000001,125.0,0.02
2020-05-14 00:30:00-06:00,2020,5,14,0,30,0.0,0.0,0.0,24.1,6.2,125.0,0.02
2020-05-14 01:30:00-06:00,2020,5,14,1,30,0.0,0.0,0.0,24.1,6.2,124.0,0.02
2020-05-14 02:30:00-06:00,2020,5,14,2,30,0.0,0.0,0.0,24.1,6.2,123.0,0.02
2020-05-14 03:30:00-06:00,2020,5,14,3,30,0.0,0.0,0.0,24.1,6.2,123.0,0.02
2020-05-14 04:30:00-06:00,2020,5,14,4,30,0.0,0.0,0.0,24.200000000000003,6.0,124.0,0.02
2020-05-14 05:30:00-06:00,2020,5,14,5,30,27.0,62.0,23.0,24.3,5.7,127.0,0.02
2020-05-14 06:30:00-06:00,2020,5,14,6,30,177.0,296.0,96.0,24.5,5.5,131.0,0.02
2020-05-14 07:30:00-06:00,2020,5,14,7,30,405.0,588.0,121.0,24.6,5.2,135.0,0.02
2020-05-14 08:30:00-06:00,2020,5,14,8,30,611.0,709.0,137.0,24.8,5.2,138.0,0.02
2020-05-14 09:30:00-06:00,2020,5,14,9,30,698.0,534.0,261.0,24.9,5.300000000000001,138.0,0.02
2020-05-14 10:30:00-06:00,2020,5,14,10,30,801.0,516.0,324.0,24.9,5.6000000000000005,136.0,0.02
2020-05-14 11:30:00-06:00,2020,5,14,11,30,835.0,425.0,419.0,24.9,5.800000000000001,133.0,0.02
2020-05-14 12:30:00-06:00,2020,5,14,12,30,823.0,411.0,422.0,24.9,5.9,132.0,0.02
2020-05-14 13:30:00-06:00,2020,5,14,13,30,682.0,258.0,445.0,24.9,5.9,133.0,0.02
2020-05-14 14:30:00-06:00,2020,5,14,14,30,517.0,159.0,389.0,24.9,6.1000000000000005,134.0,0.02
2020-05-14 15:30:00-06:00,2020,5,14,15,30,478.0,318.0,270.0,24.9,6.300000000000001,137.0,0.02
2020-05-14 16:30:00-06:00,2020,5,14,16,30,334.0,355.0,169.0,24.9,6.5,138.0,0.02
2020-05-14 17:30:00-06:00,2020,5,14,17,30,123.0,127.0,90.0,24.9,6.6000000000000005,138.0,0.02
2020-05-14 18:30:00-06:00,2020,5,14,18,30,14.0,5.0,14.0,24.8,6.6000000000000005,137.0,0.02
2020-05-14 19:30:00-06:00,2020,5,14,19,30,0.0,0.0,0.0,24.8,6.5,135.0,0.02
2020-05-14 20:30:00-06:00,2020,5,14,20,30,0.0,0.0,0.0,24.700000000000003,6.4,134.0,0.02
2020-05-14 21:30:00-06:00,2020,5,14,21,30,0.0,0.0,0.0,24.6,6.4,134.0,0.02
2020-05-14 22:30:00-06:00,2020,5,14,22,30,0.0,0.0,0.0,24.5,6.300000000000001,134.0,0.02
2020-05-14 23:30:00-06:00,2020,5,14,23,30,0.0,0.0,0.0,24.4,6.1000000000000005,137.0,0.02
2020-05-15 00:30:00-06:00,2020,5,15,0,30,0.0,0.0,0.0,24.3,6.0,142.0,0.02
2020-05-15 01:30:00-06:00,2020,5,15,1,30,0.0,0.0,0.0,24.3,5.9,149.0,0.02
2020-05-15 02:30:00-06:00,2020,5,15,2,30,0.0,0.0,0.0,24.200000000000003,5.9,155.0,0.02
2020-05-15 03:30:00-06:00,2020,5,15,3,30,0.0,0.0,0.0,24.200000000000003,5.800000000000001,159.0,0.02
2020-05-15 04:30:00-06:00,2020,5,15,4,30,0.0,0.0,0.0,24.200000000000003,5.7,162.0,0.02
2020-05-15 05:30:00-06:00,2020,5,15,5,30,8.0,0.0,8.0,24.200000000000003,5.6000000000000005,164.0,0.02
2020-05-15 06:30:00-06:00,2020,5,15,6,30,20.0,0.0,20.0,24.200000000000003,5.300000000000001,164.0,0.02
2020-05-15 07:30:00-06:00,2020,5,15,7,30,25.0,0.0,25.0,24.3,4.800000000000001,162.0,0.02
2020-05-15 08:30:00-06:00,2020,5,15,8,30,136.0,0.0,136.0,24.4,4.3,159.0,0.02
2020-05-15 09:30:00-06:00,2020,5,15,9,30,183.0,5.0,179.0,24.6,3.8,154.0,0.02
2020-05-15 10:30:00-06:00,2020,5,15,10,30,289.0,14.0,276.0,24.700000000000003,3.5,145.0,0.02
2020-05-15 11:30:00-06:00,2020,5,15,11,30,324.0,17.0,307.0,24.9,3.6,137.0,0.02
2020-05-15 12:30:00-06:00,2020,5,15,12,30,425.0,32.0,394.0,25.0,3.7,131.0,0.02
2020-05-15 13:30:00-06:00,2020,5,15,13,30,536.0,98.0,446.0,25.0,3.9,129.0,0.02
2020-05-15 14:30:00-06:00,2020,5,15,14,30,400.0,58.0,353.0,25.0,4.2,128.0,0.02
2020-05-15 15:30:00-06:00,2020,5,15,15,30,216.0,14.0,207.0,25.0,4.5,127.0,0.02
2020-05-15 16:30:00-06:00,2020,5,15,16,30,213.0,61.0,185.0,24.9,4.7,126.0,0.02
2020-05-15 17:30:00-06:00,2020,5,15,17,30,80.0,10.0,77.0,24.8,4.800000000000001,125.0,0.02
2020-05-15 18:30:00-06:00,2020,5,15,18,30,12.0,0.0,12.0,24.6,5.0,122.0,0.02
2020-05-15 19:30:00-06:00,2020,5,15,19,30,0.0,0.0,0.0,24.6,5.0,122.0,0.02
2020-05-15 20:30:00-06:00,2020,5,15,20,30,0.0,0.0,0.0,24.6,5.0,123.0,0.02
2020-05-15 21:30:00-06:00,2020,5,15,21,30,0.0,0.0,0.0,24.6,5.0,123.0,0.02
2020-05-15 22:30:00-06:00,2020,5,15,22,30,0.0,0.0,0.0,24.5,5.0,123.0,0.02
2020-05-15 23:30:00-06:00,2020,5,15,23,30,0.0,0.0,0.0,24.5,5.0,125.0,0.02
2020-05-16 00:30:00-06:00,2020,5,16,0,30,0.0,0.0,0.0,24.4,5.0,126.0,0.02
2020-05-16 01:30:00-06:00,2020,5,16,1,30,0.0,0.0,0.0,24.4,4.800000000000001,126.0,0.02
2020-05-16 02:30:00-06:00,2020,5,16,2,30,0.0,0.0,0.0,24.4,4.7,124.0,0.02
2020-05-16 03:30:00-06:00,2020,5,16,3,30,0.0,0.0,0.0,24.3,4.7,123.0,0.02
2020-05-16 04:30:00-06:00,2020,5,16,4,30,0.0,0.0,0.0,24.3,4.7,124.0,0.02
2020-05-16 05:30:00-06:00,2020,5,16,5,30,34.0,130.0,26.0,24.5,4.7,127.0,0.02
2020-05-16 06:30:00-06:00,2020,5,16,6,30,212.0,504.0,72.0,24.6,4.9,133.0,0.02
2020-05-16 07:30:00-06:00,2020,5,16,7,30,361.0,413.0,161.0,24.8,5.300000000000001,141.0,0.02
2020-05-16 08:30:00-06:00,2020,5,16,8,30,565.0,537.0,205.0,24.9,5.9,145.0,0.02
2020-05-16 09:30:00-06:00,2020,5,16,9,30,686.0,478.0,294.0,25.1,6.5,146.0,0.02
2020-05-16 10:30:00-06:00,2020,5,16,10,30,778.0,422.0,387.0,25.200000000000003,6.6000000000000005,145.0,0.02
2020-05-16 11:30:00-06:00,2020,5,16,11,30,673.0,187.0,490.0,25.4,6.4,144.0,0.02
2020-05-16 12:30:00-06:00,2020,5,16,12,30,760.0,307.0,460.0,25.5,5.9,145.0,0.02
2020-05-16 13:30:00-06:00,2020,5,16,13,30,673.0,248.0,445.0,25.5,5.6000000000000005,148.0,0.02
2020-05-16 14:30:00-06:00,2020,5,16,14,30,206.0,29.0,183.0,25.5,5.9,148.0,0.02
2020-05-16 15:30:00-06:00,2020,5,16,15,30,139.0,2.0,138.0,25.3,6.300000000000001,147.0,0.02
2020-05-16 16:30:00-06:00,2020,5,16,16,30,194.0,59.0,166.0,25.200000000000003,6.4,147.0,0.02
2020-05-16 17:30:00-06:00,2020,5,16,17,30,51.0,31.0,43.0,25.1,6.5,148.0,0.02
2020-05-16 18:30:00-06:00,2020,5,16,18,30,8.0,0.0,8.0,24.9,6.1000000000000005,151.0,0.02
2020-05-16 19:30:00-06:00,2020,5,16,19,30,0.0,0.0,0.0,24.8,5.800000000000001,153.0,0.02
2020-05-16 20:30:00-06:00,2020,5,16,20,30,0.0,0.0,0.0,24.8,5.800000000000001,155.0,0.02
2020-05-16 21:30:00-06:00,2020,5,16,21,30,0.0,0.0,0.0,24.8,5.9,156.0,0.02
2020-05-16 22:30:00-06:00,2020,5,16,22,30,0.0,0.0,0.0,24.8,6.0,157.0,0.02
2020-05-16 23:30:00-06:00,2020,5,16,23,30,0.0,0.0,0.0,24.8,6.0,159.0,0.02
2020-05-17 00:30:00-06:00,2020,5,17,0,30,0.0,0.0,0.0,24.8,6.0,162.0,0.02
2020-05-17 01:30:00-06:00,2020,5,17,1,30,0.0,0.0,0.0,24.9,5.800000000000001,166.0,0.02
2020-05-17 02:30:00-06:00,2020,5,17,2,30,0.0,0.0,0.0,24.9,5.7,171.0,0.02
2020-05-17 03:30:00-06:00,2020,5,17,3,30,0.0,0.0,0.0,24.9,5.6000000000000005,175.0,0.02
2020-05-17 04:30:00-06:00,2020,5,17,4,30,0.0,0.0,0.0,25.0,5.6000000000000005,179.0,0.02
2020-05-17 05:30:00-06:00,2020,5,17,5,30,27.0,50.0,24.0,25.0,5.800000000000001,183.0,0.02
2020-05-17 06:30:00-06:00,2020,5,17,6,30,193.0,322.0,103.0,25.1,6.0,188.0,0.02
2020-05-17 07:30:00-06:00,2020,5,17,7,30,346.0,363.0,169.0,25.200000000000003,6.2,192.0,0.02
2020-05-17 08:30:00-06:00,2020,5,17,8,30,596.0,612.0,185.0,25.3,6.2,196.0,0.02
2020-05-17 09:30:00-06:00,2020,5,17,9,30,687.0,481.0,292.0,25.4,6.1000000000000005,200.0,0.02
2020-05-17 10:30:00-06:00,2020,5,17,10,30,850.0,631.0,265.0,25.6,6.0,205.0,0.02
2020-05-17 11:30:00-06:00,2020,5,17,11,30,920.0,679.0,254.0,25.700000000000003,5.800000000000001,209.0,0.02
2020-05-17 12:30:00-06:00,2020,5,17,12,30,727.0,260.0,473.0,25.700000000000003,5.6000000000000005,213.0,0.02
2020-05-17 13:30:00-06:00,2020,5,17,13,30,851.0,684.0,222.0,25.8,5.5,219.0,0.02
2020-05-17 14:30:00-06:00,2020,5,17,14,30,761.0,730.0,169.0,25.6,5.5,228.0,0.02
2020-05-17 15:30:00-06:00,2020,5,17,15,30,549.0,530.0,201.0,25.3,5.800000000000001,239.0,0.02
2020-05-17 16:30:00-06:00,2020,5,17,16,30,381.0,497.0,148.0,24.9,6.2,247.0,0.02
2020-05-17 17:30:00-06:00,2020,5,17,17,30,180.0,333.0,93.0,24.700000000000003,6.2,250.0,0.02
2020-05-17 18:30:00-06:00,2020,5,17,18,30,16.0,23.0,15.0,24.4,5.5,254.0,0.02
2020-05-17 19:30:00-06:00,2020,5,17,19,30,0.0,0.0,0.0,24.4,5.300000000000001,259.0,0.02
2020-05-17 20:30:00-06:00,2020,5,17,20,30,0.0,0.0,0.0,24.4,5.2,264.0,0.02
2020-05-17 21:30:00-06:00,2020,5,17,21,30,0.0,0.0,0.0,24.3,5.2,264.0,0.02
2020-05-17 22:30:00-06:00,2020,5,17,22,30,0.0,0.0,0.0,24.3,5.4,260.0,0.02
2020-05-17 23:30:00-06:00,2020,5,17,23,30,0.0,0.0,0.0,24.3,5.800000000000001,255.0,0.02
2020-05-18 00:30:00-06:00,2020,5,18,0,30,0.0,0.0,0.0,24.4,6.300000000000001,250.0,0.02
2020-05-18 01:30:00-06:00,2020,5,18,1,30,0.0,0.0,0.0,24.4,6.800000000000001,248.0,0.02
2020-05-18 02:30:00-06:00,2020,5,18,2,30,0.0,0.0,0.0,24.5,7.2,252.0,0.02
2020-05-18 03:30:00-06:00,2020,5,18,3,30,0.0,0.0,0.0,24.6,7.2,261.0,0.02
2020-05-18 04:30:00-06:00,2020,5,18,4,30,0.0,0.0,0.0,24.6,7.0,272.0,0.02
2020-05-18 05:30:00-06:00,2020,5,18,5,30,39.0,182.0,26.0,24.5,6.800000000000001,281.0,0.02
2020-05-18 06:30:00-06:00,2020,5,18,6,30,224.0,566.0,65.0,24.5,6.5,286.0,0.02
2020-05-18 07:30:00-06:00,2020,5,18,7,30,449.0,742.0,87.0,24.6,6.300000000000001,289.0,0.02
2020-05-18 08:30:00-06:00,2020,5,18,8,30,663.0,833.0,103.0,24.9,6.2,287.0,0.02
2020-05-18 09:30:00-06:00,2020,5,18,9,30,840.0,881.0,115.0,25.1,6.1000000000000005,282.0,0.02
2020-05-18 10:30:00-06:00,2020,5,18,10,30,964.0,906.0,123.0,25.4,6.1000000000000005,277.0,0.02
2020-05-18 11:30:00-06:00,2020,5,18,11,30,1025.0,918.0,124.0,25.6,6.300000000000001,274.0,0.02
2020-05-18 12:30:00-06:00,2020,5,18,12,30,1023.0,919.0,124.0,25.8,6.6000000000000005,277.0,0.02
2020-05-18 13:30:00-06:00,2020,5,18,13,30,953.0,907.0,118.0,26.0,6.7,283.0,0.02
2020-05-18 14:30:00-06:00,2020,5,18,14,30,823.0,878.0,111.0,26.200000000000003,6.6000000000000005,290.0,0.02
2020-05-18 15:30:00-06:00,2020,5,18,15,30,644.0,826.0,101.0,26.3,6.6000000000000005,297.0,0.02
2020-05-18 16:30:00-06:00,2020,5,18,16,30,432.0,734.0,86.0,26.200000000000003,6.4,302.0,0.02
2020-05-18 17:30:00-06:00,2020,5,18,17,30,210.0,553.0,64.0,26.200000000000003,6.300000000000001,304.0,0.02
2020-05-18 18:30:00-06:00,2020,5,18,18,30,29.0,136.0,22.0,25.700000000000003,5.6000000000000005,305.0,0.02
2020-05-18 19:30:00-06:00,2020,5,18,19,30,0.0,0.0,0.0,25.4,5.300000000000001,305.0,0.02
2020-05-18 20:30:00-06:00,2020,5,18,20,30,0.0,0.0,0.0,25.1,4.9,304.0,0.02
2020-05-18 21:30:00-06:00,2020,5,18,21,30,0.0,0.0,0.0,24.9,4.4,305.0,0.02
2020-05-18 22:30:00-06:00,2020,5,18,22,30,0.0,0.0,0.0,24.700000000000003,3.9,305.0,0.02
2020-05-18 23:30:00-06:00,2020,5,18,23,30,0.0,0.0,0.0,24.5,3.4000000000000004,304.0,0.02
2020-05-19 00:30:00-06:00,2020,5,19,0,30,0.0,0.0,0.0,24.3,2.9000000000000004,300.0,0.02
2020-05-19 01:30:00-06:00,2020,5,19,1,30,0.0,0.0,0.0,24.200000000000003,2.6,290.0,0.02
2020-05-19 02:30:00-06:00,2020,5,19,2,30,0.0,0.0,0.0,24.200000000000003,2.4000000000000004,276.0,0.02
2020-05-19 03:30:00-06:00,2020,5,19,3,30,0.0,0.0,0.0,24.3,2.4000000000000004,263.0,0.02
2020-05-19 04:30:00-06:00,2020,5,19,4,30,0.0,0.0,0.0,24.4,2.5,253.0,0.02
2020-05-19 05:30:00-06:00,2020,5,19,5,30,40.0,186.0,27.0,24.6,2.6,246.0,0.02
2020-05-19 06:30:00-06:00,2020,5,19,6,30,221.0,550.0,66.0,24.9,2.9000000000000004,241.0,0.02
2020-05-19 07:30:00-06:00,2020,5,19,7,30,436.0,711.0,88.0,25.200000000000003,3.1,237.0,0.02
2020-05-19 08:30:00-06:00,2020,5,19,8,30,640.0,797.0,103.0,25.6,3.4000000000000004,234.0,0.02
2020-05-19 09:30:00-06:00,2020,5,19,9,30,811.0,848.0,113.0,25.9,3.8,233.0,0.02
2020-05-19 10:30:00-06:00,2020,5,19,10,30,933.0,876.0,120.0,26.1,4.3,231.0,0.02
2020-05-19 11:30:00-06:00,2020,5,19,11,30,997.0,891.0,122.0,26.200000000000003,4.800000000000001,230.0,0.02
2020-05-19 12:30:00-06:00,2020,5,19,12,30,996.0,892.0,122.0,26.3,5.2,230.0,0.02
2020-05-19 13:30:00-06:00,2020,5,19,13,30,930.0,879.0,120.0,26.4,5.5,230.0,0.02
2020-05-19 14:30:00-06:00,2020,5,19,14,30,805.0,853.0,112.0,26.4,5.6000000000000005,231.0,0.02
2020-05-19 15:30:00-06:00,2020,5,19,15,30,632.0,805.0,101.0,26.3,5.5,233.0,0.02
2020-05-19 16:30:00-06:00,2020,5,19,16,30,424.0,714.0,87.0,26.1,5.300000000000001,234.0,0.02
2020-05-19 17:30:00-06:00,2020,5,19,17,30,207.0,536.0,65.0,26.0,5.2,234.0,0.02
2020-05-19 18:30:00-06:00,2020,5,19,18,30,30.0,142.0,22.0,25.6,4.9,231.0,0.02
2020-05-19 19:30:00-06:00,2020,5,19,19,30,0.0,0.0,0.0,25.4,4.800000000000001,229.0,0.02
2020-05-19 20:30:00-06:00,2020,5,19,20,30,0.0,0.0,0.0,25.3,4.800000000000001,226.0,0.02
2020-05-19 21:30:00-06:00,2020,5,19,21,30,0.0,0.0,0.0,25.200000000000003,4.800000000000001,223.0,0.02
2020-05-19 22:30:00-06:00,2020,5,19,22,30,0.0,0.0,0.0,25.200000000000003,5.0,220.0,0.02
2020-05-19 23:30:00-06:00,2020,5,19,23,30,0.0,0.0,0.0,25.1,5.2,218.0,0.02
2020-05-20 00:30:00-06:00,2020,5,20,0,30,0.0,0.0,0.0,25.1,5.4,217.0,0.02
2020-05-20 01:30:00-06:00,2020,5,20,1,30,0.0,0.0,0.0,25.1,5.300000000000001,217.0,0.02
2020-05-20 02:30:00-06:00,2020,5,20,2,30,0.0,0.0,0.0,25.1,5.1000000000000005,218.0,0.02
2020-05-20 03:30:00-06:00,2020,5,20,3,30,0.0,0.0,0.0,25.200000000000003,4.800000000000001,221.0,0.02
2020-05-20 04:30:00-06:00,2020,5,20,4,30,0.0,0.0,0.0,25.200000000000003,4.4,225.0,0.02
2020-05-20 05:30:00-06:00,2020,5,20,5,30,39.0,155.0,28.0,25.4,4.1000000000000005,230.0,0.02
2020-05-20 06:30:00-06:00,2020,5,20,6,30,171.0,287.0,90.0,25.6,4.0,236.0,0.02
2020-05-20 07:30:00-06:00,2020,5,20,7,30,434.0,701.0,91.0,25.8,4.1000000000000005,242.0,0.02
2020-05-20 08:30:00-06:00,2020,5,20,8,30,639.0,794.0,104.0,26.0,4.3,246.0,0.02
2020-05-20 09:30:00-06:00,2020,5,20,9,30,809.0,847.0,111.0,26.200000000000003,4.3,246.0,0.02
2020-05-20 10:30:00-06:00,2020,5,20,10,30,908.0,800.0,165.0,26.4,4.4,245.0,0.02
2020-05-20 11:30:00-06:00,2020,5,20,11,30,913.0,620.0,304.0,26.5,4.4,243.0,0.02
2020-05-20 12:30:00-06:00,2020,5,20,12,30,946.0,742.0,219.0,26.6,4.4,241.0,0.02
2020-05-20 13:30:00-06:00,2020,5,20,13,30,767.0,406.0,393.0,26.5,4.3,240.0,0.02
2020-05-20 14:30:00-06:00,2020,5,20,14,30,653.0,385.0,340.0,26.5,4.1000000000000005,241.0,0.02
2020-05-20 15:30:00-06:00,2020,5,20,15,30,493.0,333.0,273.0,26.4,3.7,244.0,0.02
2020-05-20 16:30:00-06:00,2020,5,20,16,30,343.0,391.0,158.0,26.3,3.2,247.0,0.02
2020-05-20 17:30:00-06:00,2020,5,20,17,30,129.0,119.0,97.0,26.3,3.0,248.0,0.02
2020-05-20 18:30:00-06:00,2020,5,20,18,30,19.0,23.0,18.0,25.8,2.0,241.0,0.02
2020-05-20 19:30:00-06:00,2020,5,20,19,30,0.0,0.0,0.0,25.6,1.3,218.0,0.02
2020-05-20 20:30:00-06:00,2020,5,20,20,30,0.0,0.0,0.0,25.5,1.2000000000000002,180.0,0.02
2020-05-20 21:30:00-06:00,2020,5,20,21,30,0.0,0.0,0.0,25.3,1.6,158.0,0.02
2020-05-20 22:30:00-06:00,2020,5,20,22,30,0.0,0.0,0.0,25.0,2.1,157.0,0.02
2020-05-20 23:30:00-06:00,2020,5,20,23,30,0.0,0.0,0.0,24.8,2.6,164.0,0.02
2020-05-21 00:30:00-06:00,2020,5,21,0,30,0.0,0.0,0.0,24.700000000000003,2.9000000000000004,173.0,0.02
2020-05-21 01:30:00-06:00,2020,5,21,1,30,0.0,0.0,0.0,24.700000000000003,3.2,182.0,0.02
2020-05-21 02:30:00-06:00,2020,5,21,2,30,0.0,0.0,0.0,24.700000000000003,3.3000000000000003,188.0,0.02
2020-05-21 03:30:00-06:00,2020,5,21,3,30,0.0,0.0,0.0,24.8,3.2,189.0,0.02
2020-05-21 04:30:00-06:00,2020,5,21,4,30,0.0,0.0,0.0,24.9,3.0,188.0,0.02
2020-05-21 05:30:00-06:00,2020,5,21,5,30,38.0,133.0,28.0,25.1,2.7,185.0,0.02
2020-05-21 06:30:00-06:00,2020,5,21,6,30,157.0,205.0,99.0,25.4,2.5,181.0,0.02
2020-05-21 07:30:00-06:00,2020,5,21,7,30,317.0,244.0,197.0,25.6,2.3000000000000003,176.0,0.02
2020-05-21 08:30:00-06:00,2020,5,21,8,30,639.0,785.0,109.0,25.9,2.3000000000000003,171.0,0.02
2020-05-21 09:30:00-06:00,2020,5,21,9,30,809.0,839.0,117.0,26.3,2.4000000000000004,164.0,0.02
2020-05-21 10:30:00-06:00,2020,5,21,10,30,931.0,872.0,120.0,26.5,2.6,159.0,0.02
2020-05-21 11:30:00-06:00,2020,5,21,11,30,993.0,886.0,122.0,26.6,3.1,157.0,0.02
2020-05-21 12:30:00-06:00,2020,5,21,12,30,991.0,887.0,121.0,26.6,3.5,159.0,0.02
2020-05-21 13:30:00-06:00,2020,5,21,13,30,925.0,876.0,116.0,26.5,3.7,162.0,0.02
2020-05-21 14:30:00-06:00,2020,5,21,14,30,799.0,845.0,111.0,26.4,3.8,165.0,0.02
2020-05-21 15:30:00-06:00,2020,5,21,15,30,551.0,514.0,211.0,26.3,3.9,166.0,0.02
2020-05-21 16:30:00-06:00,2020,5,21,16,30,374.0,488.0,142.0,26.1,3.9,165.0,0.02
2020-05-21 17:30:00-06:00,2020,5,21,17,30,177.0,354.0,82.0,26.0,4.0,165.0,0.02
2020-05-21 18:30:00-06:00,2020,5,21,18,30,31.0,141.0,23.0,25.700000000000003,4.2,163.0,0.02
2020-05-21 19:30:00-06:00,2020,5,21,19,30,0.0,0.0,0.0,25.6,4.5,162.0,0.02
2020-05-21 20:30:00-06:00,2020,5,21,20,30,0.0,0.0,0.0,25.5,4.9,160.0,0.02
2020-05-21 21:30:00-06:00,2020,5,21,21,30,0.0,0.0,0.0,25.6,5.300000000000001,158.0,0.02
2020-05-21 22:30:00-06:00,2020,5,21,22,30,0.0,0.0,0.0,25.6,5.6000000000000005,155.0,0.02
2020-05-21 23:30:00-06:00,2020,5,21,23,30,0.0,0.0,0.0,25.700000000000003,5.9,153.0,0.02
2020-05-22 00:30:00-06:00,2020,5,22,0,30,0.0,0.0,0.0,25.8,6.1000000000000005,150.0,0.02
2020-05-22 01:30:00-06:00,2020,5,22,1,30,0.0,0.0,0.0,25.8,6.2,149.0,0.02
2020-05-22 02:30:00-06:00,2020,5,22,2,30,0.0,0.0,0.0,25.9,6.2,149.0,0.02
2020-05-22 03:30:00-06:00,2020,5,22,3,30,0.0,0.0,0.0,26.0,6.1000000000000005,151.0,0.02
2020-05-22 04:30:00-06:00,2020,5,22,4,30,0.0,0.0,0.0,26.1,5.9,154.0,0.02
2020-05-22 05:30:00-06:00,2020,5,22,5,30,41.0,148.0,30.0,26.200000000000003,5.7,158.0,0.02
2020-05-22 06:30:00-06:00,2020,5,22,6,30,221.0,516.0,73.0,26.3,5.5,161.0,0.02
2020-05-22 07:30:00-06:00,2020,5,22,7,30,435.0,690.0,96.0,26.5,5.4,162.0,0.02
2020-05-22 08:30:00-06:00,2020,5,22,8,30,637.0,779.0,111.0,26.6,5.4,164.0,0.02
2020-05-22 09:30:00-06:00,2020,5,22,9,30,806.0,829.0,122.0,26.8,5.300000000000001,167.0,0.02
2020-05-22 10:30:00-06:00,2020,5,22,10,30,925.0,854.0,131.0,26.9,5.0,169.0,0.02
2020-05-22 11:30:00-06:00,2020,5,22,11,30,964.0,809.0,169.0,27.0,4.800000000000001,170.0,0.02
2020-05-22 12:30:00-06:00,2020,5,22,12,30,761.0,322.0,445.0,27.1,4.5,171.0,0.02
2020-05-22 13:30:00-06:00,2020,5,22,13,30,914.0,854.0,125.0,27.200000000000003,4.1000000000000005,173.0,0.02
2020-05-22 14:30:00-06:00,2020,5,22,14,30,762.0,734.0,164.0,27.200000000000003,3.7,175.0,0.02
2020-05-22 15:30:00-06:00,2020,5,22,15,30,618.0,778.0,102.0,27.200000000000003,3.6,173.0,0.02
2020-05-22 16:30:00-06:00,2020,5,22,16,30,416.0,689.0,88.0,27.1,3.7,167.0,0.02
2020-05-22 17:30:00-06:00,2020,5,22,17,30,205.0,515.0,66.0,27.0,3.8,163.0,0.02
2020-05-22 18:30:00-06:00,2020,5,22,18,30,31.0,134.0,23.0,26.8,4.3,156.0,0.03
2020-05-22 19:30:00-06:00,2020,5,22,19,30,0.0,0.0,0.0,26.8,4.7,152.0,0.03
2020-05-22 20:30:00-06:00,2020,5,22,20,30,0.0,0.0,0.0,26.8,5.1000000000000005,149.0,0.03
2020-05-22 21:30:00-06:00,2020,5,22,21,30,0.0,0.0,0.0,26.8,5.5,148.0,0.03
2020-05-22 22:30:00-06:00,2020,5,22,22,30,0.0,0.0,0.0,26.8,5.800000000000001,148.0,0.03
2020-05-22 23:30:00-06:00,2020,5,22,23,30,0.0,0.0,0.0,26.700000000000003,5.9,149.0,0.03
2020-05-23 00:30:00-06:00,2020,5,23,0,30,0.0,0.0,0.0,26.700000000000003,5.9,149.0,0.03
2020-05-23 01:30:00-06:00,2020,5,23,1,30,0.0,0.0,0.0,26.700000000000003,5.800000000000001,151.0,0.03
2020-05-23 02:30:00-06:00,2020,5,23,2,30,0.0,0.0,0.0,26.700000000000003,5.5,151.0,0.03
2020-05-23 03:30:00-06:00,2020,5,23,3,30,0.0,0.0,0.0,26.700000000000003,5.0,145.0,0.03
2020-05-23 04:30:00-06:00,2020,5,23,4,30,0.0,0.0,0.0,26.700000000000003,4.6000000000000005,135.0,0.03
2020-05-23 05:30:00-06:00,2020,5,23,5,30,44.0,220.0,27.0,26.700000000000003,4.7,126.0,0.03
2020-05-23 06:30:00-06:00,2020,5,23,6,30,221.0,543.0,65.0,26.700000000000003,4.9,122.0,0.03
2020-05-23 07:30:00-06:00,2020,5,23,7,30,445.0,742.0,80.0,26.700000000000003,4.9,123.0,0.03
2020-05-23 08:30:00-06:00,2020,5,23,8,30,648.0,816.0,96.0,26.8,4.9,127.0,0.03
2020-05-23 09:30:00-06:00,2020,5,23,9,30,782.0,757.0,157.0,27.0,4.800000000000001,131.0,0.03
2020-05-23 10:30:00-06:00,2020,5,23,10,30,897.0,789.0,163.0,27.1,4.9,135.0,0.03
2020-05-23 11:30:00-06:00,2020,5,23,11,30,979.0,853.0,140.0,27.200000000000003,5.1000000000000005,139.0,0.03
2020-05-23 12:30:00-06:00,2020,5,23,12,30,930.0,720.0,223.0,27.3,5.1000000000000005,144.0,0.03
2020-05-23 13:30:00-06:00,2020,5,23,13,30,749.0,417.0,364.0,27.3,4.9,147.0,0.03
2020-05-23 14:30:00-06:00,2020,5,23,14,30,652.0,437.0,295.0,27.3,4.4,149.0,0.03
2020-05-23 15:30:00-06:00,2020,5,23,15,30,617.0,755.0,116.0,27.200000000000003,4.0,145.0,0.03
2020-05-23 16:30:00-06:00,2020,5,23,16,30,418.0,681.0,92.0,27.1,3.8,137.0,0.03
2020-05-23 17:30:00-06:00,2020,5,23,17,30,206.0,506.0,68.0,27.0,3.8,132.0,0.03
2020-05-23 18:30:00-06:00,2020,5,23,18,30,27.0,84.0,22.0,26.8,4.2,119.0,0.03
2020-05-23 19:30:00-06:00,2020,5,23,19,30,0.0,0.0,0.0,26.700000000000003,4.7,115.0,0.03
2020-05-23 20:30:00-06:00,2020,5,23,20,30,0.0,0.0,0.0,26.6,5.0,114.0,0.03
2020-05-23 21:30:00-06:00,2020,5,23,21,30,0.0,0.0,0.0,26.5,5.1000000000000005,115.0,0.03
2020-05-23 22:30:00-06:00,2020,5,23,22,30,0.0,0.0,0.0,26.4,5.0,116.0,0.03
2020-05-23 23:30:00-06:00,2020,5,23,23,30,0.0,0.0,0.0,26.4,4.800000000000001,118.0,0.03
2020-05-24 00:30:00-06:00,2020,5,24,0,30,0.0,0.0,0.0,26.3,4.7,119.0,0.03
2020-05-24 01:30:00-06:00,2020,5,24,1,30,0.0,0.0,0.0,26.3,4.7,120.0,0.03
2020-05-24 02:30:00-06:00,2020,5,24,2,30,0.0,0.0,0.0,26.200000000000003,4.6000000000000005,120.0,0.03
2020-05-24 03:30:00-06:00,2020,5,24,3,30,0.0,0.0,0.0,26.200000000000003,4.6000000000000005,118.0,0.03
2020-05-24 04:30:00-06:00,2020,5,24,4,30,0.0,0.0,0.0,26.200000000000003,4.6000000000000005,116.0,0.03
2020-05-24 05:30:00-06:00,2020,5,24,5,30,43.0,189.0,28.0,26.3,4.7,113.0,0.03
2020-05-24 06:30:00-06:00,2020,5,24,6,30,223.0,541.0,67.0,26.5,5.0,112.0,0.03
2020-05-24 07:30:00-06:00,2020,5,24,7,30,435.0,701.0,89.0,26.6,5.300000000000001,113.0,0.03
2020-05-24 08:30:00-06:00,2020,5,24,8,30,636.0,786.0,104.0,26.8,5.5,116.0,0.03
2020-05-24 09:30:00-06:00,2020,5,24,9,30,803.0,833.0,115.0,27.0,5.5,119.0,0.03
2020-05-24 10:30:00-06:00,2020,5,24,10,30,923.0,858.0,124.0,27.3,5.300000000000001,121.0,0.03
2020-05-24 11:30:00-06:00,2020,5,24,11,30,985.0,872.0,127.0,27.5,4.9,121.0,0.03
2020-05-24 12:30:00-06:00,2020,5,24,12,30,904.0,551.0,363.0,27.6,4.6000000000000005,118.0,0.03
2020-05-24 13:30:00-06:00,2020,5,24,13,30,904.0,815.0,150.0,27.700000000000003,4.4,115.0,0.03
2020-05-24 14:30:00-06:00,2020,5,24,14,30,794.0,832.0,114.0,27.700000000000003,4.4,112.0,0.03
2020-05-24 15:30:00-06:00,2020,5,24,15,30,600.0,692.0,140.0,27.6,4.7,111.0,0.03
2020-05-24 16:30:00-06:00,2020,5,24,16,30,414.0,665.0,95.0,27.4,5.0,112.0,0.03
2020-05-24 17:30:00-06:00,2020,5,24,17,30,191.0,405.0,80.0,27.3,5.2,112.0,0.03
2020-05-24 18:30:00-06:00,2020,5,24,18,30,33.0,135.0,24.0,27.0,5.5,113.0,0.03
2020-05-24 19:30:00-06:00,2020,5,24,19,30,0.0,0.0,0.0,26.9,5.7,114.0,0.03
2020-05-24 20:30:00-06:00,2020,5,24,20,30,0.0,0.0,0.0,26.9,5.7,114.0,0.03
2020-05-24 21:30:00-06:00,2020,5,24,21,30,0.0,0.0,0.0,26.8,5.7,113.0,0.03
2020-05-24 22:30:00-06:00,2020,5,24,22,30,0.0,0.0,0.0,26.6,5.9,112.0,0.03
2020-05-24 23:30:00-06:00,2020,5,24,23,30,0.0,0.0,0.0,26.5,6.300000000000001,113.0,0.03
2020-05-25 00:30:00-06:00,2020,5,25,0,30,0.0,0.0,0.0,26.4,6.6000000000000005,114.0,0.03
2020-05-25 01:30:00-06:00,2020,5,25,1,30,0.0,0.0,0.0,26.4,6.800000000000001,116.0,0.03
2020-05-25 02:30:00-06:00,2020,5,25,2,30,0.0,0.0,0.0,26.4,6.7,119.0,0.03
2020-05-25 03:30:00-06:00,2020,5,25,3,30,0.0,0.0,0.0,26.4,6.6000000000000005,122.0,0.03
2020-05-25 04:30:00-06:00,2020,5,25,4,30,0.0,0.0,0.0,26.5,6.4,124.0,0.03
2020-05-25 05:30:00-06:00,2020,5,25,5,30,42.0,134.0,32.0,26.6,6.4,124.0,0.03
2020-05-25 06:30:00-06:00,2020,5,25,6,30,172.0,294.0,87.0,26.700000000000003,6.7,122.0,0.03
2020-05-25 07:30:00-06:00,2020,5,25,7,30,429.0,666.0,100.0,26.9,7.2,119.0,0.03
2020-05-25 08:30:00-06:00,2020,5,25,8,30,492.0,332.0,267.0,27.0,7.5,117.0,0.03
2020-05-25 09:30:00-06:00,2020,5,25,9,30,235.0,17.0,221.0,27.1,7.5,116.0,0.03
2020-05-25 10:30:00-06:00,2020,5,25,10,30,51.0,0.0,51.0,27.1,7.2,115.0,0.03
2020-05-25 11:30:00-06:00,2020,5,25,11,30,64.0,0.0,64.0,27.200000000000003,6.6000000000000005,114.0,0.03
2020-05-25 12:30:00-06:00,2020,5,25,12,30,145.0,4.0,141.0,27.200000000000003,5.7,113.0,0.03
2020-05-25 13:30:00-06:00,2020,5,25,13,30,604.0,158.0,458.0,27.200000000000003,4.800000000000001,112.0,0.03
2020-05-25 14:30:00-06:00,2020,5,25,14,30,612.0,326.0,345.0,27.200000000000003,4.2,112.0,0.03
2020-05-25 15:30:00-06:00,2020,5,25,15,30,588.0,666.0,144.0,27.1,3.9,110.0,0.03
2020-05-25 16:30:00-06:00,2020,5,25,16,30,398.0,617.0,101.0,27.0,3.8,109.0,0.03
2020-05-25 17:30:00-06:00,2020,5,25,17,30,204.0,483.0,71.0,27.0,3.7,108.0,0.03
2020-05-25 18:30:00-06:00,2020,5,25,18,30,27.0,65.0,23.0,26.700000000000003,4.1000000000000005,108.0,0.03
2020-05-25 19:30:00-06:00,2020,5,25,19,30,0.0,0.0,0.0,26.6,4.800000000000001,110.0,0.03
2020-05-25 20:30:00-06:00,2020,5,25,20,30,0.0,0.0,0.0,26.5,5.300000000000001,113.0,0.03
2020-05-25 21:30:00-06:00,2020,5,25,21,30,0.0,0.0,0.0,26.5,5.6000000000000005,116.0,0.03
2020-05-25 22:30:00-06:00,2020,5,25,22,30,0.0,0.0,0.0,26.4,5.5,119.0,0.03
2020-05-25 23:30:00-06:00,2020,5,25,23,30,0.0,0.0,0.0,26.4,5.2,124.0,0.03
2020-05-26 00:30:00-06:00,2020,5,26,0,30,0.0,0.0,0.0,26.3,4.800000000000001,129.0,0.03
2020-05-26 01:30:00-06:00,2020,5,26,1,30,0.0,0.0,0.0,26.200000000000003,4.3,132.0,0.03
2020-05-26 02:30:00-06:00,2020,5,26,2,30,0.0,0.0,0.0,26.200000000000003,3.7,133.0,0.03
2020-05-26 03:30:00-06:00,2020,5,26,3,30,0.0,0.0,0.0,26.1,3.4000000000000004,131.0,0.03
2020-05-26 04:30:00-06:00,2020,5,26,4,30,0.0,0.0,0.0,26.1,3.5,125.0,0.03
2020-05-26 05:30:00-06:00,2020,5,26,5,30,34.0,68.0,29.0,26.200000000000003,3.7,126.0,0.03
2020-05-26 06:30:00-06:00,2020,5,26,6,30,166.0,218.0,103.0,26.3,2.9000000000000004,140.0,0.03
2020-05-26 07:30:00-06:00,2020,5,26,7,30,409.0,568.0,128.0,26.4,1.7000000000000002,149.0,0.03
2020-05-26 08:30:00-06:00,2020,5,26,8,30,565.0,521.0,212.0,26.5,1.0,126.0,0.03
2020-05-26 09:30:00-06:00,2020,5,26,9,30,452.0,106.0,364.0,26.6,0.8,89.0,0.03
2020-05-26 10:30:00-06:00,2020,5,26,10,30,342.0,20.0,323.0,26.700000000000003,0.7000000000000001,201.0,0.03
2020-05-26 11:30:00-06:00,2020,5,26,11,30,566.0,114.0,454.0,26.9,1.0,323.0,0.03
2020-05-26 12:30:00-06:00,2020,5,26,12,30,837.0,423.0,421.0,27.0,1.1,333.0,0.03
2020-05-26 13:30:00-06:00,2020,5,26,13,30,830.0,589.0,284.0,27.1,1.1,191.0,0.03
2020-05-26 14:30:00-06:00,2020,5,26,14,30,680.0,443.0,317.0,27.200000000000003,1.4,51.0,0.03
2020-05-26 15:30:00-06:00,2020,5,26,15,30,529.0,423.0,247.0,27.200000000000003,1.6,73.0,0.03
2020-05-26 16:30:00-06:00,2020,5,26,16,30,267.0,142.0,199.0,27.200000000000003,1.9,89.0,0.03
2020-05-26 17:30:00-06:00,2020,5,26,17,30,36.0,0.0,36.0,27.1,2.0,97.0,0.03
2020-05-26 18:30:00-06:00,2020,5,26,18,30,17.0,0.0,17.0,26.9,2.3000000000000003,110.0,0.01
2020-05-26 19:30:00-06:00,2020,5,26,19,30,0.0,0.0,0.0,26.9,2.4000000000000004,117.0,0.01
2020-05-26 20:30:00-06:00,2020,5,26,20,30,0.0,0.0,0.0,26.8,2.3000000000000003,125.0,0.01
2020-05-26 21:30:00-06:00,2020,5,26,21,30,0.0,0.0,0.0,26.6,2.1,134.0,0.01
2020-05-26 22:30:00-06:00,2020,5,26,22,30,0.0,0.0,0.0,26.4,1.9,149.0,0.01
2020-05-26 23:30:00-06:00,2020,5,26,23,30,0.0,0.0,0.0,26.3,1.8,168.0,0.01
2020-05-27 00:30:00-06:00,2020,5,27,0,30,0.0,0.0,0.0,26.1,1.9,188.0,0.01
2020-05-27 01:30:00-06:00,2020,5,27,1,30,0.0,0.0,0.0,25.9,2.0,206.0,0.01
2020-05-27 02:30:00-06:00,2020,5,27,2,30,0.0,0.0,0.0,25.8,1.8,210.0,0.01
2020-05-27 03:30:00-06:00,2020,5,27,3,30,0.0,0.0,0.0,25.700000000000003,1.6,204.0,0.01
2020-05-27 04:30:00-06:00,2020,5,27,4,30,0.0,0.0,0.0,25.700000000000003,1.8,205.0,0.01
2020-05-27 05:30:00-06:00,2020,5,27,5,30,31.0,51.0,27.0,25.8,2.1,212.0,0.01
2020-05-27 06:30:00-06:00,2020,5,27,6,30,220.0,495.0,76.0,25.9,2.5,218.0,0.01
2020-05-27 07:30:00-06:00,2020,5,27,7,30,431.0,669.0,100.0,26.0,3.0,223.0,0.01
2020-05-27 08:30:00-06:00,2020,5,27,8,30,632.0,765.0,113.0,26.200000000000003,3.5,231.0,0.01
2020-05-27 09:30:00-06:00,2020,5,27,9,30,776.0,743.0,161.0,26.5,3.8,239.0,0.01
2020-05-27 10:30:00-06:00,2020,5,27,10,30,925.0,859.0,125.0,26.8,4.0,246.0,0.01
2020-05-27 11:30:00-06:00,2020,5,27,11,30,990.0,878.0,125.0,27.0,4.2,252.0,0.01
2020-05-27 12:30:00-06:00,2020,5,27,12,30,992.0,887.0,120.0,27.3,4.3,255.0,0.01
2020-05-27 13:30:00-06:00,2020,5,27,13,30,931.0,885.0,111.0,27.5,4.4,259.0,0.01
2020-05-27 14:30:00-06:00,2020,5,27,14,30,812.0,868.0,101.0,27.6,4.4,263.0,0.01
2020-05-27 15:30:00-06:00,2020,5,27,15,30,643.0,827.0,90.0,27.6,4.3,268.0,0.01
2020-05-27 16:30:00-06:00,2020,5,27,16,30,439.0,750.0,76.0,27.5,4.2,271.0,0.01
2020-05-27 17:30:00-06:00,2020,5,27,17,30,224.0,592.0,59.0,27.5,4.1000000000000005,273.0,0.01
2020-05-27 18:30:00-06:00,2020,5,27,18,30,41.0,216.0,26.0,27.0,3.8,276.0,0.01
2020-05-27 19:30:00-06:00,2020,5,27,19,30,0.0,0.0,0.0,26.8,3.4000000000000004,276.0,0.01
2020-05-27 20:30:00-06:00,2020,5,27,20,30,0.0,0.0,0.0,26.700000000000003,3.0,274.0,0.01
2020-05-27 21:30:00-06:00,2020,5,27,21,30,0.0,0.0,0.0,26.5,2.7,267.0,0.01
2020-05-27 22:30:00-06:00,2020,5,27,22,30,0.0,0.0,0.0,26.3,2.4000000000000004,255.0,0.01
2020-05-27 23:30:00-06:00,2020,5,27,23,30,0.0,0.0,0.0,26.0,2.2,236.0,0.01
2020-05-28 00:30:00-06:00,2020,5,28,0,30,0.0,0.0,0.0,25.8,2.3000000000000003,213.0,0.01
2020-05-28 01:30:00-06:00,2020,5,28,1,30,0.0,0.0,0.0,25.700000000000003,2.7,195.0,0.01
2020-05-28 02:30:00-06:00,2020,5,28,2,30,0.0,0.0,0.0,25.6,3.2,185.0,0.01
2020-05-28 03:30:00-06:00,2020,5,28,3,30,0.0,0.0,0.0,25.5,3.6,181.0,0.01
2020-05-28 04:30:00-06:00,2020,5,28,4,30,0.0,0.0,0.0,25.6,3.8,180.0,0.01
2020-05-28 05:30:00-06:00,2020,5,28,5,30,46.0,206.0,29.0,25.8,3.8,182.0,0.01
2020-05-28 06:30:00-06:00,2020,5,28,6,30,230.0,558.0,67.0,26.1,3.5,186.0,0.01
2020-05-28 07:30:00-06:00,2020,5,28,7,30,443.0,717.0,88.0,26.3,3.0,190.0,0.01
2020-05-28 08:30:00-06:00,2020,5,28,8,30,646.0,802.0,102.0,26.5,2.5,192.0,0.01
2020-05-28 09:30:00-06:00,2020,5,28,9,30,816.0,853.0,110.0,26.9,2.0,189.0,0.01
2020-05-28 10:30:00-06:00,2020,5,28,10,30,939.0,883.0,116.0,27.200000000000003,1.6,179.0,0.01
2020-05-28 11:30:00-06:00,2020,5,28,11,30,584.0,156.0,430.0,27.5,1.5,166.0,0.01
2020-05-28 12:30:00-06:00,2020,5,28,12,30,84.0,0.0,84.0,27.700000000000003,1.6,155.0,0.01
2020-05-28 13:30:00-06:00,2020,5,28,13,30,56.0,0.0,56.0,27.8,1.8,148.0,0.01
2020-05-28 14:30:00-06:00,2020,5,28,14,30,150.0,5.0,146.0,27.700000000000003,2.3000000000000003,145.0,0.01
2020-05-28 15:30:00-06:00,2020,5,28,15,30,67.0,0.0,67.0,27.4,2.8000000000000003,144.0,0.01
2020-05-28 16:30:00-06:00,2020,5,28,16,30,169.0,54.0,143.0,27.0,3.1,145.0,0.01
2020-05-28 17:30:00-06:00,2020,5,28,17,30,65.0,1.0,65.0,26.8,3.2,145.0,0.01
2020-05-28 18:30:00-06:00,2020,5,28,18,30,21.0,18.0,20.0,26.200000000000003,3.7,144.0,0.01
2020-05-28 19:30:00-06:00,2020,5,28,19,30,0.0,0.0,0.0,25.9,4.1000000000000005,142.0,0.01
2020-05-28 20:30:00-06:00,2020,5,28,20,30,0.0,0.0,0.0,25.8,4.4,143.0,0.01
2020-05-28 21:30:00-06:00,2020,5,28,21,30,0.0,0.0,0.0,25.700000000000003,4.7,150.0,0.01
2020-05-28 22:30:00-06:00,2020,5,28,22,30,0.0,0.0,0.0,25.700000000000003,4.800000000000001,158.0,0.01
2020-05-28 23:30:00-06:00,2020,5,28,23,30,0.0,0.0,0.0,25.6,4.800000000000001,164.0,0.01
2020-05-29 00:30:00-06:00,2020,5,29,0,30,0.0,0.0,0.0,25.5,4.800000000000001,169.0,0.01
2020-05-29 01:30:00-06:00,2020,5,29,1,30,0.0,0.0,0.0,25.3,4.7,174.0,0.01
2020-05-29 02:30:00-06:00,2020,5,29,2,30,0.0,0.0,0.0,25.200000000000003,4.2,180.0,0.01
2020-05-29 03:30:00-06:00,2020,5,29,3,30,0.0,0.0,0.0,25.1,3.5,190.0,0.01
2020-05-29 04:30:00-06:00,2020,5,29,4,30,0.0,0.0,0.0,25.200000000000003,2.8000000000000003,204.0,0.01
2020-05-29 05:30:00-06:00,2020,5,29,5,30,29.0,26.0,27.0,25.4,2.2,227.0,0.01
2020-05-29 06:30:00-06:00,2020,5,29,6,30,120.0,75.0,98.0,25.5,2.0,256.0,0.01
2020-05-29 07:30:00-06:00,2020,5,29,7,30,351.0,327.0,189.0,25.6,2.0,283.0,0.01
2020-05-29 08:30:00-06:00,2020,5,29,8,30,357.0,93.0,294.0,25.700000000000003,1.9,309.0,0.01
2020-05-29 09:30:00-06:00,2020,5,29,9,30,500.0,131.0,392.0,25.9,1.6,339.0,0.01
2020-05-29 10:30:00-06:00,2020,5,29,10,30,573.0,123.0,458.0,26.0,1.5,194.0,0.01
2020-05-29 11:30:00-06:00,2020,5,29,11,30,549.0,78.0,472.0,26.0,1.8,43.0,0.01
2020-05-29 12:30:00-06:00,2020,5,29,12,30,547.0,78.0,470.0,26.0,2.1,65.0,0.01
2020-05-29 13:30:00-06:00,2020,5,29,13,30,640.0,193.0,461.0,25.9,2.4000000000000004,82.0,0.01
2020-05-29 14:30:00-06:00,2020,5,29,14,30,603.0,277.0,376.0,25.8,2.5,94.0,0.01
2020-05-29 15:30:00-06:00,2020,5,29,15,30,514.0,367.0,268.0,25.8,2.6,107.0,0.01
2020-05-29 16:30:00-06:00,2020,5,29,16,30,368.0,419.0,164.0,25.8,2.8000000000000003,120.0,0.01
2020-05-29 17:30:00-06:00,2020,5,29,17,30,161.0,211.0,102.0,25.9,2.9000000000000004,127.0,0.01
2020-05-29 18:30:00-06:00,2020,5,29,18,30,24.0,11.0,23.0,26.200000000000003,3.1,147.0,0.01
2020-05-29 19:30:00-06:00,2020,5,29,19,30,0.0,0.0,0.0,26.4,3.0,155.0,0.01
2020-05-29 20:30:00-06:00,2020,5,29,20,30,0.0,0.0,0.0,26.6,2.7,162.0,0.01
2020-05-29 21:30:00-06:00,2020,5,29,21,30,0.0,0.0,0.0,26.6,2.3000000000000003,172.0,0.01
2020-05-29 22:30:00-06:00,2020,5,29,22,30,0.0,0.0,0.0,26.4,2.0,189.0,0.01
2020-05-29 23:30:00-06:00,2020,5,29,23,30,0.0,0.0,0.0,26.3,1.7000000000000002,210.0,0.01
2020-05-30 00:30:00-06:00,2020,5,30,0,30,0.0,0.0,0.0,26.1,1.6,234.0,0.01
2020-05-30 01:30:00-06:00,2020,5,30,1,30,0.0,0.0,0.0,25.9,1.5,251.0,0.01
2020-05-30 02:30:00-06:00,2020,5,30,2,30,0.0,0.0,0.0,25.8,1.5,251.0,0.01
2020-05-30 03:30:00-06:00,2020,5,30,3,30,0.0,0.0,0.0,25.8,1.5,239.0,0.01
2020-05-30 04:30:00-06:00,2020,5,30,4,30,0.0,0.0,0.0,25.700000000000003,1.6,228.0,0.01
2020-05-30 05:30:00-06:00,2020,5,30,5,30,30.0,24.0,28.0,25.700000000000003,1.7000000000000002,226.0,0.01
2020-05-30 06:30:00-06:00,2020,5,30,6,30,180.0,273.0,100.0,25.8,2.0,230.0,0.01
2020-05-30 07:30:00-06:00,2020,5,30,7,30,367.0,386.0,175.0,25.8,2.3000000000000003,239.0,0.01
2020-05-30 08:30:00-06:00,2020,5,30,8,30,617.0,712.0,134.0,25.9,2.3000000000000003,249.0,0.01
2020-05-30 09:30:00-06:00,2020,5,30,9,30,751.0,671.0,196.0,26.200000000000003,2.0,262.0,0.01
2020-05-30 10:30:00-06:00,2020,5,30,10,30,865.0,683.0,228.0,26.6,1.6,285.0,0.01
2020-05-30 11:30:00-06:00,2020,5,30,11,30,785.0,332.0,458.0,27.0,1.3,319.0,0.01
2020-05-30 12:30:00-06:00,2020,5,30,12,30,658.0,168.0,493.0,27.4,1.4,171.0,0.01
2020-05-30 13:30:00-06:00,2020,5,30,13,30,515.0,81.0,440.0,27.8,1.6,13.0,0.01
2020-05-30 14:30:00-06:00,2020,5,30,14,30,394.0,53.0,350.0,28.0,1.7000000000000002,30.0,0.01
2020-05-30 15:30:00-06:00,2020,5,30,15,30,465.0,256.0,293.0,28.1,1.6,45.0,0.01
2020-05-30 16:30:00-06:00,2020,5,30,16,30,322.0,269.0,191.0,27.9,1.4,64.0,0.01
2020-05-30 17:30:00-06:00,2020,5,30,17,30,165.0,232.0,99.0,27.9,1.4,74.0,0.01
2020-05-30 18:30:00-06:00,2020,5,30,18,30,23.0,40.0,20.0,27.6,1.3,103.0,0.01
2020-05-30 19:30:00-06:00,2020,5,30,19,30,0.0,0.0,0.0,27.4,1.3,110.0,0.01
2020-05-30 20:30:00-06:00,2020,5,30,20,30,0.0,0.0,0.0,27.200000000000003,1.2000000000000002,107.0,0.01
2020-05-30 21:30:00-06:00,2020,5,30,21,30,0.0,0.0,0.0,27.0,1.1,93.0,0.01
2020-05-30 22:30:00-06:00,2020,5,30,22,30,0.0,0.0,0.0,26.700000000000003,1.1,77.0,0.01
2020-05-30 23:30:00-06:00,2020,5,30,23,30,0.0,0.0,0.0,26.5,1.1,70.0,0.01
2020-05-31 00:30:00-06:00,2020,5,31,0,30,0.0,0.0,0.0,26.200000000000003,1.2000000000000002,69.0,0.01
2020-05-31 01:30:00-06:00,2020,5,31,1,30,0.0,0.0,0.0,26.0,1.3,67.0,0.01
2020-05-31 02:30:00-06:00,2020,5,31,2,30,0.0,0.0,0.0,25.8,1.5,58.0,0.01
2020-05-31 03:30:00-06:00,2020,5,31,3,30,0.0,0.0,0.0,25.9,1.8,45.0,0.01
2020-05-31 04:30:00-06:00,2020,5,31,4,30,0.0,0.0,0.0,26.0,2.2,35.0,0.01
2020-05-31 05:30:00-06:00,2020,5,31,5,30,45.0,178.0,30.0,26.3,2.7,32.0,0.01
2020-05-31 06:30:00-06:00,2020,5,31,6,30,212.0,453.0,79.0,26.700000000000003,3.2,35.0,0.01
2020-05-31 07:30:00-06:00,2020,5,31,7,30,412.0,584.0,122.0,26.9,3.7,40.0,0.01
2020-05-31 08:30:00-06:00,2020,5,31,8,30,452.0,229.0,296.0,27.200000000000003,3.9,46.0,0.01
2020-05-31 09:30:00-06:00,2020,5,31,9,30,573.0,220.0,391.0,27.5,4.0,54.0,0.01
2020-05-31 10:30:00-06:00,2020,5,31,10,30,762.0,389.0,399.0,27.8,3.8,64.0,0.01
2020-05-31 11:30:00-06:00,2020,5,31,11,30,942.0,749.0,203.0,27.9,3.5,76.0,0.01
2020-05-31 12:30:00-06:00,2020,5,31,12,30,829.0,414.0,421.0,27.9,3.2,91.0,0.01
2020-05-31 13:30:00-06:00,2020,5,31,13,30,763.0,389.0,402.0,27.8,3.0,106.0,0.01
2020-05-31 14:30:00-06:00,2020,5,31,14,30,631.0,320.0,368.0,27.700000000000003,2.8000000000000003,119.0,0.01
2020-05-31 15:30:00-06:00,2020,5,31,15,30,457.0,239.0,296.0,27.6,2.3000000000000003,128.0,0.01
2020-05-31 16:30:00-06:00,2020,5,31,16,30,291.0,188.0,199.0,27.5,1.5,133.0,0.01
2020-05-31 17:30:00-06:00,2020,5,31,17,30,115.0,65.0,96.0,27.4,1.2000000000000002,135.0,0.01
2020-05-31 18:30:00-06:00,2020,5,31,18,30,34.0,123.0,25.0,26.0,4.800000000000001,216.0,0.03
2020-05-31 19:30:00-06:00,2020,5,31,19,30,0.0,0.0,0.0,26.0,5.1000000000000005,210.0,0.03
2020-05-31 20:30:00-06:00,2020,5,31,20,30,0.0,0.0,0.0,26.0,5.300000000000001,208.0,0.03
2020-05-31 21:30:00-06:00,2020,5,31,21,30,0.0,0.0,0.0,26.0,5.4,207.0,0.03
2020-05-31 22:30:00-06:00,2020,5,31,22,30,0.0,0.0,0.0,26.0,5.4,210.0,0.03
2020-05-31 23:30:00-06:00,2020,5,31,23,30,0.0,0.0,0.0,26.0,5.5,216.0,0.03
2012-06-01 00:30:00-06:00,2012,6,1,0,30,0.0,0.0,0.0,26.0,5.4,225.0,0.03
2012-06-01 01:30:00-06:00,2012,6,1,1,30,0.0,0.0,0.0,26.0,5.1000000000000005,233.0,0.03
2012-06-01 02:30:00-06:00,2012,6,1,2,30,0.0,0.0,0.0,26.0,4.800000000000001,239.0,0.03
2012-06-01 03:30:00-06:00,2012,6,1,3,30,0.0,0.0,0.0,26.0,4.6000000000000005,244.0,0.03
2012-06-01 04:30:00-06:00,2012,6,1,4,30,0.0,0.0,0.0,26.0,4.6000000000000005,248.0,0.03
2012-06-01 05:30:00-06:00,2012,6,1,5,30,29.0,28.0,27.0,26.0,4.9,254.0,0.03
2012-06-01 06:30:00-06:00,2012,6,1,6,30,162.0,179.0,109.0,26.0,5.1000000000000005,263.0,0.03
2012-06-01 07:30:00-06:00,2012,6,1,7,30,346.0,310.0,192.0,26.0,5.1000000000000005,274.0,0.03
2012-06-01 08:30:00-06:00,2012,6,1,8,30,592.0,579.0,198.0,26.0,4.9,286.0,0.03
2012-06-01 09:30:00-06:00,2012,6,1,9,30,804.0,813.0,131.0,27.0,4.7,295.0,0.03
2012-06-01 10:30:00-06:00,2012,6,1,10,30,927.0,844.0,139.0,27.0,4.4,301.0,0.03
2012-06-01 11:30:00-06:00,2012,6,1,11,30,990.0,859.0,143.0,27.0,4.2,302.0,0.03
2012-06-01 12:30:00-06:00,2012,6,1,12,30,992.0,866.0,138.0,28.0,4.3,302.0,0.03
2012-06-01 13:30:00-06:00,2012,6,1,13,30,928.0,855.0,133.0,28.0,4.4,302.0,0.03
2012-06-01 14:30:00-06:00,2012,6,1,14,30,806.0,825.0,126.0,28.0,4.2,302.0,0.03
2012-06-01 15:30:00-06:00,2012,6,1,15,30,637.0,781.0,111.0,29.0,3.8,298.0,0.03
2012-06-01 16:30:00-06:00,2012,6,1,16,30,434.0,688.0,97.0,29.0,3.5,294.0,0.03
2012-06-01 17:30:00-06:00,2012,6,1,17,30,221.0,521.0,72.0,29.0,3.3000000000000003,296.0,0.03
2012-06-01 18:30:00-06:00,2012,6,1,18,30,38.0,154.0,26.0,28.0,3.6,316.0,0.03
2012-06-01 19:30:00-06:00,2012,6,1,19,30,0.0,0.0,0.0,28.0,4.7,345.0,0.03
2012-06-01 20:30:00-06:00,2012,6,1,20,30,0.0,0.0,0.0,27.0,5.9,3.0,0.03
2012-06-01 21:30:00-06:00,2012,6,1,21,30,0.0,0.0,0.0,26.0,6.6000000000000005,12.0,0.03
2012-06-01 22:30:00-06:00,2012,6,1,22,30,0.0,0.0,0.0,25.0,6.5,19.0,0.03
2012-06-01 23:30:00-06:00,2012,6,1,23,30,0.0,0.0,0.0,25.0,5.9,27.0,0.03
2012-06-02 00:30:00-06:00,2012,6,2,0,30,0.0,0.0,0.0,25.0,5.1000000000000005,37.0,0.03
2012-06-02 01:30:00-06:00,2012,6,2,1,30,0.0,0.0,0.0,24.0,4.4,46.0,0.03
2012-06-02 02:30:00-06:00,2012,6,2,2,30,0.0,0.0,0.0,24.0,3.9,43.0,0.03
2012-06-02 03:30:00-06:00,2012,6,2,3,30,0.0,0.0,0.0,24.0,3.6,33.0,0.03
2012-06-02 04:30:00-06:00,2012,6,2,4,30,0.0,0.0,0.0,24.0,3.3000000000000003,28.0,0.03
2012-06-02 05:30:00-06:00,2012,6,2,5,30,43.0,193.0,28.0,24.0,3.0,34.0,0.03
2012-06-02 06:30:00-06:00,2012,6,2,6,30,231.0,547.0,70.0,24.0,2.8000000000000003,37.0,0.03
2012-06-02 07:30:00-06:00,2012,6,2,7,30,446.0,710.0,93.0,25.0,2.8000000000000003,29.0,0.03
2012-06-02 08:30:00-06:00,2012,6,2,8,30,650.0,797.0,108.0,25.0,2.7,24.0,0.03
2012-06-02 09:30:00-06:00,2012,6,2,9,30,819.0,843.0,120.0,25.0,2.2,29.0,0.03
2012-06-02 10:30:00-06:00,2012,6,2,10,30,940.0,872.0,127.0,26.0,1.8,43.0,0.03
2012-06-02 11:30:00-06:00,2012,6,2,11,30,1003.0,884.0,131.0,26.0,1.5,64.0,0.03
2012-06-02 12:30:00-06:00,2012,6,2,12,30,1003.0,887.0,128.0,26.0,1.5,80.0,0.03
2012-06-02 13:30:00-06:00,2012,6,2,13,30,937.0,872.0,125.0,27.0,1.5,86.0,0.03
2012-06-02 14:30:00-06:00,2012,6,2,14,30,812.0,841.0,119.0,27.0,1.7000000000000002,96.0,0.03
2012-06-02 15:30:00-06:00,2012,6,2,15,30,641.0,788.0,110.0,27.0,2.0,112.0,0.03
2012-06-02 16:30:00-06:00,2012,6,2,16,30,437.0,696.0,95.0,27.0,2.4000000000000004,131.0,0.03
2012-06-02 17:30:00-06:00,2012,6,2,17,30,222.0,525.0,72.0,27.0,2.8000000000000003,150.0,0.03
2012-06-02 18:30:00-06:00,2012,6,2,18,30,39.0,174.0,26.0,26.0,3.1,162.0,0.03
2012-06-02 19:30:00-06:00,2012,6,2,19,30,0.0,0.0,0.0,26.0,3.2,168.0,0.03
2012-06-02 20:30:00-06:00,2012,6,2,20,30,0.0,0.0,0.0,26.0,3.2,167.0,0.03
2012-06-02 21:30:00-06:00,2012,6,2,21,30,0.0,0.0,0.0,26.0,3.2,162.0,0.03
2012-06-02 22:30:00-06:00,2012,6,2,22,30,0.0,0.0,0.0,26.0,3.5,161.0,0.03
2012-06-02 23:30:00-06:00,2012,6,2,23,30,0.0,0.0,0.0,26.0,3.8,167.0,0.03
2012-06-03 00:30:00-06:00,2012,6,3,0,30,0.0,0.0,0.0,26.0,4.1000000000000005,175.0,0.03
2012-06-03 01:30:00-06:00,2012,6,3,1,30,0.0,0.0,0.0,26.0,4.1000000000000005,181.0,0.03
2012-06-03 02:30:00-06:00,2012,6,3,2,30,0.0,0.0,0.0,26.0,3.8,185.0,0.03
2012-06-03 03:30:00-06:00,2012,6,3,3,30,0.0,0.0,0.0,26.0,3.6,187.0,0.03
2012-06-03 04:30:00-06:00,2012,6,3,4,30,0.0,0.0,0.0,26.0,3.4000000000000004,188.0,0.03
2012-06-03 05:30:00-06:00,2012,6,3,5,30,44.0,198.0,28.0,26.0,3.2,188.0,0.03
2012-06-03 06:30:00-06:00,2012,6,3,6,30,231.0,551.0,70.0,26.0,3.1,188.0,0.03
2012-06-03 07:30:00-06:00,2012,6,3,7,30,446.0,709.0,93.0,27.0,2.9000000000000004,191.0,0.03
2012-06-03 08:30:00-06:00,2012,6,3,8,30,582.0,551.0,208.0,27.0,2.7,196.0,0.03
2012-06-03 09:30:00-06:00,2012,6,3,9,30,728.0,520.0,297.0,27.0,2.5,200.0,0.03
2012-06-03 10:30:00-06:00,2012,6,3,10,30,811.0,460.0,381.0,27.0,2.5,202.0,0.03
2012-06-03 11:30:00-06:00,2012,6,3,11,30,866.0,446.0,425.0,28.0,2.7,200.0,0.03
2012-06-03 12:30:00-06:00,2012,6,3,12,30,926.0,540.0,392.0,28.0,3.0,198.0,0.03
2012-06-03 13:30:00-06:00,2012,6,3,13,30,935.0,859.0,135.0,28.0,3.4000000000000004,196.0,0.03
2012-06-03 14:30:00-06:00,2012,6,3,14,30,690.0,453.0,317.0,28.0,3.7,195.0,0.03
2012-06-03 15:30:00-06:00,2012,6,3,15,30,645.0,795.0,108.0,28.0,3.7,194.0,0.03
2012-06-03 16:30:00-06:00,2012,6,3,16,30,441.0,708.0,93.0,27.0,3.7,190.0,0.03
2012-06-03 17:30:00-06:00,2012,6,3,17,30,226.0,540.0,70.0,27.0,3.7,187.0,0.03
2012-06-03 18:30:00-06:00,2012,6,3,18,30,41.0,186.0,27.0,27.0,3.8,187.0,0.03
2012-06-03 19:30:00-06:00,2012,6,3,19,30,0.0,0.0,0.0,27.0,3.8,188.0,0.03
2012-06-03 20:30:00-06:00,2012,6,3,20,30,0.0,0.0,0.0,27.0,3.8,185.0,0.03
2012-06-03 21:30:00-06:00,2012,6,3,21,30,0.0,0.0,0.0,27.0,4.0,182.0,0.03
2012-06-03 22:30:00-06:00,2012,6,3,22,30,0.0,0.0,0.0,27.0,4.4,186.0,0.03
2012-06-03 23:30:00-06:00,2012,6,3,23,30,0.0,0.0,0.0,27.0,4.7,191.0,0.03
2012-06-04 00:30:00-06:00,2012,6,4,0,30,0.0,0.0,0.0,26.0,5.1000000000000005,192.0,0.03
2012-06-04 01:30:00-06:00,2012,6,4,1,30,0.0,0.0,0.0,26.0,5.300000000000001,196.0,0.03
2012-06-04 02:30:00-06:00,2012,6,4,2,30,0.0,0.0,0.0,26.0,5.0,200.0,0.03
2012-06-04 03:30:00-06:00,2012,6,4,3,30,0.0,0.0,0.0,26.0,4.5,201.0,0.03
2012-06-04 04:30:00-06:00,2012,6,4,4,30,0.0,0.0,0.0,26.0,4.0,206.0,0.03
2012-06-04 05:30:00-06:00,2012,6,4,5,30,25.0,0.0,25.0,26.0,3.7,216.0,0.03
2012-06-04 06:30:00-06:00,2012,6,4,6,30,179.0,259.0,103.0,27.0,3.5,229.0,0.03
2012-06-04 07:30:00-06:00,2012,6,4,7,30,434.0,660.0,106.0,27.0,3.3000000000000003,241.0,0.03
2012-06-04 08:30:00-06:00,2012,6,4,8,30,576.0,530.0,215.0,27.0,3.0,248.0,0.03
2012-06-04 09:30:00-06:00,2012,6,4,9,30,686.0,434.0,326.0,27.0,2.5,251.0,0.03
2012-06-04 10:30:00-06:00,2012,6,4,10,30,788.0,429.0,387.0,27.0,2.2,249.0,0.03
2012-06-04 11:30:00-06:00,2012,6,4,11,30,835.0,414.0,426.0,27.0,2.1,237.0,0.03
2012-06-04 12:30:00-06:00,2012,6,4,12,30,985.0,864.0,132.0,27.0,2.4000000000000004,226.0,0.03
2012-06-04 13:30:00-06:00,2012,6,4,13,30,921.0,854.0,126.0,28.0,2.9000000000000004,223.0,0.03
2012-06-04 14:30:00-06:00,2012,6,4,14,30,800.0,824.0,119.0,28.0,3.3000000000000003,221.0,0.03
2012-06-04 15:30:00-06:00,2012,6,4,15,30,569.0,521.0,217.0,28.0,3.3000000000000003,220.0,0.03
2012-06-04 16:30:00-06:00,2012,6,4,16,30,353.0,344.0,184.0,27.0,3.2,222.0,0.03
2012-06-04 17:30:00-06:00,2012,6,4,17,30,203.0,417.0,83.0,27.0,3.3000000000000003,220.0,0.03
2012-06-04 18:30:00-06:00,2012,6,4,18,30,37.0,127.0,27.0,27.0,3.7,214.0,0.03
2012-06-04 19:30:00-06:00,2012,6,4,19,30,0.0,0.0,0.0,27.0,4.1000000000000005,213.0,0.03
2012-06-04 20:30:00-06:00,2012,6,4,20,30,0.0,0.0,0.0,27.0,4.4,216.0,0.03
2012-06-04 21:30:00-06:00,2012,6,4,21,30,0.0,0.0,0.0,27.0,4.7,217.0,0.03
2012-06-04 22:30:00-06:00,2012,6,4,22,30,0.0,0.0,0.0,27.0,5.1000000000000005,218.0,0.03
2012-06-04 23:30:00-06:00,2012,6,4,23,30,0.0,0.0,0.0,27.0,5.2,219.0,0.03
2012-06-05 00:30:00-06:00,2012,6,5,0,30,0.0,0.0,0.0,27.0,5.0,221.0,0.03
2012-06-05 01:30:00-06:00,2012,6,5,1,30,0.0,0.0,0.0,27.0,4.6000000000000005,228.0,0.03
2012-06-05 02:30:00-06:00,2012,6,5,2,30,0.0,0.0,0.0,27.0,4.3,239.0,0.03
2012-06-05 03:30:00-06:00,2012,6,5,3,30,0.0,0.0,0.0,27.0,4.2,251.0,0.03
2012-06-05 04:30:00-06:00,2012,6,5,4,30,0.0,0.0,0.0,27.0,4.3,258.0,0.03
2012-06-05 05:30:00-06:00,2012,6,5,5,30,41.0,137.0,29.0,27.0,4.4,260.0,0.03
2012-06-05 06:30:00-06:00,2012,6,5,6,30,221.0,505.0,73.0,27.0,4.5,257.0,0.03
2012-06-05 07:30:00-06:00,2012,6,5,7,30,430.0,670.0,96.0,27.0,4.6000000000000005,252.0,0.03
2012-06-05 08:30:00-06:00,2012,6,5,8,30,629.0,762.0,111.0,28.0,4.7,248.0,0.03
2012-06-05 09:30:00-06:00,2012,6,5,9,30,569.0,204.0,399.0,28.0,4.800000000000001,243.0,0.03
2012-06-05 10:30:00-06:00,2012,6,5,10,30,806.0,452.0,384.0,28.0,4.800000000000001,236.0,0.03
2012-06-05 11:30:00-06:00,2012,6,5,11,30,844.0,423.0,426.0,28.0,4.9,229.0,0.03
2012-06-05 12:30:00-06:00,2012,6,5,12,30,835.0,413.0,427.0,28.0,5.1000000000000005,222.0,0.03
2012-06-05 13:30:00-06:00,2012,6,5,13,30,846.0,508.0,372.0,28.0,5.300000000000001,215.0,0.03
2012-06-05 14:30:00-06:00,2012,6,5,14,30,802.0,832.0,114.0,28.0,5.5,210.0,0.03
2012-06-05 15:30:00-06:00,2012,6,5,15,30,633.0,777.0,107.0,27.0,5.5,208.0,0.03
2012-06-05 16:30:00-06:00,2012,6,5,16,30,434.0,691.0,92.0,27.0,5.300000000000001,209.0,0.03
2012-06-05 17:30:00-06:00,2012,6,5,17,30,223.0,527.0,69.0,27.0,4.800000000000001,211.0,0.03
2012-06-05 18:30:00-06:00,2012,6,5,18,30,42.0,189.0,27.0,27.0,4.5,211.0,0.03
2012-06-05 19:30:00-06:00,2012,6,5,19,30,0.0,0.0,0.0,27.0,4.5,208.0,0.03
2012-06-05 20:30:00-06:00,2012,6,5,20,30,0.0,0.0,0.0,27.0,4.6000000000000005,203.0,0.03
2012-06-05 21:30:00-06:00,2012,6,5,21,30,0.0,0.0,0.0,27.0,4.5,202.0,0.03
2012-06-05 22:30:00-06:00,2012,6,5,22,30,0.0,0.0,0.0,27.0,4.4,205.0,0.03
2012-06-05 23:30:00-06:00,2012,6,5,23,30,0.0,0.0,0.0,27.0,4.1000000000000005,209.0,0.03
2012-06-06 00:30:00-06:00,2012,6,6,0,30,0.0,0.0,0.0,27.0,4.0,213.0,0.03
2012-06-06 01:30:00-06:00,2012,6,6,1,30,0.0,0.0,0.0,27.0,3.8,218.0,0.03
2012-06-06 02:30:00-06:00,2012,6,6,2,30,0.0,0.0,0.0,27.0,3.5,223.0,0.03
2012-06-06 03:30:00-06:00,2012,6,6,3,30,0.0,0.0,0.0,27.0,3.2,229.0,0.03
2012-06-06 04:30:00-06:00,2012,6,6,4,30,0.0,0.0,0.0,27.0,2.7,236.0,0.03
2012-06-06 05:30:00-06:00,2012,6,6,5,30,43.0,169.0,29.0,27.0,2.2,245.0,0.03
2012-06-06 06:30:00-06:00,2012,6,6,6,30,224.0,520.0,72.0,27.0,1.8,257.0,0.03
2012-06-06 07:30:00-06:00,2012,6,6,7,30,435.0,683.0,95.0,27.0,1.6,264.0,0.03
2012-06-06 08:30:00-06:00,2012,6,6,8,30,576.0,531.0,215.0,27.0,1.5,264.0,0.03
2012-06-06 09:30:00-06:00,2012,6,6,9,30,800.0,817.0,124.0,28.0,1.5,258.0,0.03
2012-06-06 10:30:00-06:00,2012,6,6,10,30,920.0,847.0,130.0,28.0,1.5,252.0,0.03
2012-06-06 11:30:00-06:00,2012,6,6,11,30,983.0,862.0,131.0,28.0,1.6,242.0,0.03
2012-06-06 12:30:00-06:00,2012,6,6,12,30,976.0,840.0,145.0,29.0,1.8,233.0,0.03
2012-06-06 13:30:00-06:00,2012,6,6,13,30,750.0,342.0,430.0,29.0,1.9,226.0,0.03
2012-06-06 14:30:00-06:00,2012,6,6,14,30,664.0,370.0,358.0,29.0,2.1,221.0,0.03
2012-06-06 15:30:00-06:00,2012,6,6,15,30,622.0,725.0,130.0,29.0,2.2,215.0,0.03
2012-06-06 16:30:00-06:00,2012,6,6,16,30,334.0,277.0,197.0,28.0,2.3000000000000003,211.0,0.03
2012-06-06 17:30:00-06:00,2012,6,6,17,30,126.0,57.0,109.0,28.0,2.2,211.0,0.03
2012-06-06 18:30:00-06:00,2012,6,6,18,30,39.0,114.0,29.0,28.0,2.1,206.0,0.03
2012-06-06 19:30:00-06:00,2012,6,6,19,30,0.0,0.0,0.0,27.0,2.1,194.0,0.03
2012-06-06 20:30:00-06:00,2012,6,6,20,30,0.0,0.0,0.0,27.0,2.1,175.0,0.03
2012-06-06 21:30:00-06:00,2012,6,6,21,30,0.0,0.0,0.0,27.0,2.0,165.0,0.03
2012-06-06 22:30:00-06:00,2012,6,6,22,30,0.0,0.0,0.0,27.0,1.8,164.0,0.03
2012-06-06 23:30:00-06:00,2012,6,6,23,30,0.0,0.0,0.0,27.0,1.5,166.0,0.03
2012-06-07 00:30:00-06:00,2012,6,7,0,30,0.0,0.0,0.0,27.0,1.2000000000000002,170.0,0.03
2012-06-07 01:30:00-06:00,2012,6,7,1,30,0.0,0.0,0.0,26.0,0.8,177.0,0.03
2012-06-07 02:30:00-06:00,2012,6,7,2,30,0.0,0.0,0.0,26.0,0.7000000000000001,186.0,0.03
2012-06-07 03:30:00-06:00,2012,6,7,3,30,0.0,0.0,0.0,26.0,0.8,177.0,0.03
2012-06-07 04:30:00-06:00,2012,6,7,4,30,0.0,0.0,0.0,27.0,1.0,154.0,0.03
2012-06-07 05:30:00-06:00,2012,6,7,5,30,33.0,62.0,28.0,27.0,1.3,141.0,0.03
2012-06-07 06:30:00-06:00,2012,6,7,6,30,175.0,240.0,105.0,27.0,1.5,135.0,0.03
2012-06-07 07:30:00-06:00,2012,6,7,7,30,321.0,235.0,203.0,27.0,1.7000000000000002,127.0,0.03
2012-06-07 08:30:00-06:00,2012,6,7,8,30,418.0,156.0,312.0,27.0,1.8,119.0,0.03
2012-06-07 09:30:00-06:00,2012,6,7,9,30,720.0,505.0,301.0,28.0,1.9,114.0,0.03
2012-06-07 10:30:00-06:00,2012,6,7,10,30,812.0,460.0,382.0,28.0,2.0,108.0,0.03
2012-06-07 11:30:00-06:00,2012,6,7,11,30,697.0,197.0,501.0,28.0,2.1,103.0,0.03
2012-06-07 12:30:00-06:00,2012,6,7,12,30,784.0,313.0,474.0,28.0,2.2,99.0,0.03
2012-06-07 13:30:00-06:00,2012,6,7,13,30,608.0,151.0,467.0,29.0,2.2,100.0,0.03
2012-06-07 14:30:00-06:00,2012,6,7,14,30,406.0,53.0,362.0,29.0,2.2,102.0,0.03
2012-06-07 15:30:00-06:00,2012,6,7,15,30,458.0,224.0,306.0,29.0,2.2,106.0,0.03
2012-06-07 16:30:00-06:00,2012,6,7,16,30,140.0,0.0,140.0,28.0,2.2,111.0,0.03
2012-06-07 17:30:00-06:00,2012,6,7,17,30,94.0,0.0,94.0,28.0,2.1,114.0,0.03
2012-06-07 18:30:00-06:00,2012,6,7,18,30,18.0,0.0,18.0,28.0,2.0,114.0,0.03
2012-06-07 19:30:00-06:00,2012,6,7,19,30,0.0,0.0,0.0,27.0,1.9,112.0,0.03
2012-06-07 20:30:00-06:00,2012,6,7,20,30,0.0,0.0,0.0,27.0,1.8,111.0,0.03
2012-06-07 21:30:00-06:00,2012,6,7,21,30,0.0,0.0,0.0,27.0,1.7000000000000002,114.0,0.03
2012-06-07 22:30:00-06:00,2012,6,7,22,30,0.0,0.0,0.0,27.0,1.6,123.0,0.03
2012-06-07 23:30:00-06:00,2012,6,7,23,30,0.0,0.0,0.0,27.0,1.4,137.0,0.03
2012-06-08 00:30:00-06:00,2012,6,8,0,30,0.0,0.0,0.0,27.0,1.2000000000000002,151.0,0.03
2012-06-08 01:30:00-06:00,2012,6,8,1,30,0.0,0.0,0.0,27.0,1.1,158.0,0.03
2012-06-08 02:30:00-06:00,2012,6,8,2,30,0.0,0.0,0.0,27.0,1.0,154.0,0.03
2012-06-08 03:30:00-06:00,2012,6,8,3,30,0.0,0.0,0.0,26.0,1.0,140.0,0.03
2012-06-08 04:30:00-06:00,2012,6,8,4,30,0.0,0.0,0.0,26.0,1.2000000000000002,127.0,0.03
2012-06-08 05:30:00-06:00,2012,6,8,5,30,15.0,0.0,15.0,27.0,1.5,122.0,0.03
2012-06-08 06:30:00-06:00,2012,6,8,6,30,73.0,0.0,73.0,27.0,1.8,126.0,0.03
2012-06-08 07:30:00-06:00,2012,6,8,7,30,41.0,0.0,41.0,27.0,2.1,134.0,0.03
2012-06-08 08:30:00-06:00,2012,6,8,8,30,247.0,17.0,235.0,27.0,2.2,141.0,0.03
2012-06-08 09:30:00-06:00,2012,6,8,9,30,141.0,0.0,141.0,27.0,2.1,140.0,0.03
2012-06-08 10:30:00-06:00,2012,6,8,10,30,113.0,0.0,113.0,27.0,2.1,132.0,0.03
2012-06-08 11:30:00-06:00,2012,6,8,11,30,160.0,4.0,155.0,27.0,2.2,121.0,0.03
2012-06-08 12:30:00-06:00,2012,6,8,12,30,401.0,25.0,375.0,27.0,2.3000000000000003,117.0,0.03
2012-06-08 13:30:00-06:00,2012,6,8,13,30,532.0,88.0,450.0,26.0,2.3000000000000003,118.0,0.03
2012-06-08 14:30:00-06:00,2012,6,8,14,30,370.0,37.0,339.0,26.0,2.3000000000000003,118.0,0.03
2012-06-08 15:30:00-06:00,2012,6,8,15,30,402.0,133.0,311.0,26.0,2.3000000000000003,123.0,0.03
2012-06-08 16:30:00-06:00,2012,6,8,16,30,323.0,241.0,203.0,26.0,2.4000000000000004,130.0,0.03
2012-06-08 17:30:00-06:00,2012,6,8,17,30,202.0,386.0,89.0,26.0,2.6,137.0,0.03
2012-06-08 18:30:00-06:00,2012,6,8,18,30,39.0,124.0,29.0,26.0,3.0,143.0,0.03
2012-06-08 19:30:00-06:00,2012,6,8,19,30,0.0,0.0,0.0,26.0,3.8,148.0,0.03
2012-06-08 20:30:00-06:00,2012,6,8,20,30,0.0,0.0,0.0,26.0,4.6000000000000005,150.0,0.03
2012-06-08 21:30:00-06:00,2012,6,8,21,30,0.0,0.0,0.0,26.0,5.1000000000000005,152.0,0.03
2012-06-08 22:30:00-06:00,2012,6,8,22,30,0.0,0.0,0.0,26.0,5.300000000000001,156.0,0.03
2012-06-08 23:30:00-06:00,2012,6,8,23,30,0.0,0.0,0.0,26.0,5.300000000000001,160.0,0.03
2012-06-09 00:30:00-06:00,2012,6,9,0,30,0.0,0.0,0.0,26.0,5.2,165.0,0.03
2012-06-09 01:30:00-06:00,2012,6,9,1,30,0.0,0.0,0.0,26.0,5.1000000000000005,171.0,0.03
2012-06-09 02:30:00-06:00,2012,6,9,2,30,0.0,0.0,0.0,26.0,5.0,176.0,0.03
2012-06-09 03:30:00-06:00,2012,6,9,3,30,0.0,0.0,0.0,26.0,5.0,177.0,0.03
2012-06-09 04:30:00-06:00,2012,6,9,4,30,0.0,0.0,0.0,26.0,5.0,177.0,0.03
2012-06-09 05:30:00-06:00,2012,6,9,5,30,17.0,0.0,17.0,27.0,5.1000000000000005,178.0,0.03
2012-06-09 06:30:00-06:00,2012,6,9,6,30,141.0,101.0,112.0,27.0,5.300000000000001,179.0,0.03
2012-06-09 07:30:00-06:00,2012,6,9,7,30,417.0,608.0,115.0,27.0,5.7,178.0,0.03
2012-06-09 08:30:00-06:00,2012,6,9,8,30,554.0,460.0,242.0,27.0,6.0,178.0,0.03
2012-06-09 09:30:00-06:00,2012,6,9,9,30,782.0,777.0,139.0,27.0,6.1000000000000005,178.0,0.03
2012-06-09 10:30:00-06:00,2012,6,9,10,30,716.0,287.0,448.0,27.0,6.2,177.0,0.03
2012-06-09 11:30:00-06:00,2012,6,9,11,30,569.0,87.0,483.0,27.0,6.300000000000001,175.0,0.03
2012-06-09 12:30:00-06:00,2012,6,9,12,30,955.0,793.0,171.0,27.0,6.4,174.0,0.03
2012-06-09 13:30:00-06:00,2012,6,9,13,30,718.0,289.0,448.0,27.0,6.4,171.0,0.03
2012-06-09 14:30:00-06:00,2012,6,9,14,30,78.0,0.0,78.0,27.0,6.4,166.0,0.03
2012-06-09 15:30:00-06:00,2012,6,9,15,30,112.0,0.0,112.0,27.0,6.6000000000000005,161.0,0.03
2012-06-09 16:30:00-06:00,2012,6,9,16,30,17.0,0.0,17.0,26.0,6.7,160.0,0.03
2012-06-09 17:30:00-06:00,2012,6,9,17,30,202.0,379.0,90.0,26.0,6.7,160.0,0.03
2012-06-09 18:30:00-06:00,2012,6,9,18,30,40.0,115.0,30.0,26.0,6.800000000000001,162.0,0.03
2012-06-09 19:30:00-06:00,2012,6,9,19,30,0.0,0.0,0.0,26.0,6.9,167.0,0.03
2012-06-09 20:30:00-06:00,2012,6,9,20,30,0.0,0.0,0.0,26.0,7.0,172.0,0.03
2012-06-09 21:30:00-06:00,2012,6,9,21,30,0.0,0.0,0.0,27.0,7.2,177.0,0.03
2012-06-09 22:30:00-06:00,2012,6,9,22,30,0.0,0.0,0.0,27.0,7.4,181.0,0.03
2012-06-09 23:30:00-06:00,2012,6,9,23,30,0.0,0.0,0.0,27.0,7.6,183.0,0.03
2012-06-10 00:30:00-06:00,2012,6,10,0,30,0.0,0.0,0.0,27.0,7.800000000000001,184.0,0.03
2012-06-10 01:30:00-06:00,2012,6,10,1,30,0.0,0.0,0.0,27.0,8.1,184.0,0.03
2012-06-10 02:30:00-06:00,2012,6,10,2,30,0.0,0.0,0.0,27.0,8.3,183.0,0.03
2012-06-10 03:30:00-06:00,2012,6,10,3,30,0.0,0.0,0.0,27.0,8.4,183.0,0.03
2012-06-10 04:30:00-06:00,2012,6,10,4,30,0.0,0.0,0.0,27.0,8.3,185.0,0.03
2012-06-10 05:30:00-06:00,2012,6,10,5,30,24.0,0.0,24.0,27.0,8.0,186.0,0.03
2012-06-10 06:30:00-06:00,2012,6,10,6,30,29.0,0.0,29.0,27.0,7.7,188.0,0.03
2012-06-10 07:30:00-06:00,2012,6,10,7,30,137.0,0.0,137.0,27.0,7.4,192.0,0.03
2012-06-10 08:30:00-06:00,2012,6,10,8,30,421.0,162.0,311.0,27.0,7.1000000000000005,196.0,0.03
2012-06-10 09:30:00-06:00,2012,6,10,9,30,139.0,0.0,139.0,27.0,6.800000000000001,200.0,0.03
2012-06-10 10:30:00-06:00,2012,6,10,10,30,155.0,3.0,152.0,27.0,6.5,204.0,0.03
2012-06-10 11:30:00-06:00,2012,6,10,11,30,133.0,0.0,133.0,27.0,6.2,206.0,0.03
2012-06-10 12:30:00-06:00,2012,6,10,12,30,117.0,0.0,117.0,27.0,6.0,206.0,0.03
2012-06-10 13:30:00-06:00,2012,6,10,13,30,111.0,0.0,111.0,27.0,5.9,205.0,0.03
2012-06-10 14:30:00-06:00,2012,6,10,14,30,94.0,0.0,94.0,27.0,5.7,204.0,0.03
2012-06-10 15:30:00-06:00,2012,6,10,15,30,111.0,0.0,111.0,27.0,5.6000000000000005,201.0,0.03
2012-06-10 16:30:00-06:00,2012,6,10,16,30,284.0,144.0,212.0,27.0,5.6000000000000005,197.0,0.03
2012-06-10 17:30:00-06:00,2012,6,10,17,30,154.0,139.0,113.0,27.0,5.6000000000000005,193.0,0.03
2012-06-10 18:30:00-06:00,2012,6,10,18,30,30.0,16.0,28.0,27.0,5.800000000000001,191.0,0.03
2012-06-10 19:30:00-06:00,2012,6,10,19,30,0.0,0.0,0.0,27.0,6.1000000000000005,189.0,0.03
2012-06-10 20:30:00-06:00,2012,6,10,20,30,0.0,0.0,0.0,27.0,6.5,186.0,0.03
2012-06-10 21:30:00-06:00,2012,6,10,21,30,0.0,0.0,0.0,27.0,6.800000000000001,183.0,0.03
2012-06-10 22:30:00-06:00,2012,6,10,22,30,0.0,0.0,0.0,27.0,7.0,181.0,0.03
2012-06-10 23:30:00-06:00,2012,6,10,23,30,0.0,0.0,0.0,27.0,7.1000000000000005,179.0,0.03
2012-06-11 00:30:00-06:00,2012,6,11,0,30,0.0,0.0,0.0,27.0,7.2,178.0,0.03
2012-06-11 01:30:00-06:00,2012,6,11,1,30,0.0,0.0,0.0,27.0,7.1000000000000005,177.0,0.03
2012-06-11 02:30:00-06:00,2012,6,11,2,30,0.0,0.0,0.0,27.0,6.9,178.0,0.03
2012-06-11 03:30:00-06:00,2012,6,11,3,30,0.0,0.0,0.0,27.0,6.6000000000000005,180.0,0.03
2012-06-11 04:30:00-06:00,2012,6,11,4,30,0.0,0.0,0.0,27.0,6.4,184.0,0.03
2012-06-11 05:30:00-06:00,2012,6,11,5,30,40.0,116.0,31.0,27.0,6.1000000000000005,186.0,0.03
2012-06-11 06:30:00-06:00,2012,6,11,6,30,210.0,392.0,95.0,27.0,6.0,189.0,0.03
2012-06-11 07:30:00-06:00,2012,6,11,7,30,414.0,565.0,134.0,27.0,5.7,190.0,0.03
2012-06-11 08:30:00-06:00,2012,6,11,8,30,611.0,666.0,159.0,27.0,5.5,192.0,0.03
2012-06-11 09:30:00-06:00,2012,6,11,9,30,777.0,728.0,174.0,27.0,5.300000000000001,194.0,0.03
2012-06-11 10:30:00-06:00,2012,6,11,10,30,896.0,764.0,183.0,28.0,5.2,195.0,0.03
2012-06-11 11:30:00-06:00,2012,6,11,11,30,959.0,779.0,189.0,28.0,5.2,195.0,0.03
2012-06-11 12:30:00-06:00,2012,6,11,12,30,960.0,782.0,186.0,28.0,5.300000000000001,196.0,0.03
2012-06-11 13:30:00-06:00,2012,6,11,13,30,897.0,765.0,183.0,28.0,5.4,197.0,0.03
2012-06-11 14:30:00-06:00,2012,6,11,14,30,779.0,730.0,172.0,28.0,5.4,198.0,0.03
2012-06-11 15:30:00-06:00,2012,6,11,15,30,600.0,607.0,186.0,28.0,5.300000000000001,198.0,0.03
2012-06-11 16:30:00-06:00,2012,6,11,16,30,405.0,495.0,157.0,28.0,5.0,200.0,0.03
2012-06-11 17:30:00-06:00,2012,6,11,17,30,161.0,166.0,112.0,28.0,4.5,201.0,0.03
2012-06-11 18:30:00-06:00,2012,6,11,18,30,30.0,44.0,26.0,27.0,4.0,203.0,0.03
2012-06-11 19:30:00-06:00,2012,6,11,19,30,0.0,0.0,0.0,27.0,3.6,204.0,0.03
2012-06-11 20:30:00-06:00,2012,6,11,20,30,0.0,0.0,0.0,27.0,3.4000000000000004,202.0,0.03
2012-06-11 21:30:00-06:00,2012,6,11,21,30,0.0,0.0,0.0,27.0,3.3000000000000003,197.0,0.03
2012-06-11 22:30:00-06:00,2012,6,11,22,30,0.0,0.0,0.0,27.0,3.4000000000000004,191.0,0.03
2012-06-11 23:30:00-06:00,2012,6,11,23,30,0.0,0.0,0.0,27.0,3.5,189.0,0.03
2012-06-12 00:30:00-06:00,2012,6,12,0,30,0.0,0.0,0.0,27.0,3.6,190.0,0.03
2012-06-12 01:30:00-06:00,2012,6,12,1,30,0.0,0.0,0.0,27.0,3.5,194.0,0.03
2012-06-12 02:30:00-06:00,2012,6,12,2,30,0.0,0.0,0.0,26.0,3.3000000000000003,201.0,0.03
2012-06-12 03:30:00-06:00,2012,6,12,3,30,0.0,0.0,0.0,26.0,3.3000000000000003,207.0,0.03
2012-06-12 04:30:00-06:00,2012,6,12,4,30,0.0,0.0,0.0,26.0,3.1,213.0,0.03
2012-06-12 05:30:00-06:00,2012,6,12,5,30,37.0,99.0,28.0,26.0,2.7,221.0,0.03
2012-06-12 06:30:00-06:00,2012,6,12,6,30,170.0,220.0,106.0,26.0,2.2,228.0,0.03
2012-06-12 07:30:00-06:00,2012,6,12,7,30,350.0,329.0,187.0,26.0,1.6,233.0,0.03
2012-06-12 08:30:00-06:00,2012,6,12,8,30,574.0,534.0,212.0,26.0,1.2000000000000002,231.0,0.03
2012-06-12 09:30:00-06:00,2012,6,12,9,30,693.0,457.0,315.0,27.0,1.1,253.0,0.03
2012-06-12 10:30:00-06:00,2012,6,12,10,30,903.0,782.0,173.0,27.0,1.3,300.0,0.03
2012-06-12 11:30:00-06:00,2012,6,12,11,30,862.0,443.0,424.0,27.0,1.7000000000000002,334.0,0.03
2012-06-12 12:30:00-06:00,2012,6,12,12,30,883.0,463.0,424.0,28.0,2.1,352.0,0.03
2012-06-12 13:30:00-06:00,2012,6,12,13,30,513.0,76.0,442.0,28.0,2.5,1.0,0.03
2012-06-12 14:30:00-06:00,2012,6,12,14,30,661.0,352.0,368.0,28.0,2.7,3.0,0.03
2012-06-12 15:30:00-06:00,2012,6,12,15,30,527.0,365.0,277.0,28.0,2.4000000000000004,2.0,0.03
2012-06-12 16:30:00-06:00,2012,6,12,16,30,364.0,358.0,184.0,28.0,1.8,356.0,0.03
2012-06-12 17:30:00-06:00,2012,6,12,17,30,217.0,419.0,92.0,28.0,1.3,341.0,0.03
2012-06-12 18:30:00-06:00,2012,6,12,18,30,44.0,141.0,31.0,28.0,1.3,311.0,0.03
2012-06-12 19:30:00-06:00,2012,6,12,19,30,0.0,0.0,0.0,28.0,1.7000000000000002,287.0,0.03
2012-06-12 20:30:00-06:00,2012,6,12,20,30,0.0,0.0,0.0,28.0,2.2,280.0,0.03
2012-06-12 21:30:00-06:00,2012,6,12,21,30,0.0,0.0,0.0,27.0,2.5,283.0,0.03
2012-06-12 22:30:00-06:00,2012,6,12,22,30,0.0,0.0,0.0,27.0,2.7,284.0,0.03
2012-06-12 23:30:00-06:00,2012,6,12,23,30,0.0,0.0,0.0,27.0,2.7,280.0,0.03
2012-06-13 00:30:00-06:00,2012,6,13,0,30,0.0,0.0,0.0,27.0,2.8000000000000003,274.0,0.03
2012-06-13 01:30:00-06:00,2012,6,13,1,30,0.0,0.0,0.0,26.0,3.2,277.0,0.03
2012-06-13 02:30:00-06:00,2012,6,13,2,30,0.0,0.0,0.0,26.0,3.5,285.0,0.03
2012-06-13 03:30:00-06:00,2012,6,13,3,30,0.0,0.0,0.0,26.0,3.7,295.0,0.03
2012-06-13 04:30:00-06:00,2012,6,13,4,30,0.0,0.0,0.0,26.0,3.9,308.0,0.03
2012-06-13 05:30:00-06:00,2012,6,13,5,30,39.0,121.0,29.0,26.0,4.1000000000000005,321.0,0.03
2012-06-13 06:30:00-06:00,2012,6,13,6,30,167.0,207.0,106.0,26.0,4.3,331.0,0.03
2012-06-13 07:30:00-06:00,2012,6,13,7,30,424.0,636.0,108.0,26.0,4.3,338.0,0.03
2012-06-13 08:30:00-06:00,2012,6,13,8,30,621.0,723.0,131.0,26.0,4.1000000000000005,341.0,0.03
2012-06-13 09:30:00-06:00,2012,6,13,9,30,703.0,478.0,307.0,27.0,3.9,340.0,0.03
2012-06-13 10:30:00-06:00,2012,6,13,10,30,828.0,484.0,376.0,27.0,3.6,336.0,0.03
2012-06-13 11:30:00-06:00,2012,6,13,11,30,970.0,823.0,156.0,28.0,3.4000000000000004,328.0,0.03
2012-06-13 12:30:00-06:00,2012,6,13,12,30,976.0,845.0,140.0,28.0,3.2,317.0,0.03
2012-06-13 13:30:00-06:00,2012,6,13,13,30,913.0,823.0,142.0,28.0,3.0,304.0,0.03
2012-06-13 14:30:00-06:00,2012,6,13,14,30,792.0,785.0,139.0,28.0,2.8000000000000003,289.0,0.03
2012-06-13 15:30:00-06:00,2012,6,13,15,30,629.0,740.0,123.0,29.0,2.8000000000000003,275.0,0.03
2012-06-13 16:30:00-06:00,2012,6,13,16,30,431.0,645.0,107.0,28.0,2.9000000000000004,262.0,0.03
2012-06-13 17:30:00-06:00,2012,6,13,17,30,224.0,473.0,82.0,28.0,3.2,251.0,0.03
2012-06-13 18:30:00-06:00,2012,6,13,18,30,45.0,150.0,32.0,28.0,3.4000000000000004,246.0,0.03
2012-06-13 19:30:00-06:00,2012,6,13,19,30,0.0,0.0,0.0,28.0,3.7,242.0,0.03
2012-06-13 20:30:00-06:00,2012,6,13,20,30,0.0,0.0,0.0,28.0,3.9,241.0,0.03
2012-06-13 21:30:00-06:00,2012,6,13,21,30,0.0,0.0,0.0,27.0,4.0,242.0,0.03
2012-06-13 22:30:00-06:00,2012,6,13,22,30,0.0,0.0,0.0,27.0,4.0,244.0,0.03
2012-06-13 23:30:00-06:00,2012,6,13,23,30,0.0,0.0,0.0,27.0,3.9,245.0,0.03
2012-06-14 00:30:00-06:00,2012,6,14,0,30,0.0,0.0,0.0,27.0,3.8,247.0,0.03
2012-06-14 01:30:00-06:00,2012,6,14,1,30,0.0,0.0,0.0,27.0,3.9,252.0,0.03
2012-06-14 02:30:00-06:00,2012,6,14,2,30,0.0,0.0,0.0,27.0,4.0,261.0,0.03
2012-06-14 03:30:00-06:00,2012,6,14,3,30,0.0,0.0,0.0,27.0,4.0,271.0,0.03
2012-06-14 04:30:00-06:00,2012,6,14,4,30,0.0,0.0,0.0,27.0,3.9,283.0,0.03
2012-06-14 05:30:00-06:00,2012,6,14,5,30,41.0,151.0,28.0,27.0,3.8,294.0,0.03
2012-06-14 06:30:00-06:00,2012,6,14,6,30,217.0,476.0,78.0,27.0,3.4000000000000004,308.0,0.03
2012-06-14 07:30:00-06:00,2012,6,14,7,30,425.0,648.0,103.0,28.0,2.8000000000000003,322.0,0.03
2012-06-14 08:30:00-06:00,2012,6,14,8,30,397.0,130.0,309.0,28.0,2.2,339.0,0.03
2012-06-14 09:30:00-06:00,2012,6,14,9,30,788.0,791.0,134.0,28.0,1.7000000000000002,352.0,0.03
2012-06-14 10:30:00-06:00,2012,6,14,10,30,905.0,815.0,145.0,28.0,1.6,347.0,0.03
2012-06-14 11:30:00-06:00,2012,6,14,11,30,881.0,462.0,425.0,28.0,1.6,328.0,0.03
2012-06-14 12:30:00-06:00,2012,6,14,12,30,619.0,123.0,497.0,29.0,1.7000000000000002,314.0,0.03
2012-06-14 13:30:00-06:00,2012,6,14,13,30,476.0,56.0,423.0,29.0,1.7000000000000002,305.0,0.03
2012-06-14 14:30:00-06:00,2012,6,14,14,30,475.0,98.0,393.0,29.0,1.7000000000000002,298.0,0.03
2012-06-14 15:30:00-06:00,2012,6,14,15,30,311.0,44.0,280.0,28.0,1.9,290.0,0.03
2012-06-14 16:30:00-06:00,2012,6,14,16,30,232.0,58.0,203.0,28.0,1.9,287.0,0.03
2012-06-14 17:30:00-06:00,2012,6,14,17,30,127.0,50.0,112.0,27.0,1.8,287.0,0.03
2012-06-14 18:30:00-06:00,2012,6,14,18,30,21.0,0.0,21.0,27.0,1.6,289.0,0.03
2012-06-14 19:30:00-06:00,2012,6,14,19,30,0.0,0.0,0.0,26.0,1.5,291.0,0.03
2012-06-14 20:30:00-06:00,2012,6,14,20,30,0.0,0.0,0.0,26.0,1.5,297.0,0.03
2012-06-14 21:30:00-06:00,2012,6,14,21,30,0.0,0.0,0.0,26.0,1.4,311.0,0.03
2012-06-14 22:30:00-06:00,2012,6,14,22,30,0.0,0.0,0.0,26.0,1.2000000000000002,325.0,0.03
2012-06-14 23:30:00-06:00,2012,6,14,23,30,0.0,0.0,0.0,26.0,0.8,331.0,0.03
2012-06-15 00:30:00-06:00,2012,6,15,0,30,0.0,0.0,0.0,26.0,0.4,351.0,0.03
2012-06-15 01:30:00-06:00,2012,6,15,1,30,0.0,0.0,0.0,26.0,0.2,33.0,0.03
2012-06-15 02:30:00-06:00,2012,6,15,2,30,0.0,0.0,0.0,26.0,0.1,74.0,0.03
2012-06-15 03:30:00-06:00,2012,6,15,3,30,0.0,0.0,0.0,26.0,0.2,101.0,0.03
2012-06-15 04:30:00-06:00,2012,6,15,4,30,0.0,0.0,0.0,26.0,0.5,283.0,0.03
2012-06-15 05:30:00-06:00,2012,6,15,5,30,6.0,0.0,6.0,26.0,1.0,290.0,0.03
2012-06-15 06:30:00-06:00,2012,6,15,6,30,146.0,121.0,110.0,26.0,1.3,302.0,0.03
2012-06-15 07:30:00-06:00,2012,6,15,7,30,366.0,385.0,175.0,27.0,1.7000000000000002,329.0,0.03
2012-06-15 08:30:00-06:00,2012,6,15,8,30,535.0,402.0,262.0,27.0,2.1,358.0,0.03
2012-06-15 09:30:00-06:00,2012,6,15,9,30,561.0,198.0,397.0,27.0,2.6,23.0,0.03
2012-06-15 10:30:00-06:00,2012,6,15,10,30,751.0,351.0,422.0,28.0,3.0,44.0,0.03
2012-06-15 11:30:00-06:00,2012,6,15,11,30,531.0,67.0,465.0,28.0,3.5,58.0,0.03
2012-06-15 12:30:00-06:00,2012,6,15,12,30,404.0,26.0,379.0,28.0,3.8,68.0,0.03
2012-06-15 13:30:00-06:00,2012,6,15,13,30,524.0,82.0,447.0,27.0,3.9,77.0,0.03
2012-06-15 14:30:00-06:00,2012,6,15,14,30,359.0,32.0,332.0,27.0,4.0,82.0,0.03
2012-06-15 15:30:00-06:00,2012,6,15,15,30,255.0,19.0,242.0,27.0,4.1000000000000005,85.0,0.03
2012-06-15 16:30:00-06:00,2012,6,15,16,30,288.0,145.0,214.0,27.0,4.2,84.0,0.03
2012-06-15 17:30:00-06:00,2012,6,15,17,30,88.0,0.0,88.0,27.0,4.3,81.0,0.03
2012-06-15 18:30:00-06:00,2012,6,15,18,30,18.0,0.0,18.0,27.0,4.5,79.0,0.03
2012-06-15 19:30:00-06:00,2012,6,15,19,30,0.0,0.0,0.0,27.0,4.7,79.0,0.03
2012-06-15 20:30:00-06:00,2012,6,15,20,30,0.0,0.0,0.0,27.0,5.0,82.0,0.03
2012-06-15 21:30:00-06:00,2012,6,15,21,30,0.0,0.0,0.0,26.0,5.300000000000001,85.0,0.03
2012-06-15 22:30:00-06:00,2012,6,15,22,30,0.0,0.0,0.0,26.0,5.6000000000000005,90.0,0.03
2012-06-15 23:30:00-06:00,2012,6,15,23,30,0.0,0.0,0.0,26.0,5.7,93.0,0.03
2012-06-16 00:30:00-06:00,2012,6,16,0,30,0.0,0.0,0.0,26.0,5.7,96.0,0.03
2012-06-16 01:30:00-06:00,2012,6,16,1,30,0.0,0.0,0.0,26.0,5.6000000000000005,98.0,0.03
2012-06-16 02:30:00-06:00,2012,6,16,2,30,0.0,0.0,0.0,26.0,5.5,98.0,0.03
2012-06-16 03:30:00-06:00,2012,6,16,3,30,0.0,0.0,0.0,26.0,5.4,96.0,0.03
2012-06-16 04:30:00-06:00,2012,6,16,4,30,0.0,0.0,0.0,27.0,5.5,93.0,0.03
2012-06-16 05:30:00-06:00,2012,6,16,5,30,42.0,166.0,28.0,27.0,5.7,89.0,0.03
2012-06-16 06:30:00-06:00,2012,6,16,6,30,219.0,505.0,72.0,27.0,6.0,86.0,0.03
2012-06-16 07:30:00-06:00,2012,6,16,7,30,340.0,301.0,191.0,27.0,6.1000000000000005,84.0,0.03
2012-06-16 08:30:00-06:00,2012,6,16,8,30,525.0,377.0,269.0,27.0,6.300000000000001,82.0,0.03
2012-06-16 09:30:00-06:00,2012,6,16,9,30,682.0,436.0,322.0,28.0,6.4,81.0,0.03
2012-06-16 10:30:00-06:00,2012,6,16,10,30,907.0,830.0,134.0,27.0,6.6000000000000005,80.0,0.03
2012-06-16 11:30:00-06:00,2012,6,16,11,30,851.0,433.0,423.0,27.0,6.9,79.0,0.03
2012-06-16 12:30:00-06:00,2012,6,16,12,30,892.0,474.0,422.0,27.0,7.2,80.0,0.03
2012-06-16 13:30:00-06:00,2012,6,16,13,30,766.0,383.0,407.0,27.0,7.5,80.0,0.03
2012-06-16 14:30:00-06:00,2012,6,16,14,30,682.0,415.0,336.0,27.0,7.7,81.0,0.03
2012-06-16 15:30:00-06:00,2012,6,16,15,30,628.0,728.0,129.0,27.0,7.800000000000001,81.0,0.03
2012-06-16 16:30:00-06:00,2012,6,16,16,30,434.0,643.0,109.0,27.0,7.7,81.0,0.03
2012-06-16 17:30:00-06:00,2012,6,16,17,30,193.0,296.0,103.0,27.0,7.6,82.0,0.03
2012-06-16 18:30:00-06:00,2012,6,16,18,30,49.0,173.0,33.0,26.0,7.4,85.0,0.03
2012-06-16 19:30:00-06:00,2012,6,16,19,30,0.0,0.0,0.0,26.0,7.2,89.0,0.03
2012-06-16 20:30:00-06:00,2012,6,16,20,30,0.0,0.0,0.0,26.0,6.9,93.0,0.03
2012-06-16 21:30:00-06:00,2012,6,16,21,30,0.0,0.0,0.0,26.0,6.6000000000000005,97.0,0.03
2012-06-16 22:30:00-06:00,2012,6,16,22,30,0.0,0.0,0.0,26.0,6.2,100.0,0.03
2012-06-16 23:30:00-06:00,2012,6,16,23,30,0.0,0.0,0.0,26.0,5.800000000000001,102.0,0.03
2012-06-17 00:30:00-06:00,2012,6,17,0,30,0.0,0.0,0.0,26.0,5.4,103.0,0.03
2012-06-17 01:30:00-06:00,2012,6,17,1,30,0.0,0.0,0.0,26.0,5.0,103.0,0.03
2012-06-17 02:30:00-06:00,2012,6,17,2,30,0.0,0.0,0.0,26.0,4.800000000000001,102.0,0.03
2012-06-17 03:30:00-06:00,2012,6,17,3,30,0.0,0.0,0.0,26.0,4.7,101.0,0.03
2012-06-17 04:30:00-06:00,2012,6,17,4,30,0.0,0.0,0.0,26.0,4.7,100.0,0.03
2012-06-17 05:30:00-06:00,2012,6,17,5,30,12.0,0.0,12.0,26.0,4.9,101.0,0.03
2012-06-17 06:30:00-06:00,2012,6,17,6,30,130.0,71.0,109.0,26.0,5.1000000000000005,102.0,0.03
2012-06-17 07:30:00-06:00,2012,6,17,7,30,148.0,0.0,148.0,27.0,5.4,103.0,0.03
2012-06-17 08:30:00-06:00,2012,6,17,8,30,469.0,252.0,299.0,27.0,5.6000000000000005,106.0,0.03
2012-06-17 09:30:00-06:00,2012,6,17,9,30,684.0,440.0,320.0,27.0,5.7,109.0,0.03
2012-06-17 10:30:00-06:00,2012,6,17,10,30,796.0,445.0,381.0,27.0,5.6000000000000005,114.0,0.03
2012-06-17 11:30:00-06:00,2012,6,17,11,30,497.0,51.0,446.0,27.0,5.6000000000000005,120.0,0.03
2012-06-17 12:30:00-06:00,2012,6,17,12,30,678.0,177.0,503.0,27.0,5.5,126.0,0.03
2012-06-17 13:30:00-06:00,2012,6,17,13,30,790.0,428.0,388.0,27.0,5.5,133.0,0.03
2012-06-17 14:30:00-06:00,2012,6,17,14,30,652.0,338.0,371.0,27.0,5.5,139.0,0.03
2012-06-17 15:30:00-06:00,2012,6,17,15,30,415.0,145.0,315.0,27.0,5.6000000000000005,142.0,0.03
2012-06-17 16:30:00-06:00,2012,6,17,16,30,357.0,321.0,194.0,27.0,5.800000000000001,142.0,0.03
2012-06-17 17:30:00-06:00,2012,6,17,17,30,229.0,502.0,76.0,27.0,5.9,141.0,0.03
2012-06-17 18:30:00-06:00,2012,6,17,18,30,43.0,107.0,32.0,27.0,6.0,140.0,0.03
2012-06-17 19:30:00-06:00,2012,6,17,19,30,0.0,0.0,0.0,27.0,6.1000000000000005,138.0,0.03
2012-06-17 20:30:00-06:00,2012,6,17,20,30,0.0,0.0,0.0,27.0,6.300000000000001,137.0,0.03
2012-06-17 21:30:00-06:00,2012,6,17,21,30,0.0,0.0,0.0,27.0,6.2,137.0,0.03
2012-06-17 22:30:00-06:00,2012,6,17,22,30,0.0,0.0,0.0,27.0,6.2,138.0,0.03
2012-06-17 23:30:00-06:00,2012,6,17,23,30,0.0,0.0,0.0,27.0,6.300000000000001,140.0,0.03
2012-06-18 00:30:00-06:00,2012,6,18,0,30,0.0,0.0,0.0,27.0,6.300000000000001,141.0,0.03
2012-06-18 01:30:00-06:00,2012,6,18,1,30,0.0,0.0,0.0,27.0,6.300000000000001,142.0,0.03
2012-06-18 02:30:00-06:00,2012,6,18,2,30,0.0,0.0,0.0,27.0,6.300000000000001,143.0,0.03
2012-06-18 03:30:00-06:00,2012,6,18,3,30,0.0,0.0,0.0,27.0,6.300000000000001,143.0,0.03
2012-06-18 04:30:00-06:00,2012,6,18,4,30,0.0,0.0,0.0,27.0,6.300000000000001,141.0,0.03
2012-06-18 05:30:00-06:00,2012,6,18,5,30,19.0,0.0,19.0,27.0,6.300000000000001,139.0,0.03
2012-06-18 06:30:00-06:00,2012,6,18,6,30,104.0,12.0,100.0,27.0,6.300000000000001,135.0,0.03
2012-06-18 07:30:00-06:00,2012,6,18,7,30,359.0,367.0,178.0,27.0,6.300000000000001,132.0,0.03
2012-06-18 08:30:00-06:00,2012,6,18,8,30,524.0,377.0,269.0,27.0,6.300000000000001,129.0,0.03
2012-06-18 09:30:00-06:00,2012,6,18,9,30,341.0,28.0,318.0,28.0,6.300000000000001,128.0,0.03
2012-06-18 10:30:00-06:00,2012,6,18,10,30,605.0,151.0,465.0,28.0,6.300000000000001,128.0,0.03
2012-06-18 11:30:00-06:00,2012,6,18,11,30,773.0,299.0,477.0,28.0,6.4,129.0,0.03
2012-06-18 12:30:00-06:00,2012,6,18,12,30,837.0,415.0,426.0,28.0,6.300000000000001,130.0,0.03
2012-06-18 13:30:00-06:00,2012,6,18,13,30,841.0,495.0,377.0,28.0,6.300000000000001,131.0,0.03
2012-06-18 14:30:00-06:00,2012,6,18,14,30,623.0,283.0,386.0,28.0,6.300000000000001,132.0,0.03
2012-06-18 15:30:00-06:00,2012,6,18,15,30,533.0,372.0,277.0,28.0,6.300000000000001,132.0,0.03
2012-06-18 16:30:00-06:00,2012,6,18,16,30,280.0,127.0,215.0,27.0,6.4,131.0,0.03
2012-06-18 17:30:00-06:00,2012,6,18,17,30,123.0,37.0,111.0,27.0,6.4,130.0,0.03
2012-06-18 18:30:00-06:00,2012,6,18,18,30,21.0,0.0,21.0,27.0,6.4,130.0,0.03
2012-06-18 19:30:00-06:00,2012,6,18,19,30,0.0,0.0,0.0,27.0,6.5,129.0,0.03
2012-06-18 20:30:00-06:00,2012,6,18,20,30,0.0,0.0,0.0,27.0,6.6000000000000005,128.0,0.03
2012-06-18 21:30:00-06:00,2012,6,18,21,30,0.0,0.0,0.0,27.0,6.5,127.0,0.03
2012-06-18 22:30:00-06:00,2012,6,18,22,30,0.0,0.0,0.0,27.0,6.4,127.0,0.03
2012-06-18 23:30:00-06:00,2012,6,18,23,30,0.0,0.0,0.0,27.0,6.2,128.0,0.03
2012-06-19 00:30:00-06:00,2012,6,19,0,30,0.0,0.0,0.0,27.0,6.1000000000000005,129.0,0.03
2012-06-19 01:30:00-06:00,2012,6,19,1,30,0.0,0.0,0.0,27.0,5.800000000000001,131.0,0.03
2012-06-19 02:30:00-06:00,2012,6,19,2,30,0.0,0.0,0.0,27.0,5.5,131.0,0.03
2012-06-19 03:30:00-06:00,2012,6,19,3,30,0.0,0.0,0.0,27.0,5.4,130.0,0.03
2012-06-19 04:30:00-06:00,2012,6,19,4,30,0.0,0.0,0.0,27.0,5.4,128.0,0.03
2012-06-19 05:30:00-06:00,2012,6,19,5,30,41.0,151.0,29.0,27.0,5.6000000000000005,125.0,0.03
2012-06-19 06:30:00-06:00,2012,6,19,6,30,224.0,529.0,71.0,27.0,5.9,122.0,0.03
2012-06-19 07:30:00-06:00,2012,6,19,7,30,437.0,694.0,95.0,27.0,6.0,120.0,0.03
2012-06-19 08:30:00-06:00,2012,6,19,8,30,640.0,785.0,110.0,27.0,6.1000000000000005,118.0,0.03
2012-06-19 09:30:00-06:00,2012,6,19,9,30,814.0,847.0,116.0,28.0,6.2,117.0,0.03
2012-06-19 10:30:00-06:00,2012,6,19,10,30,939.0,878.0,122.0,28.0,6.1000000000000005,115.0,0.03
2012-06-19 11:30:00-06:00,2012,6,19,11,30,1007.0,895.0,123.0,28.0,6.0,114.0,0.03
2012-06-19 12:30:00-06:00,2012,6,19,12,30,1010.0,899.0,120.0,28.0,5.800000000000001,112.0,0.03
2012-06-19 13:30:00-06:00,2012,6,19,13,30,949.0,887.0,117.0,28.0,5.800000000000001,110.0,0.03
2012-06-19 14:30:00-06:00,2012,6,19,14,30,828.0,857.0,113.0,28.0,5.800000000000001,109.0,0.03
2012-06-19 15:30:00-06:00,2012,6,19,15,30,659.0,805.0,104.0,28.0,5.800000000000001,108.0,0.03
2012-06-19 16:30:00-06:00,2012,6,19,16,30,298.0,163.0,215.0,28.0,5.9,107.0,0.03
2012-06-19 17:30:00-06:00,2012,6,19,17,30,241.0,551.0,72.0,28.0,6.1000000000000005,106.0,0.03
2012-06-19 18:30:00-06:00,2012,6,19,18,30,38.0,50.0,33.0,27.0,6.300000000000001,105.0,0.03
2012-06-19 19:30:00-06:00,2012,6,19,19,30,0.0,0.0,0.0,27.0,6.6000000000000005,107.0,0.03
2012-06-19 20:30:00-06:00,2012,6,19,20,30,0.0,0.0,0.0,27.0,6.800000000000001,109.0,0.03
2012-06-19 21:30:00-06:00,2012,6,19,21,30,0.0,0.0,0.0,27.0,6.800000000000001,112.0,0.03
2012-06-19 22:30:00-06:00,2012,6,19,22,30,0.0,0.0,0.0,27.0,6.800000000000001,114.0,0.03
2012-06-19 23:30:00-06:00,2012,6,19,23,30,0.0,0.0,0.0,27.0,6.7,113.0,0.03
2012-06-20 00:30:00-06:00,2012,6,20,0,30,0.0,0.0,0.0,27.0,6.6000000000000005,111.0,0.03
2012-06-20 01:30:00-06:00,2012,6,20,1,30,0.0,0.0,0.0,26.0,6.5,109.0,0.03
2012-06-20 02:30:00-06:00,2012,6,20,2,30,0.0,0.0,0.0,26.0,6.5,109.0,0.03
2012-06-20 03:30:00-06:00,2012,6,20,3,30,0.0,0.0,0.0,26.0,6.5,109.0,0.03
2012-06-20 04:30:00-06:00,2012,6,20,4,30,0.0,0.0,0.0,26.0,6.6000000000000005,108.0,0.03
2012-06-20 05:30:00-06:00,2012,6,20,5,30,41.0,140.0,30.0,26.0,6.6000000000000005,107.0,0.03
2012-06-20 06:30:00-06:00,2012,6,20,6,30,224.0,526.0,72.0,27.0,6.6000000000000005,107.0,0.03
2012-06-20 07:30:00-06:00,2012,6,20,7,30,319.0,244.0,199.0,27.0,6.5,106.0,0.03
2012-06-20 08:30:00-06:00,2012,6,20,8,30,536.0,408.0,261.0,27.0,6.300000000000001,105.0,0.03
2012-06-20 09:30:00-06:00,2012,6,20,9,30,806.0,837.0,116.0,28.0,6.1000000000000005,103.0,0.03
2012-06-20 10:30:00-06:00,2012,6,20,10,30,928.0,865.0,122.0,28.0,5.9,101.0,0.03
2012-06-20 11:30:00-06:00,2012,6,20,11,30,993.0,881.0,123.0,28.0,5.7,98.0,0.03
2012-06-20 12:30:00-06:00,2012,6,20,12,30,992.0,867.0,133.0,28.0,5.7,95.0,0.03
2012-06-20 13:30:00-06:00,2012,6,20,13,30,858.0,524.0,365.0,28.0,5.800000000000001,93.0,0.03
2012-06-20 14:30:00-06:00,2012,6,20,14,30,751.0,556.0,287.0,28.0,6.0,91.0,0.03
2012-06-20 15:30:00-06:00,2012,6,20,15,30,653.0,795.0,105.0,28.0,6.1000000000000005,89.0,0.03
2012-06-20 16:30:00-06:00,2012,6,20,16,30,455.0,719.0,90.0,28.0,6.4,89.0,0.03
2012-06-20 17:30:00-06:00,2012,6,20,17,30,244.0,572.0,69.0,28.0,6.5,89.0,0.03
2012-06-20 18:30:00-06:00,2012,6,20,18,30,44.0,108.0,33.0,27.0,6.5,90.0,0.03
2012-06-20 19:30:00-06:00,2012,6,20,19,30,0.0,0.0,0.0,27.0,6.6000000000000005,91.0,0.03
2012-06-20 20:30:00-06:00,2012,6,20,20,30,0.0,0.0,0.0,27.0,6.5,90.0,0.03
2012-06-20 21:30:00-06:00,2012,6,20,21,30,0.0,0.0,0.0,27.0,6.300000000000001,89.0,0.03
2012-06-20 22:30:00-06:00,2012,6,20,22,30,0.0,0.0,0.0,27.0,6.300000000000001,88.0,0.03
2012-06-20 23:30:00-06:00,2012,6,20,23,30,0.0,0.0,0.0,26.0,6.2,87.0,0.03
2012-06-21 00:30:00-06:00,2012,6,21,0,30,0.0,0.0,0.0,26.0,6.0,86.0,0.03
2012-06-21 01:30:00-06:00,2012,6,21,1,30,0.0,0.0,0.0,26.0,5.6000000000000005,86.0,0.03
2012-06-21 02:30:00-06:00,2012,6,21,2,30,0.0,0.0,0.0,26.0,5.5,86.0,0.03
2012-06-21 03:30:00-06:00,2012,6,21,3,30,0.0,0.0,0.0,26.0,5.6000000000000005,82.0,0.03
2012-06-21 04:30:00-06:00,2012,6,21,4,30,0.0,0.0,0.0,27.0,5.800000000000001,76.0,0.03
2012-06-21 05:30:00-06:00,2012,6,21,5,30,32.0,54.0,28.0,27.0,6.1000000000000005,69.0,0.03
2012-06-21 06:30:00-06:00,2012,6,21,6,30,172.0,246.0,101.0,27.0,6.4,62.0,0.03
2012-06-21 07:30:00-06:00,2012,6,21,7,30,323.0,257.0,197.0,27.0,6.6000000000000005,58.0,0.03
2012-06-21 08:30:00-06:00,2012,6,21,8,30,522.0,376.0,268.0,28.0,6.800000000000001,56.0,0.03
2012-06-21 09:30:00-06:00,2012,6,21,9,30,707.0,494.0,300.0,28.0,7.0,55.0,0.03
2012-06-21 10:30:00-06:00,2012,6,21,10,30,825.0,483.0,375.0,28.0,7.300000000000001,54.0,0.03
2012-06-21 11:30:00-06:00,2012,6,21,11,30,873.0,453.0,425.0,28.0,7.4,55.0,0.03
2012-06-21 12:30:00-06:00,2012,6,21,12,30,902.0,486.0,420.0,28.0,7.300000000000001,57.0,0.03
2012-06-21 13:30:00-06:00,2012,6,21,13,30,922.0,841.0,133.0,28.0,7.1000000000000005,57.0,0.03
2012-06-21 14:30:00-06:00,2012,6,21,14,30,807.0,819.0,122.0,28.0,6.9,55.0,0.03
2012-06-21 15:30:00-06:00,2012,6,21,15,30,646.0,782.0,107.0,28.0,6.9,55.0,0.03
2012-06-21 16:30:00-06:00,2012,6,21,16,30,450.0,705.0,90.0,28.0,6.9,56.0,0.03
2012-06-21 17:30:00-06:00,2012,6,21,17,30,191.0,271.0,107.0,28.0,6.800000000000001,57.0,0.03
2012-06-21 18:30:00-06:00,2012,6,21,18,30,54.0,231.0,32.0,28.0,6.7,58.0,0.03
2012-06-21 19:30:00-06:00,2012,6,21,19,30,0.0,0.0,0.0,28.0,6.6000000000000005,61.0,0.03
2012-06-21 20:30:00-06:00,2012,6,21,20,30,0.0,0.0,0.0,27.0,6.5,64.0,0.03
2012-06-21 21:30:00-06:00,2012,6,21,21,30,0.0,0.0,0.0,27.0,6.6000000000000005,64.0,0.03
2012-06-21 22:30:00-06:00,2012,6,21,22,30,0.0,0.0,0.0,27.0,6.800000000000001,61.0,0.03
2012-06-21 23:30:00-06:00,2012,6,21,23,30,0.0,0.0,0.0,27.0,7.0,59.0,0.03
2012-06-22 00:30:00-06:00,2012,6,22,0,30,0.0,0.0,0.0,27.0,7.1000000000000005,59.0,0.03
2012-06-22 01:30:00-06:00,2012,6,22,1,30,0.0,0.0,0.0,27.0,7.0,58.0,0.03
2012-06-22 02:30:00-06:00,2012,6,22,2,30,0.0,0.0,0.0,27.0,7.0,57.0,0.03
2012-06-22 03:30:00-06:00,2012,6,22,3,30,0.0,0.0,0.0,27.0,7.0,56.0,0.03
2012-06-22 04:30:00-06:00,2012,6,22,4,30,0.0,0.0,0.0,27.0,7.0,57.0,0.03
2012-06-22 05:30:00-06:00,2012,6,22,5,30,27.0,23.0,26.0,27.0,7.0,58.0,0.03
2012-06-22 06:30:00-06:00,2012,6,22,6,30,153.0,161.0,107.0,27.0,6.9,58.0,0.03
2012-06-22 07:30:00-06:00,2012,6,22,7,30,344.0,322.0,185.0,27.0,6.9,57.0,0.03
2012-06-22 08:30:00-06:00,2012,6,22,8,30,625.0,781.0,99.0,28.0,6.800000000000001,55.0,0.03
2012-06-22 09:30:00-06:00,2012,6,22,9,30,791.0,826.0,111.0,28.0,6.800000000000001,52.0,0.03
2012-06-22 10:30:00-06:00,2012,6,22,10,30,803.0,454.0,380.0,28.0,7.1000000000000005,52.0,0.03
2012-06-22 11:30:00-06:00,2012,6,22,11,30,969.0,845.0,134.0,28.0,7.5,55.0,0.03
2012-06-22 12:30:00-06:00,2012,6,22,12,30,970.0,844.0,134.0,28.0,7.800000000000001,59.0,0.03
2012-06-22 13:30:00-06:00,2012,6,22,13,30,695.0,251.0,459.0,28.0,8.0,61.0,0.03
2012-06-22 14:30:00-06:00,2012,6,22,14,30,655.0,339.0,372.0,28.0,8.200000000000001,64.0,0.03
2012-06-22 15:30:00-06:00,2012,6,22,15,30,631.0,745.0,117.0,28.0,8.200000000000001,68.0,0.03
2012-06-22 16:30:00-06:00,2012,6,22,16,30,437.0,657.0,101.0,28.0,8.1,73.0,0.03
2012-06-22 17:30:00-06:00,2012,6,22,17,30,218.0,415.0,90.0,28.0,7.9,79.0,0.03
2012-06-22 18:30:00-06:00,2012,6,22,18,30,48.0,143.0,34.0,27.0,7.7,81.0,0.03
2012-06-22 19:30:00-06:00,2012,6,22,19,30,0.0,0.0,0.0,27.0,7.4,82.0,0.03
2012-06-22 20:30:00-06:00,2012,6,22,20,30,0.0,0.0,0.0,27.0,7.2,84.0,0.03
2012-06-22 21:30:00-06:00,2012,6,22,21,30,0.0,0.0,0.0,27.0,6.9,85.0,0.03
2012-06-22 22:30:00-06:00,2012,6,22,22,30,0.0,0.0,0.0,27.0,6.6000000000000005,86.0,0.03
2012-06-22 23:30:00-06:00,2012,6,22,23,30,0.0,0.0,0.0,27.0,6.2,89.0,0.03
2012-06-23 00:30:00-06:00,2012,6,23,0,30,0.0,0.0,0.0,27.0,5.9,90.0,0.03
2012-06-23 01:30:00-06:00,2012,6,23,1,30,0.0,0.0,0.0,27.0,5.5,90.0,0.03
2012-06-23 02:30:00-06:00,2012,6,23,2,30,0.0,0.0,0.0,27.0,5.300000000000001,87.0,0.03
2012-06-23 03:30:00-06:00,2012,6,23,3,30,0.0,0.0,0.0,27.0,5.300000000000001,84.0,0.03
2012-06-23 04:30:00-06:00,2012,6,23,4,30,0.0,0.0,0.0,27.0,5.5,81.0,0.03
2012-06-23 05:30:00-06:00,2012,6,23,5,30,37.0,121.0,27.0,27.0,5.7,78.0,0.03
2012-06-23 06:30:00-06:00,2012,6,23,6,30,218.0,547.0,61.0,27.0,6.0,76.0,0.03
2012-06-23 07:30:00-06:00,2012,6,23,7,30,424.0,701.0,81.0,27.0,6.300000000000001,74.0,0.03
2012-06-23 08:30:00-06:00,2012,6,23,8,30,414.0,159.0,307.0,27.0,6.4,72.0,0.03
2012-06-23 09:30:00-06:00,2012,6,23,9,30,694.0,469.0,308.0,28.0,6.5,68.0,0.03
2012-06-23 10:30:00-06:00,2012,6,23,10,30,777.0,419.0,387.0,28.0,6.800000000000001,64.0,0.03
2012-06-23 11:30:00-06:00,2012,6,23,11,30,500.0,53.0,448.0,28.0,7.1000000000000005,63.0,0.03
2012-06-23 12:30:00-06:00,2012,6,23,12,30,982.0,886.0,104.0,28.0,7.4,66.0,0.03
2012-06-23 13:30:00-06:00,2012,6,23,13,30,923.0,873.0,104.0,28.0,7.4,69.0,0.03
2012-06-23 14:30:00-06:00,2012,6,23,14,30,808.0,846.0,100.0,28.0,7.300000000000001,71.0,0.03
2012-06-23 15:30:00-06:00,2012,6,23,15,30,494.0,276.0,303.0,28.0,7.4,66.0,0.03
2012-06-23 16:30:00-06:00,2012,6,23,16,30,274.0,113.0,216.0,28.0,7.6,61.0,0.03
2012-06-23 17:30:00-06:00,2012,6,23,17,30,137.0,67.0,117.0,27.0,8.0,60.0,0.03
2012-06-23 18:30:00-06:00,2012,6,23,18,30,47.0,145.0,33.0,27.0,8.3,63.0,0.03
2012-06-23 19:30:00-06:00,2012,6,23,19,30,0.0,0.0,0.0,27.0,8.3,62.0,0.03
2012-06-23 20:30:00-06:00,2012,6,23,20,30,0.0,0.0,0.0,27.0,8.1,58.0,0.03
2012-06-23 21:30:00-06:00,2012,6,23,21,30,0.0,0.0,0.0,27.0,7.7,55.0,0.03
2012-06-23 22:30:00-06:00,2012,6,23,22,30,0.0,0.0,0.0,27.0,7.5,53.0,0.03
2012-06-23 23:30:00-06:00,2012,6,23,23,30,0.0,0.0,0.0,27.0,7.4,50.0,0.03
2012-06-24 00:30:00-06:00,2012,6,24,0,30,0.0,0.0,0.0,27.0,7.300000000000001,45.0,0.03
2012-06-24 01:30:00-06:00,2012,6,24,1,30,0.0,0.0,0.0,27.0,7.4,35.0,0.03
2012-06-24 02:30:00-06:00,2012,6,24,2,30,0.0,0.0,0.0,27.0,7.800000000000001,24.0,0.03
2012-06-24 03:30:00-06:00,2012,6,24,3,30,0.0,0.0,0.0,27.0,8.200000000000001,17.0,0.03
2012-06-24 04:30:00-06:00,2012,6,24,4,30,0.0,0.0,0.0,27.0,8.700000000000001,13.0,0.03
2012-06-24 05:30:00-06:00,2012,6,24,5,30,39.0,186.0,25.0,27.0,9.0,10.0,0.03
2012-06-24 06:30:00-06:00,2012,6,24,6,30,219.0,563.0,58.0,27.0,9.0,11.0,0.03
2012-06-24 07:30:00-06:00,2012,6,24,7,30,430.0,730.0,73.0,27.0,8.8,13.0,0.03
2012-06-24 08:30:00-06:00,2012,6,24,8,30,633.0,821.0,81.0,27.0,8.6,13.0,0.03
2012-06-24 09:30:00-06:00,2012,6,24,9,30,803.0,870.0,87.0,28.0,8.5,12.0,0.03
2012-06-24 10:30:00-06:00,2012,6,24,10,30,927.0,898.0,92.0,28.0,8.4,12.0,0.03
2012-06-24 11:30:00-06:00,2012,6,24,11,30,995.0,911.0,96.0,29.0,7.800000000000001,11.0,0.03
2012-06-24 12:30:00-06:00,2012,6,24,12,30,997.0,901.0,105.0,29.0,6.7,10.0,0.03
2012-06-24 13:30:00-06:00,2012,6,24,13,30,934.0,876.0,111.0,30.0,5.5,9.0,0.03
2012-06-24 14:30:00-06:00,2012,6,24,14,30,810.0,829.0,116.0,30.0,4.5,9.0,0.03
2012-06-24 15:30:00-06:00,2012,6,24,15,30,647.0,787.0,103.0,30.0,3.6,8.0,0.03
2012-06-24 16:30:00-06:00,2012,6,24,16,30,447.0,692.0,94.0,30.0,3.0,6.0,0.03
2012-06-24 17:30:00-06:00,2012,6,24,17,30,237.0,524.0,75.0,30.0,2.7,2.0,0.03
2012-06-24 18:30:00-06:00,2012,6,24,18,30,54.0,216.0,33.0,29.0,2.6,0.0,0.03
2012-06-24 19:30:00-06:00,2012,6,24,19,30,0.0,0.0,0.0,29.0,2.8000000000000003,359.0,0.03
2012-06-24 20:30:00-06:00,2012,6,24,20,30,0.0,0.0,0.0,29.0,3.4000000000000004,358.0,0.03
2012-06-24 21:30:00-06:00,2012,6,24,21,30,0.0,0.0,0.0,29.0,4.1000000000000005,353.0,0.03
2012-06-24 22:30:00-06:00,2012,6,24,22,30,0.0,0.0,0.0,29.0,4.7,347.0,0.03
2012-06-24 23:30:00-06:00,2012,6,24,23,30,0.0,0.0,0.0,28.0,5.1000000000000005,342.0,0.03
2012-06-25 00:30:00-06:00,2012,6,25,0,30,0.0,0.0,0.0,28.0,5.5,335.0,0.03
2012-06-25 01:30:00-06:00,2012,6,25,1,30,0.0,0.0,0.0,28.0,5.800000000000001,332.0,0.03
2012-06-25 02:30:00-06:00,2012,6,25,2,30,0.0,0.0,0.0,27.0,6.0,332.0,0.03
2012-06-25 03:30:00-06:00,2012,6,25,3,30,0.0,0.0,0.0,27.0,6.1000000000000005,333.0,0.03
2012-06-25 04:30:00-06:00,2012,6,25,4,30,0.0,0.0,0.0,27.0,6.2,336.0,0.03
2012-06-25 05:30:00-06:00,2012,6,25,5,30,19.0,0.0,19.0,27.0,6.2,340.0,0.03
2012-06-25 06:30:00-06:00,2012,6,25,6,30,138.0,106.0,107.0,27.0,6.0,343.0,0.03
2012-06-25 07:30:00-06:00,2012,6,25,7,30,347.0,340.0,181.0,27.0,5.800000000000001,343.0,0.03
2012-06-25 08:30:00-06:00,2012,6,25,8,30,573.0,550.0,203.0,28.0,5.9,348.0,0.03
2012-06-25 09:30:00-06:00,2012,6,25,9,30,318.0,22.0,300.0,29.0,6.0,350.0,0.03
2012-06-25 10:30:00-06:00,2012,6,25,10,30,812.0,465.0,379.0,29.0,5.9,349.0,0.03
2012-06-25 11:30:00-06:00,2012,6,25,11,30,971.0,819.0,163.0,30.0,5.6000000000000005,348.0,0.03
2012-06-25 12:30:00-06:00,2012,6,25,12,30,976.0,824.0,160.0,30.0,5.0,347.0,0.03
2012-06-25 13:30:00-06:00,2012,6,25,13,30,917.0,807.0,159.0,30.0,4.1000000000000005,345.0,0.03
2012-06-25 14:30:00-06:00,2012,6,25,14,30,799.0,770.0,154.0,30.0,3.3000000000000003,339.0,0.03
2012-06-25 15:30:00-06:00,2012,6,25,15,30,641.0,743.0,127.0,30.0,2.8000000000000003,328.0,0.03
2012-06-25 16:30:00-06:00,2012,6,25,16,30,444.0,655.0,109.0,30.0,2.7,317.0,0.03
2012-06-25 17:30:00-06:00,2012,6,25,17,30,236.0,498.0,82.0,30.0,2.6,310.0,0.03
2012-06-25 18:30:00-06:00,2012,6,25,18,30,54.0,193.0,34.0,30.0,2.5,306.0,0.03
2012-06-25 19:30:00-06:00,2012,6,25,19,30,0.0,0.0,0.0,30.0,2.4000000000000004,304.0,0.03
2012-06-25 20:30:00-06:00,2012,6,25,20,30,0.0,0.0,0.0,29.0,2.4000000000000004,304.0,0.03
2012-06-25 21:30:00-06:00,2012,6,25,21,30,0.0,0.0,0.0,29.0,2.5,308.0,0.03
2012-06-25 22:30:00-06:00,2012,6,25,22,30,0.0,0.0,0.0,29.0,3.0,310.0,0.03
2012-06-25 23:30:00-06:00,2012,6,25,23,30,0.0,0.0,0.0,29.0,3.7,314.0,0.03
2012-06-26 00:30:00-06:00,2012,6,26,0,30,0.0,0.0,0.0,29.0,4.3,320.0,0.03
2012-06-26 01:30:00-06:00,2012,6,26,1,30,0.0,0.0,0.0,28.0,4.6000000000000005,328.0,0.03
2012-06-26 02:30:00-06:00,2012,6,26,2,30,0.0,0.0,0.0,28.0,4.7,337.0,0.03
2012-06-26 03:30:00-06:00,2012,6,26,3,30,0.0,0.0,0.0,28.0,4.6000000000000005,347.0,0.03
2012-06-26 04:30:00-06:00,2012,6,26,4,30,0.0,0.0,0.0,28.0,4.6000000000000005,356.0,0.03
2012-06-26 05:30:00-06:00,2012,6,26,5,30,36.0,146.0,26.0,28.0,4.5,5.0,0.03
2012-06-26 06:30:00-06:00,2012,6,26,6,30,212.0,475.0,77.0,28.0,4.3,11.0,0.03
2012-06-26 07:30:00-06:00,2012,6,26,7,30,421.0,647.0,105.0,28.0,3.9,16.0,0.03
2012-06-26 08:30:00-06:00,2012,6,26,8,30,622.0,743.0,123.0,29.0,3.4000000000000004,22.0,0.03
2012-06-26 09:30:00-06:00,2012,6,26,9,30,790.0,792.0,139.0,30.0,2.8000000000000003,28.0,0.03
2012-06-26 10:30:00-06:00,2012,6,26,10,30,914.0,824.0,148.0,30.0,2.3000000000000003,34.0,0.03
2012-06-26 11:30:00-06:00,2012,6,26,11,30,981.0,839.0,153.0,30.0,1.8,38.0,0.03
2012-06-26 12:30:00-06:00,2012,6,26,12,30,978.0,812.0,174.0,31.0,1.3,41.0,0.03
2012-06-26 13:30:00-06:00,2012,6,26,13,30,923.0,807.0,164.0,31.0,0.9,46.0,0.03
2012-06-26 14:30:00-06:00,2012,6,26,14,30,808.0,783.0,152.0,31.0,0.5,61.0,0.03
2012-06-26 15:30:00-06:00,2012,6,26,15,30,645.0,733.0,137.0,31.0,0.6000000000000001,105.0,0.03
2012-06-26 16:30:00-06:00,2012,6,26,16,30,447.0,645.0,117.0,31.0,1.1,164.0,0.03
2012-06-26 17:30:00-06:00,2012,6,26,17,30,238.0,488.0,86.0,30.0,1.8,179.0,0.03
2012-06-26 18:30:00-06:00,2012,6,26,18,30,54.0,183.0,35.0,30.0,2.5,182.0,0.03
2012-06-26 19:30:00-06:00,2012,6,26,19,30,0.0,0.0,0.0,29.0,2.9000000000000004,183.0,0.03
2012-06-26 20:30:00-06:00,2012,6,26,20,30,0.0,0.0,0.0,29.0,3.0,185.0,0.03
2012-06-26 21:30:00-06:00,2012,6,26,21,30,0.0,0.0,0.0,29.0,3.1,190.0,0.03
2012-06-26 22:30:00-06:00,2012,6,26,22,30,0.0,0.0,0.0,29.0,3.1,200.0,0.03
2012-06-26 23:30:00-06:00,2012,6,26,23,30,0.0,0.0,0.0,29.0,3.2,212.0,0.03
2012-06-27 00:30:00-06:00,2012,6,27,0,30,0.0,0.0,0.0,28.0,3.1,223.0,0.03
2012-06-27 01:30:00-06:00,2012,6,27,1,30,0.0,0.0,0.0,28.0,2.9000000000000004,233.0,0.03
2012-06-27 02:30:00-06:00,2012,6,27,2,30,0.0,0.0,0.0,28.0,2.5,242.0,0.03
2012-06-27 03:30:00-06:00,2012,6,27,3,30,0.0,0.0,0.0,28.0,2.2,253.0,0.03
2012-06-27 04:30:00-06:00,2012,6,27,4,30,0.0,0.0,0.0,28.0,1.8,268.0,0.03
2012-06-27 05:30:00-06:00,2012,6,27,5,30,35.0,124.0,26.0,28.0,1.4,290.0,0.03
2012-06-27 06:30:00-06:00,2012,6,27,6,30,204.0,395.0,92.0,29.0,1.2000000000000002,313.0,0.03
2012-06-27 07:30:00-06:00,2012,6,27,7,30,261.0,118.0,204.0,29.0,1.1,335.0,0.03
2012-06-27 08:30:00-06:00,2012,6,27,8,30,610.0,689.0,148.0,30.0,1.0,6.0,0.03
2012-06-27 09:30:00-06:00,2012,6,27,9,30,773.0,726.0,178.0,30.0,1.1,44.0,0.03
2012-06-27 10:30:00-06:00,2012,6,27,10,30,786.0,437.0,380.0,31.0,1.2000000000000002,72.0,0.03
2012-06-27 11:30:00-06:00,2012,6,27,11,30,831.0,413.0,424.0,31.0,1.3,91.0,0.03
2012-06-27 12:30:00-06:00,2012,6,27,12,30,969.0,789.0,188.0,31.0,1.3,105.0,0.03
2012-06-27 13:30:00-06:00,2012,6,27,13,30,910.0,773.0,184.0,31.0,1.5,116.0,0.03
2012-06-27 14:30:00-06:00,2012,6,27,14,30,794.0,739.0,175.0,31.0,1.9,123.0,0.03
2012-06-27 15:30:00-06:00,2012,6,27,15,30,628.0,668.0,166.0,30.0,2.3000000000000003,128.0,0.03
2012-06-27 16:30:00-06:00,2012,6,27,16,30,434.0,570.0,141.0,30.0,2.9000000000000004,134.0,0.03
2012-06-27 17:30:00-06:00,2012,6,27,17,30,229.0,408.0,102.0,29.0,3.6,138.0,0.03
2012-06-27 18:30:00-06:00,2012,6,27,18,30,51.0,134.0,37.0,29.0,4.1000000000000005,142.0,0.03
2012-06-27 19:30:00-06:00,2012,6,27,19,30,0.0,0.0,0.0,29.0,4.4,144.0,0.03
2012-06-27 20:30:00-06:00,2012,6,27,20,30,0.0,0.0,0.0,29.0,4.6000000000000005,143.0,0.03
2012-06-27 21:30:00-06:00,2012,6,27,21,30,0.0,0.0,0.0,28.0,4.5,143.0,0.03
2012-06-27 22:30:00-06:00,2012,6,27,22,30,0.0,0.0,0.0,28.0,4.4,145.0,0.03
2012-06-27 23:30:00-06:00,2012,6,27,23,30,0.0,0.0,0.0,28.0,4.1000000000000005,147.0,0.03
2012-06-28 00:30:00-06:00,2012,6,28,0,30,0.0,0.0,0.0,28.0,3.9,149.0,0.03
2012-06-28 01:30:00-06:00,2012,6,28,1,30,0.0,0.0,0.0,28.0,3.5,150.0,0.03
2012-06-28 02:30:00-06:00,2012,6,28,2,30,0.0,0.0,0.0,28.0,3.1,153.0,0.03
2012-06-28 03:30:00-06:00,2012,6,28,3,30,0.0,0.0,0.0,28.0,2.9000000000000004,155.0,0.03
2012-06-28 04:30:00-06:00,2012,6,28,4,30,0.0,0.0,0.0,28.0,2.7,157.0,0.03
2012-06-28 05:30:00-06:00,2012,6,28,5,30,33.0,96.0,26.0,28.0,2.6,158.0,0.03
2012-06-28 06:30:00-06:00,2012,6,28,6,30,207.0,444.0,82.0,28.0,2.5,159.0,0.03
2012-06-28 07:30:00-06:00,2012,6,28,7,30,416.0,628.0,111.0,28.0,2.3000000000000003,161.0,0.03
2012-06-28 08:30:00-06:00,2012,6,28,8,30,616.0,731.0,127.0,28.0,2.1,164.0,0.03
2012-06-28 09:30:00-06:00,2012,6,28,9,30,785.0,786.0,141.0,29.0,1.9,164.0,0.03
2012-06-28 10:30:00-06:00,2012,6,28,10,30,910.0,821.0,147.0,29.0,1.7000000000000002,162.0,0.03
2012-06-28 11:30:00-06:00,2012,6,28,11,30,977.0,838.0,150.0,29.0,1.6,157.0,0.03
2012-06-28 12:30:00-06:00,2012,6,28,12,30,971.0,800.0,179.0,29.0,1.8,152.0,0.03
2012-06-28 13:30:00-06:00,2012,6,28,13,30,913.0,786.0,175.0,29.0,2.0,150.0,0.03
2012-06-28 14:30:00-06:00,2012,6,28,14,30,798.0,755.0,165.0,29.0,2.3000000000000003,151.0,0.03
2012-06-28 15:30:00-06:00,2012,6,28,15,30,639.0,716.0,143.0,29.0,2.5,154.0,0.03
2012-06-28 16:30:00-06:00,2012,6,28,16,30,443.0,627.0,122.0,29.0,2.7,158.0,0.03
2012-06-28 17:30:00-06:00,2012,6,28,17,30,237.0,473.0,89.0,29.0,2.9000000000000004,162.0,0.03
2012-06-28 18:30:00-06:00,2012,6,28,18,30,54.0,176.0,36.0,28.0,3.1,165.0,0.03
2012-06-28 19:30:00-06:00,2012,6,28,19,30,0.0,0.0,0.0,28.0,3.3000000000000003,166.0,0.03
2012-06-28 20:30:00-06:00,2012,6,28,20,30,0.0,0.0,0.0,28.0,3.4000000000000004,166.0,0.03
2012-06-28 21:30:00-06:00,2012,6,28,21,30,0.0,0.0,0.0,28.0,3.5,166.0,0.03
2012-06-28 22:30:00-06:00,2012,6,28,22,30,0.0,0.0,0.0,28.0,3.5,167.0,0.03
2012-06-28 23:30:00-06:00,2012,6,28,23,30,0.0,0.0,0.0,27.0,3.4000000000000004,169.0,0.03
2012-06-29 00:30:00-06:00,2012,6,29,0,30,0.0,0.0,0.0,27.0,3.0,172.0,0.03
2012-06-29 01:30:00-06:00,2012,6,29,1,30,0.0,0.0,0.0,27.0,2.7,176.0,0.03
2012-06-29 02:30:00-06:00,2012,6,29,2,30,0.0,0.0,0.0,27.0,2.2,182.0,0.03
2012-06-29 03:30:00-06:00,2012,6,29,3,30,0.0,0.0,0.0,27.0,1.8,188.0,0.03
2012-06-29 04:30:00-06:00,2012,6,29,4,30,0.0,0.0,0.0,27.0,1.4,196.0,0.03
2012-06-29 05:30:00-06:00,2012,6,29,5,30,35.0,130.0,25.0,27.0,1.1,205.0,0.03
2012-06-29 06:30:00-06:00,2012,6,29,6,30,213.0,497.0,74.0,28.0,0.9,211.0,0.03
2012-06-29 07:30:00-06:00,2012,6,29,7,30,424.0,670.0,99.0,28.0,0.9,217.0,0.03
2012-06-29 08:30:00-06:00,2012,6,29,8,30,626.0,766.0,114.0,28.0,0.9,220.0,0.03
2012-06-29 09:30:00-06:00,2012,6,29,9,30,795.0,808.0,133.0,29.0,0.9,215.0,0.03
2012-06-29 10:30:00-06:00,2012,6,29,10,30,921.0,845.0,137.0,29.0,1.1,202.0,0.03
2012-06-29 11:30:00-06:00,2012,6,29,11,30,991.0,866.0,137.0,29.0,1.5,192.0,0.03
2012-06-29 12:30:00-06:00,2012,6,29,12,30,995.0,862.0,141.0,29.0,1.9,190.0,0.03
2012-06-29 13:30:00-06:00,2012,6,29,13,30,938.0,855.0,135.0,29.0,2.4000000000000004,190.0,0.03
2012-06-29 14:30:00-06:00,2012,6,29,14,30,823.0,831.0,126.0,29.0,2.8000000000000003,190.0,0.03
2012-06-29 15:30:00-06:00,2012,6,29,15,30,659.0,787.0,113.0,29.0,3.1,192.0,0.03
2012-06-29 16:30:00-06:00,2012,6,29,16,30,460.0,705.0,98.0,28.0,3.2,196.0,0.03
2012-06-29 17:30:00-06:00,2012,6,29,17,30,190.0,257.0,110.0,28.0,3.2,199.0,0.03
2012-06-29 18:30:00-06:00,2012,6,29,18,30,45.0,102.0,34.0,28.0,3.1,201.0,0.03
2012-06-29 19:30:00-06:00,2012,6,29,19,30,0.0,0.0,0.0,28.0,3.1,203.0,0.03
2012-06-29 20:30:00-06:00,2012,6,29,20,30,0.0,0.0,0.0,28.0,3.1,206.0,0.03
2012-06-29 21:30:00-06:00,2012,6,29,21,30,0.0,0.0,0.0,28.0,3.1,209.0,0.03
2012-06-29 22:30:00-06:00,2012,6,29,22,30,0.0,0.0,0.0,27.0,3.1,210.0,0.03
2012-06-29 23:30:00-06:00,2012,6,29,23,30,0.0,0.0,0.0,27.0,3.0,212.0,0.03
2012-06-30 00:30:00-06:00,2012,6,30,0,30,0.0,0.0,0.0,27.0,2.9000000000000004,213.0,0.03
2012-06-30 01:30:00-06:00,2012,6,30,1,30,0.0,0.0,0.0,27.0,2.7,212.0,0.03
2012-06-30 02:30:00-06:00,2012,6,30,2,30,0.0,0.0,0.0,27.0,2.6,209.0,0.03
2012-06-30 03:30:00-06:00,2012,6,30,3,30,0.0,0.0,0.0,27.0,2.4000000000000004,206.0,0.03
2012-06-30 04:30:00-06:00,2012,6,30,4,30,0.0,0.0,0.0,27.0,2.3000000000000003,202.0,0.03
2012-06-30 05:30:00-06:00,2012,6,30,5,30,36.0,170.0,24.0,27.0,2.2,199.0,0.03
2012-06-30 06:30:00-06:00,2012,6,30,6,30,215.0,521.0,70.0,28.0,2.2,196.0,0.03
2012-06-30 07:30:00-06:00,2012,6,30,7,30,427.0,687.0,94.0,28.0,2.3000000000000003,195.0,0.03
2012-06-30 08:30:00-06:00,2012,6,30,8,30,629.0,776.0,111.0,28.0,2.4000000000000004,196.0,0.03
2012-06-30 09:30:00-06:00,2012,6,30,9,30,799.0,830.0,120.0,28.0,2.5,197.0,0.03
2012-06-30 10:30:00-06:00,2012,6,30,10,30,921.0,855.0,128.0,29.0,2.6,197.0,0.03
2012-06-30 11:30:00-06:00,2012,6,30,11,30,698.0,203.0,498.0,29.0,2.8000000000000003,199.0,0.03
2012-06-30 12:30:00-06:00,2012,6,30,12,30,979.0,832.0,154.0,29.0,3.1,203.0,0.03
2012-06-30 13:30:00-06:00,2012,6,30,13,30,916.0,806.0,157.0,29.0,3.4000000000000004,208.0,0.03
2012-06-30 14:30:00-06:00,2012,6,30,14,30,796.0,765.0,154.0,29.0,3.7,210.0,0.03
2012-06-30 15:30:00-06:00,2012,6,30,15,30,640.0,746.0,123.0,28.0,3.8,212.0,0.03
2012-06-30 16:30:00-06:00,2012,6,30,16,30,443.0,655.0,107.0,28.0,3.8,214.0,0.03
2012-06-30 17:30:00-06:00,2012,6,30,17,30,235.0,493.0,81.0,28.0,3.6,217.0,0.03
2012-06-30 18:30:00-06:00,2012,6,30,18,30,44.0,91.0,34.0,28.0,1.0,108.0,0.05
2012-06-30 19:30:00-06:00,2012,6,30,19,30,0.0,0.0,0.0,28.0,1.7000000000000002,132.0,0.05
2012-06-30 20:30:00-06:00,2012,6,30,20,30,0.0,0.0,0.0,28.0,2.1,142.0,0.05
2012-06-30 21:30:00-06:00,2012,6,30,21,30,0.0,0.0,0.0,28.0,2.3000000000000003,149.0,0.05
2012-06-30 22:30:00-06:00,2012,6,30,22,30,0.0,0.0,0.0,28.0,2.2,159.0,0.05
2012-06-30 23:30:00-06:00,2012,6,30,23,30,0.0,0.0,0.0,28.0,2.0,175.0,0.05
2007-07-01 00:30:00-06:00,2007,7,1,0,30,0.0,0.0,0.0,28.0,1.8,197.0,0.05
2007-07-01 01:30:00-06:00,2007,7,1,1,30,0.0,0.0,0.0,28.0,1.8,221.0,0.05
2007-07-01 02:30:00-06:00,2007,7,1,2,30,0.0,0.0,0.0,28.0,2.0,247.0,0.05
2007-07-01 03:30:00-06:00,2007,7,1,3,30,0.0,0.0,0.0,28.0,2.2,268.0,0.05
2007-07-01 04:30:00-06:00,2007,7,1,4,30,0.0,0.0,0.0,28.0,2.3000000000000003,285.0,0.05
2007-07-01 05:30:00-06:00,2007,7,1,5,30,34.0,155.0,23.0,28.0,2.4000000000000004,297.0,0.05
2007-07-01 06:30:00-06:00,2007,7,1,6,30,208.0,515.0,65.0,28.0,2.4000000000000004,306.0,0.05
2007-07-01 07:30:00-06:00,2007,7,1,7,30,416.0,682.0,86.0,28.0,2.5,314.0,0.05
2007-07-01 08:30:00-06:00,2007,7,1,8,30,615.0,774.0,99.0,28.0,2.5,320.0,0.05
2007-07-01 09:30:00-06:00,2007,7,1,9,30,784.0,828.0,106.0,28.0,2.2,326.0,0.05
2007-07-01 10:30:00-06:00,2007,7,1,10,30,908.0,862.0,109.0,28.0,1.8,330.0,0.05
2007-07-01 11:30:00-06:00,2007,7,1,11,30,976.0,879.0,109.0,29.0,1.4,329.0,0.05
2007-07-01 12:30:00-06:00,2007,7,1,12,30,977.0,865.0,120.0,29.0,1.1,318.0,0.05
2007-07-01 13:30:00-06:00,2007,7,1,13,30,718.0,285.0,450.0,29.0,1.0,298.0,0.05
2007-07-01 14:30:00-06:00,2007,7,1,14,30,560.0,184.0,405.0,29.0,1.1,278.0,0.05
2007-07-01 15:30:00-06:00,2007,7,1,15,30,410.0,133.0,317.0,29.0,1.3,265.0,0.05
2007-07-01 16:30:00-06:00,2007,7,1,16,30,334.0,241.0,210.0,29.0,1.5,259.0,0.05
2007-07-01 17:30:00-06:00,2007,7,1,17,30,191.0,266.0,108.0,29.0,1.4,259.0,0.05
2007-07-01 18:30:00-06:00,2007,7,1,18,30,44.0,104.0,34.0,29.0,1.2000000000000002,255.0,0.05
2007-07-01 19:30:00-06:00,2007,7,1,19,30,0.0,0.0,0.0,29.0,1.0,243.0,0.05
2007-07-01 20:30:00-06:00,2007,7,1,20,30,0.0,0.0,0.0,28.0,0.9,223.0,0.05
2007-07-01 21:30:00-06:00,2007,7,1,21,30,0.0,0.0,0.0,28.0,0.9,209.0,0.05
2007-07-01 22:30:00-06:00,2007,7,1,22,30,0.0,0.0,0.0,28.0,0.9,206.0,0.05
2007-07-01 23:30:00-06:00,2007,7,1,23,30,0.0,0.0,0.0,28.0,1.1,211.0,0.05
2007-07-02 00:30:00-06:00,2007,7,2,0,30,0.0,0.0,0.0,28.0,1.2000000000000002,223.0,0.05
2007-07-02 01:30:00-06:00,2007,7,2,1,30,0.0,0.0,0.0,28.0,1.4,234.0,0.05
2007-07-02 02:30:00-06:00,2007,7,2,2,30,0.0,0.0,0.0,28.0,1.3,247.0,0.05
2007-07-02 03:30:00-06:00,2007,7,2,3,30,0.0,0.0,0.0,28.0,1.1,256.0,0.05
2007-07-02 04:30:00-06:00,2007,7,2,4,30,0.0,0.0,0.0,28.0,1.1,279.0,0.05
2007-07-02 05:30:00-06:00,2007,7,2,5,30,17.0,0.0,17.0,28.0,1.5,322.0,0.05
2007-07-02 06:30:00-06:00,2007,7,2,6,30,102.0,19.0,97.0,28.0,2.0,347.0,0.05
2007-07-02 07:30:00-06:00,2007,7,2,7,30,361.0,409.0,163.0,28.0,2.3000000000000003,360.0,0.05
2007-07-02 08:30:00-06:00,2007,7,2,8,30,524.0,403.0,256.0,28.0,2.4000000000000004,2.0,0.05
2007-07-02 09:30:00-06:00,2007,7,2,9,30,763.0,750.0,149.0,28.0,2.3000000000000003,358.0,0.05
2007-07-02 10:30:00-06:00,2007,7,2,10,30,788.0,443.0,377.0,28.0,2.2,350.0,0.05
2007-07-02 11:30:00-06:00,2007,7,2,11,30,952.0,801.0,162.0,28.0,2.0,347.0,0.05
2007-07-02 12:30:00-06:00,2007,7,2,12,30,945.0,757.0,195.0,29.0,1.9,352.0,0.05
2007-07-02 13:30:00-06:00,2007,7,2,13,30,889.0,742.0,191.0,29.0,1.7000000000000002,5.0,0.05
2007-07-02 14:30:00-06:00,2007,7,2,14,30,737.0,519.0,301.0,29.0,1.5,24.0,0.05
2007-07-02 15:30:00-06:00,2007,7,2,15,30,541.0,382.0,277.0,29.0,1.3,46.0,0.05
2007-07-02 16:30:00-06:00,2007,7,2,16,30,272.0,107.0,217.0,29.0,1.1,66.0,0.05
2007-07-02 17:30:00-06:00,2007,7,2,17,30,203.0,321.0,103.0,29.0,0.9,93.0,0.05
2007-07-02 18:30:00-06:00,2007,7,2,18,30,49.0,113.0,37.0,29.0,0.9,125.0,0.05
2007-07-02 19:30:00-06:00,2007,7,2,19,30,0.0,0.0,0.0,29.0,1.2000000000000002,153.0,0.05
2007-07-02 20:30:00-06:00,2007,7,2,20,30,0.0,0.0,0.0,28.0,1.5,173.0,0.05
2007-07-02 21:30:00-06:00,2007,7,2,21,30,0.0,0.0,0.0,28.0,1.7000000000000002,181.0,0.05
2007-07-02 22:30:00-06:00,2007,7,2,22,30,0.0,0.0,0.0,28.0,1.9,187.0,0.05
2007-07-02 23:30:00-06:00,2007,7,2,23,30,0.0,0.0,0.0,28.0,2.0,198.0,0.05
2007-07-03 00:30:00-06:00,2007,7,3,0,30,0.0,0.0,0.0,28.0,2.0,208.0,0.05
2007-07-03 01:30:00-06:00,2007,7,3,1,30,0.0,0.0,0.0,28.0,1.6,215.0,0.05
2007-07-03 02:30:00-06:00,2007,7,3,2,30,0.0,0.0,0.0,28.0,1.0,224.0,0.05
2007-07-03 03:30:00-06:00,2007,7,3,3,30,0.0,0.0,0.0,28.0,0.4,236.0,0.05
2007-07-03 04:30:00-06:00,2007,7,3,4,30,0.0,0.0,0.0,28.0,0.4,326.0,0.05
2007-07-03 05:30:00-06:00,2007,7,3,5,30,8.0,0.0,8.0,28.0,0.8,10.0,0.05
2007-07-03 06:30:00-06:00,2007,7,3,6,30,87.0,0.0,87.0,28.0,0.8,3.0,0.05
2007-07-03 07:30:00-06:00,2007,7,3,7,30,195.0,31.0,180.0,28.0,0.8,351.0,0.05
2007-07-03 08:30:00-06:00,2007,7,3,8,30,416.0,171.0,302.0,28.0,0.9,324.0,0.05
2007-07-03 09:30:00-06:00,2007,7,3,9,30,424.0,68.0,368.0,28.0,1.0,305.0,0.05
2007-07-03 10:30:00-06:00,2007,7,3,10,30,618.0,169.0,461.0,28.0,1.0,307.0,0.05
2007-07-03 11:30:00-06:00,2007,7,3,11,30,882.0,470.0,419.0,28.0,1.0,325.0,0.05
2007-07-03 12:30:00-06:00,2007,7,3,12,30,782.0,311.0,474.0,28.0,1.0,348.0,0.05
2007-07-03 13:30:00-06:00,2007,7,3,13,30,785.0,417.0,393.0,28.0,1.3,19.0,0.05
2007-07-03 14:30:00-06:00,2007,7,3,14,30,519.0,136.0,405.0,28.0,1.8,42.0,0.05
2007-07-03 15:30:00-06:00,2007,7,3,15,30,345.0,65.0,300.0,28.0,2.4000000000000004,54.0,0.05
2007-07-03 16:30:00-06:00,2007,7,3,16,30,304.0,167.0,218.0,28.0,2.9000000000000004,64.0,0.05
2007-07-03 17:30:00-06:00,2007,7,3,17,30,199.0,297.0,106.0,28.0,3.2,73.0,0.05
2007-07-03 18:30:00-06:00,2007,7,3,18,30,39.0,50.0,34.0,28.0,3.5,81.0,0.05
2007-07-03 19:30:00-06:00,2007,7,3,19,30,0.0,0.0,0.0,28.0,3.7,88.0,0.05
2007-07-03 20:30:00-06:00,2007,7,3,20,30,0.0,0.0,0.0,28.0,3.9,95.0,0.05
2007-07-03 21:30:00-06:00,2007,7,3,21,30,0.0,0.0,0.0,28.0,4.0,100.0,0.05
2007-07-03 22:30:00-06:00,2007,7,3,22,30,0.0,0.0,0.0,28.0,3.9,105.0,0.05
2007-07-03 23:30:00-06:00,2007,7,3,23,30,0.0,0.0,0.0,28.0,3.7,112.0,0.05
2007-07-04 00:30:00-06:00,2007,7,4,0,30,0.0,0.0,0.0,28.0,3.5,119.0,0.05
2007-07-04 01:30:00-06:00,2007,7,4,1,30,0.0,0.0,0.0,28.0,3.2,124.0,0.05
2007-07-04 02:30:00-06:00,2007,7,4,2,30,0.0,0.0,0.0,28.0,2.9000000000000004,130.0,0.05
2007-07-04 03:30:00-06:00,2007,7,4,3,30,0.0,0.0,0.0,28.0,2.5,134.0,0.05
2007-07-04 04:30:00-06:00,2007,7,4,4,30,0.0,0.0,0.0,28.0,2.2,137.0,0.05
2007-07-04 05:30:00-06:00,2007,7,4,5,30,1.0,0.0,1.0,28.0,1.9,137.0,0.05
2007-07-04 06:30:00-06:00,2007,7,4,6,30,143.0,149.0,102.0,28.0,1.6,131.0,0.05
2007-07-04 07:30:00-06:00,2007,7,4,7,30,239.0,86.0,197.0,28.0,1.6,121.0,0.05
2007-07-04 08:30:00-06:00,2007,7,4,8,30,342.0,78.0,290.0,28.0,1.6,113.0,0.05
2007-07-04 09:30:00-06:00,2007,7,4,9,30,521.0,157.0,392.0,28.0,1.8,109.0,0.05
2007-07-04 10:30:00-06:00,2007,7,4,10,30,682.0,250.0,450.0,28.0,2.0,103.0,0.05
2007-07-04 11:30:00-06:00,2007,7,4,11,30,747.0,266.0,484.0,28.0,2.3000000000000003,97.0,0.05
2007-07-04 12:30:00-06:00,2007,7,4,12,30,544.0,73.0,471.0,28.0,2.4000000000000004,93.0,0.05
2007-07-04 13:30:00-06:00,2007,7,4,13,30,516.0,76.0,444.0,28.0,2.4000000000000004,90.0,0.05
2007-07-04 14:30:00-06:00,2007,7,4,14,30,569.0,196.0,404.0,28.0,2.4000000000000004,90.0,0.05
2007-07-04 15:30:00-06:00,2007,7,4,15,30,308.0,40.0,280.0,28.0,2.6,91.0,0.05
2007-07-04 16:30:00-06:00,2007,7,4,16,30,69.0,0.0,69.0,28.0,2.9000000000000004,92.0,0.05
2007-07-04 17:30:00-06:00,2007,7,4,17,30,190.0,253.0,111.0,28.0,3.4000000000000004,90.0,0.05
2007-07-04 18:30:00-06:00,2007,7,4,18,30,11.0,0.0,11.0,27.0,4.1000000000000005,87.0,0.05
2007-07-04 19:30:00-06:00,2007,7,4,19,30,0.0,0.0,0.0,27.0,4.7,88.0,0.05
2007-07-04 20:30:00-06:00,2007,7,4,20,30,0.0,0.0,0.0,27.0,5.1000000000000005,93.0,0.05
2007-07-04 21:30:00-06:00,2007,7,4,21,30,0.0,0.0,0.0,27.0,5.1000000000000005,101.0,0.05
2007-07-04 22:30:00-06:00,2007,7,4,22,30,0.0,0.0,0.0,27.0,4.9,113.0,0.05
2007-07-04 23:30:00-06:00,2007,7,4,23,30,0.0,0.0,0.0,28.0,4.6000000000000005,123.0,0.05
2007-07-05 00:30:00-06:00,2007,7,5,0,30,0.0,0.0,0.0,28.0,4.2,132.0,0.05
2007-07-05 01:30:00-06:00,2007,7,5,1,30,0.0,0.0,0.0,28.0,3.7,139.0,0.05
2007-07-05 02:30:00-06:00,2007,7,5,2,30,0.0,0.0,0.0,28.0,3.2,145.0,0.05
2007-07-05 03:30:00-06:00,2007,7,5,3,30,0.0,0.0,0.0,28.0,2.8000000000000003,149.0,0.05
2007-07-05 04:30:00-06:00,2007,7,5,4,30,0.0,0.0,0.0,28.0,2.5,150.0,0.05
2007-07-05 05:30:00-06:00,2007,7,5,5,30,19.0,0.0,19.0,28.0,2.3000000000000003,153.0,0.05
2007-07-05 06:30:00-06:00,2007,7,5,6,30,151.0,186.0,100.0,28.0,2.0,155.0,0.05
2007-07-05 07:30:00-06:00,2007,7,5,7,30,304.0,229.0,194.0,28.0,1.6,158.0,0.05
2007-07-05 08:30:00-06:00,2007,7,5,8,30,519.0,396.0,256.0,28.0,1.1,157.0,0.05
2007-07-05 09:30:00-06:00,2007,7,5,9,30,694.0,486.0,297.0,28.0,0.7000000000000001,163.0,0.05
2007-07-05 10:30:00-06:00,2007,7,5,10,30,758.0,391.0,396.0,29.0,0.5,184.0,0.05
2007-07-05 11:30:00-06:00,2007,7,5,11,30,871.0,457.0,421.0,29.0,0.4,207.0,0.05
2007-07-05 12:30:00-06:00,2007,7,5,12,30,752.0,267.0,487.0,29.0,0.3,216.0,0.05
2007-07-05 13:30:00-06:00,2007,7,5,13,30,630.0,170.0,470.0,29.0,0.3,199.0,0.05
2007-07-05 14:30:00-06:00,2007,7,5,14,30,536.0,155.0,406.0,28.0,0.4,150.0,0.05
2007-07-05 15:30:00-06:00,2007,7,5,15,30,519.0,326.0,292.0,28.0,0.8,94.0,0.05
2007-07-05 16:30:00-06:00,2007,7,5,16,30,232.0,52.0,205.0,28.0,1.4,76.0,0.05
2007-07-05 17:30:00-06:00,2007,7,5,17,30,183.0,220.0,114.0,28.0,2.0,74.0,0.05
2007-07-05 18:30:00-06:00,2007,7,5,18,30,42.0,66.0,35.0,28.0,2.6,77.0,0.05
2007-07-05 19:30:00-06:00,2007,7,5,19,30,0.0,0.0,0.0,28.0,3.0,83.0,0.05
2007-07-05 20:30:00-06:00,2007,7,5,20,30,0.0,0.0,0.0,28.0,3.3000000000000003,90.0,0.05
2007-07-05 21:30:00-06:00,2007,7,5,21,30,0.0,0.0,0.0,28.0,3.4000000000000004,99.0,0.05
2007-07-05 22:30:00-06:00,2007,7,5,22,30,0.0,0.0,0.0,27.0,3.3000000000000003,110.0,0.05
2007-07-05 23:30:00-06:00,2007,7,5,23,30,0.0,0.0,0.0,27.0,3.1,123.0,0.05
2007-07-06 00:30:00-06:00,2007,7,6,0,30,0.0,0.0,0.0,27.0,2.8000000000000003,135.0,0.05
2007-07-06 01:30:00-06:00,2007,7,6,1,30,0.0,0.0,0.0,27.0,2.5,148.0,0.05
2007-07-06 02:30:00-06:00,2007,7,6,2,30,0.0,0.0,0.0,28.0,2.2,164.0,0.05
2007-07-06 03:30:00-06:00,2007,7,6,3,30,0.0,0.0,0.0,28.0,2.0,182.0,0.05
2007-07-06 04:30:00-06:00,2007,7,6,4,30,0.0,0.0,0.0,28.0,2.0,203.0,0.05
2007-07-06 05:30:00-06:00,2007,7,6,5,30,16.0,0.0,16.0,28.0,2.1,222.0,0.05
2007-07-06 06:30:00-06:00,2007,7,6,6,30,122.0,74.0,101.0,28.0,2.1,235.0,0.05
2007-07-06 07:30:00-06:00,2007,7,6,7,30,273.0,154.0,199.0,28.0,2.1,241.0,0.05
2007-07-06 08:30:00-06:00,2007,7,6,8,30,451.0,238.0,293.0,28.0,2.0,244.0,0.05
2007-07-06 09:30:00-06:00,2007,7,6,9,30,638.0,346.0,356.0,28.0,1.8,246.0,0.05
2007-07-06 10:30:00-06:00,2007,7,6,10,30,791.0,451.0,374.0,28.0,1.5,247.0,0.05
2007-07-06 11:30:00-06:00,2007,7,6,11,30,838.0,424.0,420.0,28.0,1.3,238.0,0.05
2007-07-06 12:30:00-06:00,2007,7,6,12,30,812.0,378.0,438.0,29.0,1.3,220.0,0.05
2007-07-06 13:30:00-06:00,2007,7,6,13,30,783.0,413.0,394.0,29.0,1.5,214.0,0.05
2007-07-06 14:30:00-06:00,2007,7,6,14,30,711.0,471.0,316.0,29.0,1.6,217.0,0.05
2007-07-06 15:30:00-06:00,2007,7,6,15,30,568.0,467.0,244.0,29.0,1.6,222.0,0.05
2007-07-06 16:30:00-06:00,2007,7,6,16,30,351.0,286.0,203.0,29.0,1.6,225.0,0.05
2007-07-06 17:30:00-06:00,2007,7,6,17,30,175.0,186.0,116.0,29.0,1.5,222.0,0.05
2007-07-06 18:30:00-06:00,2007,7,6,18,30,52.0,170.0,34.0,29.0,1.6,213.0,0.05
2007-07-06 19:30:00-06:00,2007,7,6,19,30,0.0,0.0,0.0,29.0,2.0,202.0,0.05
2007-07-06 20:30:00-06:00,2007,7,6,20,30,0.0,0.0,0.0,29.0,2.4000000000000004,196.0,0.05
2007-07-06 21:30:00-06:00,2007,7,6,21,30,0.0,0.0,0.0,29.0,2.8000000000000003,198.0,0.05
2007-07-06 22:30:00-06:00,2007,7,6,22,30,0.0,0.0,0.0,29.0,3.2,203.0,0.05
2007-07-06 23:30:00-06:00,2007,7,6,23,30,0.0,0.0,0.0,29.0,3.5,209.0,0.05
2007-07-07 00:30:00-06:00,2007,7,7,0,30,0.0,0.0,0.0,29.0,3.8,215.0,0.05
2007-07-07 01:30:00-06:00,2007,7,7,1,30,0.0,0.0,0.0,29.0,3.9,221.0,0.05
2007-07-07 02:30:00-06:00,2007,7,7,2,30,0.0,0.0,0.0,28.0,4.0,228.0,0.05
2007-07-07 03:30:00-06:00,2007,7,7,3,30,0.0,0.0,0.0,28.0,4.1000000000000005,233.0,0.05
2007-07-07 04:30:00-06:00,2007,7,7,4,30,0.0,0.0,0.0,28.0,4.2,236.0,0.05
2007-07-07 05:30:00-06:00,2007,7,7,5,30,22.0,16.0,21.0,28.0,4.3,240.0,0.05
2007-07-07 06:30:00-06:00,2007,7,7,6,30,150.0,189.0,98.0,29.0,4.5,243.0,0.05
2007-07-07 07:30:00-06:00,2007,7,7,7,30,408.0,647.0,100.0,29.0,4.9,245.0,0.05
2007-07-07 08:30:00-06:00,2007,7,7,8,30,483.0,309.0,278.0,29.0,5.300000000000001,247.0,0.05
2007-07-07 09:30:00-06:00,2007,7,7,9,30,695.0,490.0,296.0,29.0,5.7,247.0,0.05
2007-07-07 10:30:00-06:00,2007,7,7,10,30,905.0,826.0,141.0,29.0,6.2,247.0,0.05
2007-07-07 11:30:00-06:00,2007,7,7,11,30,973.0,843.0,144.0,29.0,6.5,247.0,0.05
2007-07-07 12:30:00-06:00,2007,7,7,12,30,979.0,844.0,144.0,29.0,6.7,248.0,0.05
2007-07-07 13:30:00-06:00,2007,7,7,13,30,922.0,832.0,140.0,29.0,6.800000000000001,249.0,0.05
2007-07-07 14:30:00-06:00,2007,7,7,14,30,807.0,803.0,133.0,29.0,6.800000000000001,251.0,0.05
2007-07-07 15:30:00-06:00,2007,7,7,15,30,640.0,734.0,130.0,29.0,6.6000000000000005,253.0,0.05
2007-07-07 16:30:00-06:00,2007,7,7,16,30,444.0,645.0,112.0,29.0,6.300000000000001,254.0,0.05
2007-07-07 17:30:00-06:00,2007,7,7,17,30,236.0,482.0,85.0,29.0,6.0,255.0,0.05
2007-07-07 18:30:00-06:00,2007,7,7,18,30,53.0,155.0,37.0,29.0,5.800000000000001,256.0,0.05
2007-07-07 19:30:00-06:00,2007,7,7,19,30,0.0,0.0,0.0,29.0,5.5,256.0,0.05
2007-07-07 20:30:00-06:00,2007,7,7,20,30,0.0,0.0,0.0,29.0,5.300000000000001,257.0,0.05
2007-07-07 21:30:00-06:00,2007,7,7,21,30,0.0,0.0,0.0,29.0,5.300000000000001,256.0,0.05
2007-07-07 22:30:00-06:00,2007,7,7,22,30,0.0,0.0,0.0,29.0,5.4,257.0,0.05
2007-07-07 23:30:00-06:00,2007,7,7,23,30,0.0,0.0,0.0,28.0,5.5,259.0,0.05
2007-07-08 00:30:00-06:00,2007,7,8,0,30,0.0,0.0,0.0,28.0,5.6000000000000005,261.0,0.05
2007-07-08 01:30:00-06:00,2007,7,8,1,30,0.0,0.0,0.0,28.0,5.7,263.0,0.05
2007-07-08 02:30:00-06:00,2007,7,8,2,30,0.0,0.0,0.0,28.0,5.6000000000000005,266.0,0.05
2007-07-08 03:30:00-06:00,2007,7,8,3,30,0.0,0.0,0.0,28.0,5.300000000000001,268.0,0.05
2007-07-08 04:30:00-06:00,2007,7,8,4,30,0.0,0.0,0.0,28.0,5.0,272.0,0.05
2007-07-08 05:30:00-06:00,2007,7,8,5,30,27.0,74.0,22.0,28.0,4.800000000000001,278.0,0.05
2007-07-08 06:30:00-06:00,2007,7,8,6,30,196.0,448.0,74.0,28.0,4.6000000000000005,286.0,0.05
2007-07-08 07:30:00-06:00,2007,7,8,7,30,403.0,637.0,100.0,28.0,4.4,293.0,0.05
2007-07-08 08:30:00-06:00,2007,7,8,8,30,603.0,738.0,116.0,28.0,3.9,298.0,0.05
2007-07-08 09:30:00-06:00,2007,7,8,9,30,774.0,797.0,125.0,28.0,3.4000000000000004,302.0,0.05
2007-07-08 10:30:00-06:00,2007,7,8,10,30,379.0,26.0,354.0,29.0,3.0,304.0,0.05
2007-07-08 11:30:00-06:00,2007,7,8,11,30,968.0,847.0,135.0,29.0,2.5,301.0,0.05
2007-07-08 12:30:00-06:00,2007,7,8,12,30,745.0,258.0,489.0,29.0,2.2,297.0,0.05
2007-07-08 13:30:00-06:00,2007,7,8,13,30,769.0,385.0,407.0,29.0,1.8,289.0,0.05
2007-07-08 14:30:00-06:00,2007,7,8,14,30,799.0,788.0,138.0,30.0,1.5,273.0,0.05
2007-07-08 15:30:00-06:00,2007,7,8,15,30,637.0,739.0,124.0,29.0,1.4,255.0,0.05
2007-07-08 16:30:00-06:00,2007,7,8,16,30,442.0,654.0,106.0,29.0,1.4,243.0,0.05
2007-07-08 17:30:00-06:00,2007,7,8,17,30,235.0,500.0,80.0,29.0,1.4,231.0,0.05
2007-07-08 18:30:00-06:00,2007,7,8,18,30,53.0,184.0,34.0,29.0,1.6,218.0,0.05
2007-07-08 19:30:00-06:00,2007,7,8,19,30,0.0,0.0,0.0,29.0,1.8,204.0,0.05
2007-07-08 20:30:00-06:00,2007,7,8,20,30,0.0,0.0,0.0,29.0,2.1,195.0,0.05
2007-07-08 21:30:00-06:00,2007,7,8,21,30,0.0,0.0,0.0,29.0,2.5,194.0,0.05
2007-07-08 22:30:00-06:00,2007,7,8,22,30,0.0,0.0,0.0,29.0,2.8000000000000003,199.0,0.05
2007-07-08 23:30:00-06:00,2007,7,8,23,30,0.0,0.0,0.0,29.0,3.0,206.0,0.05
2007-07-09 00:30:00-06:00,2007,7,9,0,30,0.0,0.0,0.0,28.0,3.1,212.0,0.05
2007-07-09 01:30:00-06:00,2007,7,9,1,30,0.0,0.0,0.0,28.0,3.1,217.0,0.05
2007-07-09 02:30:00-06:00,2007,7,9,2,30,0.0,0.0,0.0,28.0,3.0,221.0,0.05
2007-07-09 03:30:00-06:00,2007,7,9,3,30,0.0,0.0,0.0,28.0,2.8000000000000003,225.0,0.05
2007-07-09 04:30:00-06:00,2007,7,9,4,30,0.0,0.0,0.0,28.0,2.5,226.0,0.05
2007-07-09 05:30:00-06:00,2007,7,9,5,30,28.0,140.0,20.0,28.0,2.0,228.0,0.05
2007-07-09 06:30:00-06:00,2007,7,9,6,30,202.0,524.0,61.0,29.0,1.7000000000000002,226.0,0.05
2007-07-09 07:30:00-06:00,2007,7,9,7,30,412.0,695.0,82.0,29.0,1.3,224.0,0.05
2007-07-09 08:30:00-06:00,2007,7,9,8,30,613.0,785.0,94.0,29.0,1.1,221.0,0.05
2007-07-09 09:30:00-06:00,2007,7,9,9,30,786.0,844.0,99.0,29.0,1.1,206.0,0.05
2007-07-09 10:30:00-06:00,2007,7,9,10,30,911.0,874.0,104.0,29.0,1.3,188.0,0.05
2007-07-09 11:30:00-06:00,2007,7,9,11,30,981.0,891.0,105.0,29.0,1.6,182.0,0.05
2007-07-09 12:30:00-06:00,2007,7,9,12,30,984.0,880.0,114.0,29.0,2.0,177.0,0.05
2007-07-09 13:30:00-06:00,2007,7,9,13,30,929.0,872.0,109.0,29.0,2.4000000000000004,169.0,0.05
2007-07-09 14:30:00-06:00,2007,7,9,14,30,816.0,851.0,102.0,30.0,2.9000000000000004,161.0,0.05
2007-07-09 15:30:00-06:00,2007,7,9,15,30,654.0,810.0,92.0,30.0,3.3000000000000003,157.0,0.05
2007-07-09 16:30:00-06:00,2007,7,9,16,30,457.0,736.0,79.0,30.0,3.6,156.0,0.05
2007-07-09 17:30:00-06:00,2007,7,9,17,30,246.0,593.0,62.0,29.0,3.7,157.0,0.05
2007-07-09 18:30:00-06:00,2007,7,9,18,30,57.0,274.0,30.0,29.0,3.7,159.0,0.05
2007-07-09 19:30:00-06:00,2007,7,9,19,30,0.0,0.0,0.0,29.0,3.5,162.0,0.05
2007-07-09 20:30:00-06:00,2007,7,9,20,30,0.0,0.0,0.0,29.0,3.4000000000000004,167.0,0.05
2007-07-09 21:30:00-06:00,2007,7,9,21,30,0.0,0.0,0.0,29.0,3.6,171.0,0.05
2007-07-09 22:30:00-06:00,2007,7,9,22,30,0.0,0.0,0.0,29.0,4.1000000000000005,172.0,0.05
2007-07-09 23:30:00-06:00,2007,7,9,23,30,0.0,0.0,0.0,29.0,4.7,173.0,0.05
2007-07-10 00:30:00-06:00,2007,7,10,0,30,0.0,0.0,0.0,29.0,5.2,173.0,0.05
2007-07-10 01:30:00-06:00,2007,7,10,1,30,0.0,0.0,0.0,29.0,5.4,175.0,0.05
2007-07-10 02:30:00-06:00,2007,7,10,2,30,0.0,0.0,0.0,29.0,5.4,177.0,0.05
2007-07-10 03:30:00-06:00,2007,7,10,3,30,0.0,0.0,0.0,29.0,5.2,180.0,0.05
2007-07-10 04:30:00-06:00,2007,7,10,4,30,0.0,0.0,0.0,29.0,4.800000000000001,184.0,0.05
2007-07-10 05:30:00-06:00,2007,7,10,5,30,27.0,134.0,20.0,29.0,4.6000000000000005,188.0,0.05
2007-07-10 06:30:00-06:00,2007,7,10,6,30,199.0,522.0,59.0,29.0,4.4,189.0,0.05
2007-07-10 07:30:00-06:00,2007,7,10,7,30,408.0,696.0,79.0,29.0,4.3,190.0,0.05
2007-07-10 08:30:00-06:00,2007,7,10,8,30,610.0,789.0,90.0,29.0,4.0,192.0,0.05
2007-07-10 09:30:00-06:00,2007,7,10,9,30,782.0,842.0,98.0,29.0,3.7,193.0,0.05
2007-07-10 10:30:00-06:00,2007,7,10,10,30,908.0,873.0,102.0,29.0,3.3000000000000003,194.0,0.05
2007-07-10 11:30:00-06:00,2007,7,10,11,30,978.0,888.0,104.0,29.0,3.0,195.0,0.05
2007-07-10 12:30:00-06:00,2007,7,10,12,30,977.0,865.0,122.0,29.0,3.0,193.0,0.05
2007-07-10 13:30:00-06:00,2007,7,10,13,30,922.0,856.0,117.0,29.0,3.0,191.0,0.05
2007-07-10 14:30:00-06:00,2007,7,10,14,30,808.0,831.0,111.0,29.0,3.2,188.0,0.05
2007-07-10 15:30:00-06:00,2007,7,10,15,30,646.0,786.0,101.0,29.0,3.4000000000000004,189.0,0.05
2007-07-10 16:30:00-06:00,2007,7,10,16,30,450.0,706.0,87.0,29.0,3.5,191.0,0.05
2007-07-10 17:30:00-06:00,2007,7,10,17,30,90.0,0.0,90.0,29.0,3.6,193.0,0.05
2007-07-10 18:30:00-06:00,2007,7,10,18,30,55.0,238.0,31.0,29.0,3.7,196.0,0.05
2007-07-10 19:30:00-06:00,2007,7,10,19,30,0.0,0.0,0.0,29.0,3.8,199.0,0.05
2007-07-10 20:30:00-06:00,2007,7,10,20,30,0.0,0.0,0.0,29.0,3.9,202.0,0.05
2007-07-10 21:30:00-06:00,2007,7,10,21,30,0.0,0.0,0.0,29.0,4.0,206.0,0.05
2007-07-10 22:30:00-06:00,2007,7,10,22,30,0.0,0.0,0.0,29.0,4.0,210.0,0.05
2007-07-10 23:30:00-06:00,2007,7,10,23,30,0.0,0.0,0.0,29.0,4.1000000000000005,213.0,0.05
2007-07-11 00:30:00-06:00,2007,7,11,0,30,0.0,0.0,0.0,29.0,4.3,218.0,0.05
2007-07-11 01:30:00-06:00,2007,7,11,1,30,0.0,0.0,0.0,29.0,4.5,222.0,0.05
2007-07-11 02:30:00-06:00,2007,7,11,2,30,0.0,0.0,0.0,29.0,4.6000000000000005,224.0,0.05
2007-07-11 03:30:00-06:00,2007,7,11,3,30,0.0,0.0,0.0,29.0,4.7,226.0,0.05
2007-07-11 04:30:00-06:00,2007,7,11,4,30,0.0,0.0,0.0,29.0,4.4,232.0,0.05
2007-07-11 05:30:00-06:00,2007,7,11,5,30,26.0,116.0,20.0,29.0,4.0,245.0,0.05
2007-07-11 06:30:00-06:00,2007,7,11,6,30,198.0,504.0,64.0,29.0,3.8,263.0,0.05
2007-07-11 07:30:00-06:00,2007,7,11,7,30,407.0,679.0,87.0,29.0,3.6,277.0,0.05
2007-07-11 08:30:00-06:00,2007,7,11,8,30,610.0,776.0,100.0,29.0,3.4000000000000004,280.0,0.05
2007-07-11 09:30:00-06:00,2007,7,11,9,30,786.0,843.0,102.0,30.0,3.4000000000000004,276.0,0.05
2007-07-11 10:30:00-06:00,2007,7,11,10,30,913.0,875.0,105.0,30.0,3.5,271.0,0.05
2007-07-11 11:30:00-06:00,2007,7,11,11,30,982.0,889.0,108.0,30.0,3.6,269.0,0.05
2007-07-11 12:30:00-06:00,2007,7,11,12,30,988.0,890.0,108.0,30.0,3.7,268.0,0.05
2007-07-11 13:30:00-06:00,2007,7,11,13,30,930.0,875.0,108.0,30.0,3.6,267.0,0.05
2007-07-11 14:30:00-06:00,2007,7,11,14,30,814.0,844.0,106.0,31.0,3.6,265.0,0.05
2007-07-11 15:30:00-06:00,2007,7,11,15,30,649.0,790.0,101.0,31.0,3.6,262.0,0.05
2007-07-11 16:30:00-06:00,2007,7,11,16,30,450.0,697.0,92.0,30.0,3.7,261.0,0.05
2007-07-11 17:30:00-06:00,2007,7,11,17,30,238.0,527.0,74.0,30.0,3.8,261.0,0.05
2007-07-11 18:30:00-06:00,2007,7,11,18,30,52.0,183.0,34.0,30.0,3.9,261.0,0.05
2007-07-11 19:30:00-06:00,2007,7,11,19,30,0.0,0.0,0.0,30.0,4.1000000000000005,262.0,0.05
2007-07-11 20:30:00-06:00,2007,7,11,20,30,0.0,0.0,0.0,30.0,4.2,263.0,0.05
2007-07-11 21:30:00-06:00,2007,7,11,21,30,0.0,0.0,0.0,30.0,4.3,266.0,0.05
2007-07-11 22:30:00-06:00,2007,7,11,22,30,0.0,0.0,0.0,29.0,4.4,269.0,0.05
2007-07-11 23:30:00-06:00,2007,7,11,23,30,0.0,0.0,0.0,29.0,4.5,273.0,0.05
2007-07-12 00:30:00-06:00,2007,7,12,0,30,0.0,0.0,0.0,29.0,4.6000000000000005,277.0,0.05
2007-07-12 01:30:00-06:00,2007,7,12,1,30,0.0,0.0,0.0,29.0,4.6000000000000005,280.0,0.05
2007-07-12 02:30:00-06:00,2007,7,12,2,30,0.0,0.0,0.0,29.0,4.5,284.0,0.05
2007-07-12 03:30:00-06:00,2007,7,12,3,30,0.0,0.0,0.0,29.0,4.5,289.0,0.05
2007-07-12 04:30:00-06:00,2007,7,12,4,30,0.0,0.0,0.0,29.0,4.5,295.0,0.05
2007-07-12 05:30:00-06:00,2007,7,12,5,30,19.0,12.0,18.0,29.0,4.5,302.0,0.05
2007-07-12 06:30:00-06:00,2007,7,12,6,30,185.0,394.0,81.0,29.0,4.5,308.0,0.05
2007-07-12 07:30:00-06:00,2007,7,12,7,30,98.0,0.0,98.0,29.0,4.4,311.0,0.05
2007-07-12 08:30:00-06:00,2007,7,12,8,30,590.0,695.0,133.0,29.0,4.1000000000000005,311.0,0.05
2007-07-12 09:30:00-06:00,2007,7,12,9,30,761.0,759.0,145.0,29.0,3.8,309.0,0.05
2007-07-12 10:30:00-06:00,2007,7,12,10,30,152.0,2.0,150.0,30.0,3.4000000000000004,306.0,0.05
2007-07-12 11:30:00-06:00,2007,7,12,11,30,241.0,11.0,230.0,30.0,3.2,302.0,0.05
2007-07-12 12:30:00-06:00,2007,7,12,12,30,852.0,433.0,423.0,30.0,3.0,297.0,0.05
2007-07-12 13:30:00-06:00,2007,7,12,13,30,897.0,767.0,176.0,30.0,2.9000000000000004,290.0,0.05
2007-07-12 14:30:00-06:00,2007,7,12,14,30,784.0,734.0,168.0,30.0,2.9000000000000004,283.0,0.05
2007-07-12 15:30:00-06:00,2007,7,12,15,30,624.0,686.0,149.0,30.0,3.0,278.0,0.05
2007-07-12 16:30:00-06:00,2007,7,12,16,30,341.0,260.0,207.0,30.0,3.2,276.0,0.05
2007-07-12 17:30:00-06:00,2007,7,12,17,30,130.0,49.0,115.0,30.0,3.3000000000000003,276.0,0.05
2007-07-12 18:30:00-06:00,2007,7,12,18,30,22.0,0.0,22.0,30.0,3.4000000000000004,277.0,0.05
2007-07-12 19:30:00-06:00,2007,7,12,19,30,0.0,0.0,0.0,29.0,3.4000000000000004,276.0,0.05
2007-07-12 20:30:00-06:00,2007,7,12,20,30,0.0,0.0,0.0,29.0,3.4000000000000004,274.0,0.05
2007-07-12 21:30:00-06:00,2007,7,12,21,30,0.0,0.0,0.0,29.0,3.5,275.0,0.05
2007-07-12 22:30:00-06:00,2007,7,12,22,30,0.0,0.0,0.0,29.0,3.6,277.0,0.05
2007-07-12 23:30:00-06:00,2007,7,12,23,30,0.0,0.0,0.0,29.0,3.7,279.0,0.05
2007-07-13 00:30:00-06:00,2007,7,13,0,30,0.0,0.0,0.0,29.0,3.8,280.0,0.05
2007-07-13 01:30:00-06:00,2007,7,13,1,30,0.0,0.0,0.0,28.0,3.8,282.0,0.05
2007-07-13 02:30:00-06:00,2007,7,13,2,30,0.0,0.0,0.0,28.0,3.8,286.0,0.05
2007-07-13 03:30:00-06:00,2007,7,13,3,30,0.0,0.0,0.0,28.0,3.8,291.0,0.05
2007-07-13 04:30:00-06:00,2007,7,13,4,30,0.0,0.0,0.0,28.0,3.7,299.0,0.05
2007-07-13 05:30:00-06:00,2007,7,13,5,30,18.0,0.0,18.0,28.0,3.6,306.0,0.05
2007-07-13 06:30:00-06:00,2007,7,13,6,30,154.0,242.0,91.0,28.0,3.5,313.0,0.05
2007-07-13 07:30:00-06:00,2007,7,13,7,30,361.0,453.0,148.0,28.0,3.4000000000000004,316.0,0.05
2007-07-13 08:30:00-06:00,2007,7,13,8,30,525.0,433.0,241.0,28.0,3.2,318.0,0.05
2007-07-13 09:30:00-06:00,2007,7,13,9,30,686.0,482.0,295.0,29.0,2.7,315.0,0.05
2007-07-13 10:30:00-06:00,2007,7,13,10,30,828.0,508.0,359.0,29.0,2.4000000000000004,305.0,0.05
2007-07-13 11:30:00-06:00,2007,7,13,11,30,776.0,313.0,468.0,29.0,2.5,288.0,0.05
2007-07-13 12:30:00-06:00,2007,7,13,12,30,875.0,456.0,424.0,30.0,2.7,276.0,0.05
2007-07-13 13:30:00-06:00,2007,7,13,13,30,816.0,459.0,384.0,30.0,3.0,268.0,0.05
2007-07-13 14:30:00-06:00,2007,7,13,14,30,669.0,358.0,368.0,30.0,3.4000000000000004,267.0,0.05
2007-07-13 15:30:00-06:00,2007,7,13,15,30,426.0,154.0,318.0,30.0,3.5,269.0,0.05
2007-07-13 16:30:00-06:00,2007,7,13,16,30,422.0,553.0,138.0,30.0,3.4000000000000004,271.0,0.05
2007-07-13 17:30:00-06:00,2007,7,13,17,30,209.0,365.0,97.0,30.0,3.0,272.0,0.05
2007-07-13 18:30:00-06:00,2007,7,13,18,30,42.0,78.0,35.0,30.0,2.8000000000000003,271.0,0.05
2007-07-13 19:30:00-06:00,2007,7,13,19,30,0.0,0.0,0.0,30.0,2.6,269.0,0.05
2007-07-13 20:30:00-06:00,2007,7,13,20,30,0.0,0.0,0.0,29.0,2.5,266.0,0.05
2007-07-13 21:30:00-06:00,2007,7,13,21,30,0.0,0.0,0.0,29.0,2.5,260.0,0.05
2007-07-13 22:30:00-06:00,2007,7,13,22,30,0.0,0.0,0.0,29.0,2.7,251.0,0.05
2007-07-13 23:30:00-06:00,2007,7,13,23,30,0.0,0.0,0.0,29.0,3.0,245.0,0.05
2007-07-14 00:30:00-06:00,2007,7,14,0,30,0.0,0.0,0.0,29.0,3.4000000000000004,245.0,0.05
2007-07-14 01:30:00-06:00,2007,7,14,1,30,0.0,0.0,0.0,28.0,3.6,248.0,0.05
2007-07-14 02:30:00-06:00,2007,7,14,2,30,0.0,0.0,0.0,28.0,3.8,255.0,0.05
2007-07-14 03:30:00-06:00,2007,7,14,3,30,0.0,0.0,0.0,28.0,3.8,259.0,0.05
2007-07-14 04:30:00-06:00,2007,7,14,4,30,0.0,0.0,0.0,28.0,3.7,259.0,0.05
2007-07-14 05:30:00-06:00,2007,7,14,5,30,22.0,75.0,18.0,28.0,3.6,256.0,0.05
2007-07-14 06:30:00-06:00,2007,7,14,6,30,190.0,456.0,70.0,29.0,3.9,258.0,0.05
2007-07-14 07:30:00-06:00,2007,7,14,7,30,399.0,648.0,95.0,29.0,4.1000000000000005,266.0,0.05
2007-07-14 08:30:00-06:00,2007,7,14,8,30,429.0,207.0,293.0,29.0,4.3,275.0,0.05
2007-07-14 09:30:00-06:00,2007,7,14,9,30,625.0,329.0,358.0,29.0,4.3,283.0,0.05
2007-07-14 10:30:00-06:00,2007,7,14,10,30,543.0,103.0,448.0,29.0,4.1000000000000005,290.0,0.05
2007-07-14 11:30:00-06:00,2007,7,14,11,30,741.0,262.0,483.0,29.0,3.9,295.0,0.05
2007-07-14 12:30:00-06:00,2007,7,14,12,30,780.0,310.0,473.0,29.0,3.6,301.0,0.05
2007-07-14 13:30:00-06:00,2007,7,14,13,30,688.0,241.0,461.0,29.0,3.0,311.0,0.05
2007-07-14 14:30:00-06:00,2007,7,14,14,30,395.0,45.0,357.0,29.0,2.5,323.0,0.05
2007-07-14 15:30:00-06:00,2007,7,14,15,30,317.0,45.0,285.0,28.0,2.1,346.0,0.05
2007-07-14 16:30:00-06:00,2007,7,14,16,30,210.0,32.0,193.0,28.0,2.1,17.0,0.05
2007-07-14 17:30:00-06:00,2007,7,14,17,30,127.0,43.0,114.0,28.0,2.4000000000000004,44.0,0.05
2007-07-14 18:30:00-06:00,2007,7,14,18,30,18.0,0.0,18.0,27.0,2.9000000000000004,62.0,0.05
2007-07-14 19:30:00-06:00,2007,7,14,19,30,0.0,0.0,0.0,27.0,3.4000000000000004,77.0,0.05
2007-07-14 20:30:00-06:00,2007,7,14,20,30,0.0,0.0,0.0,27.0,3.7,90.0,0.05
2007-07-14 21:30:00-06:00,2007,7,14,21,30,0.0,0.0,0.0,27.0,4.0,106.0,0.05
2007-07-14 22:30:00-06:00,2007,7,14,22,30,0.0,0.0,0.0,28.0,4.4,123.0,0.05
2007-07-14 23:30:00-06:00,2007,7,14,23,30,0.0,0.0,0.0,28.0,4.6000000000000005,138.0,0.05
2007-07-15 00:30:00-06:00,2007,7,15,0,30,0.0,0.0,0.0,28.0,4.800000000000001,149.0,0.05
2007-07-15 01:30:00-06:00,2007,7,15,1,30,0.0,0.0,0.0,28.0,4.7,159.0,0.05
2007-07-15 02:30:00-06:00,2007,7,15,2,30,0.0,0.0,0.0,28.0,4.4,167.0,0.05
2007-07-15 03:30:00-06:00,2007,7,15,3,30,0.0,0.0,0.0,28.0,4.1000000000000005,174.0,0.05
2007-07-15 04:30:00-06:00,2007,7,15,4,30,0.0,0.0,0.0,28.0,3.5,182.0,0.05
2007-07-15 05:30:00-06:00,2007,7,15,5,30,0.0,0.0,0.0,28.0,2.6,191.0,0.05
2007-07-15 06:30:00-06:00,2007,7,15,6,30,18.0,0.0,18.0,28.0,1.9,205.0,0.05
2007-07-15 07:30:00-06:00,2007,7,15,7,30,179.0,22.0,168.0,28.0,1.8,235.0,0.05
2007-07-15 08:30:00-06:00,2007,7,15,8,30,495.0,353.0,263.0,28.0,2.5,272.0,0.05
2007-07-15 09:30:00-06:00,2007,7,15,9,30,389.0,51.0,348.0,27.0,3.3000000000000003,295.0,0.05
2007-07-15 10:30:00-06:00,2007,7,15,10,30,656.0,221.0,453.0,27.0,3.3000000000000003,306.0,0.05
2007-07-15 11:30:00-06:00,2007,7,15,11,30,724.0,240.0,488.0,27.0,2.4000000000000004,310.0,0.05
2007-07-15 12:30:00-06:00,2007,7,15,12,30,444.0,34.0,409.0,27.0,0.9,311.0,0.05
2007-07-15 13:30:00-06:00,2007,7,15,13,30,152.0,2.0,149.0,27.0,0.9,213.0,0.05
2007-07-15 14:30:00-06:00,2007,7,15,14,30,118.0,0.0,118.0,27.0,2.3000000000000003,132.0,0.05
2007-07-15 15:30:00-06:00,2007,7,15,15,30,219.0,9.0,212.0,28.0,3.0,120.0,0.05
2007-07-15 16:30:00-06:00,2007,7,15,16,30,266.0,99.0,215.0,27.0,2.9000000000000004,104.0,0.05
2007-07-15 17:30:00-06:00,2007,7,15,17,30,134.0,59.0,115.0,27.0,2.6,93.0,0.05
2007-07-15 18:30:00-06:00,2007,7,15,18,30,23.0,0.0,23.0,27.0,2.4000000000000004,97.0,0.05
2007-07-15 19:30:00-06:00,2007,7,15,19,30,0.0,0.0,0.0,27.0,2.5,113.0,0.05
2007-07-15 20:30:00-06:00,2007,7,15,20,30,0.0,0.0,0.0,27.0,2.9000000000000004,129.0,0.05
2007-07-15 21:30:00-06:00,2007,7,15,21,30,0.0,0.0,0.0,27.0,3.4000000000000004,141.0,0.05
2007-07-15 22:30:00-06:00,2007,7,15,22,30,0.0,0.0,0.0,27.0,3.9,151.0,0.05
2007-07-15 23:30:00-06:00,2007,7,15,23,30,0.0,0.0,0.0,27.0,4.1000000000000005,160.0,0.05
2007-07-16 00:30:00-06:00,2007,7,16,0,30,0.0,0.0,0.0,27.0,4.2,167.0,0.05
2007-07-16 01:30:00-06:00,2007,7,16,1,30,0.0,0.0,0.0,27.0,4.3,171.0,0.05
2007-07-16 02:30:00-06:00,2007,7,16,2,30,0.0,0.0,0.0,27.0,4.5,174.0,0.05
2007-07-16 03:30:00-06:00,2007,7,16,3,30,0.0,0.0,0.0,27.0,4.800000000000001,175.0,0.05
2007-07-16 04:30:00-06:00,2007,7,16,4,30,0.0,0.0,0.0,27.0,5.2,179.0,0.05
2007-07-16 05:30:00-06:00,2007,7,16,5,30,2.0,0.0,2.0,27.0,5.5,184.0,0.05
2007-07-16 06:30:00-06:00,2007,7,16,6,30,18.0,0.0,18.0,27.0,5.9,190.0,0.05
2007-07-16 07:30:00-06:00,2007,7,16,7,30,11.0,0.0,11.0,27.0,6.2,196.0,0.05
2007-07-16 08:30:00-06:00,2007,7,16,8,30,25.0,0.0,25.0,27.0,6.4,203.0,0.05
2007-07-16 09:30:00-06:00,2007,7,16,9,30,75.0,0.0,75.0,27.0,6.4,208.0,0.05
2007-07-16 10:30:00-06:00,2007,7,16,10,30,62.0,0.0,62.0,27.0,6.2,210.0,0.05
2007-07-16 11:30:00-06:00,2007,7,16,11,30,125.0,0.0,125.0,27.0,5.9,210.0,0.05
2007-07-16 12:30:00-06:00,2007,7,16,12,30,387.0,23.0,364.0,27.0,5.6000000000000005,209.0,0.05
2007-07-16 13:30:00-06:00,2007,7,16,13,30,651.0,194.0,468.0,27.0,5.4,208.0,0.05
2007-07-16 14:30:00-06:00,2007,7,16,14,30,509.0,127.0,403.0,27.0,5.1000000000000005,209.0,0.05
2007-07-16 15:30:00-06:00,2007,7,16,15,30,488.0,264.0,305.0,27.0,4.800000000000001,219.0,0.05
2007-07-16 16:30:00-06:00,2007,7,16,16,30,417.0,536.0,143.0,27.0,4.5,233.0,0.05
2007-07-16 17:30:00-06:00,2007,7,16,17,30,184.0,240.0,110.0,27.0,4.2,251.0,0.05
2007-07-16 18:30:00-06:00,2007,7,16,18,30,27.0,0.0,27.0,27.0,3.7,269.0,0.05
2007-07-16 19:30:00-06:00,2007,7,16,19,30,0.0,0.0,0.0,27.0,2.9000000000000004,288.0,0.05
2007-07-16 20:30:00-06:00,2007,7,16,20,30,0.0,0.0,0.0,27.0,1.8,307.0,0.05
2007-07-16 21:30:00-06:00,2007,7,16,21,30,0.0,0.0,0.0,27.0,0.9,320.0,0.05
2007-07-16 22:30:00-06:00,2007,7,16,22,30,0.0,0.0,0.0,27.0,1.5,166.0,0.05
2007-07-16 23:30:00-06:00,2007,7,16,23,30,0.0,0.0,0.0,27.0,2.8000000000000003,164.0,0.05
2007-07-17 00:30:00-06:00,2007,7,17,0,30,0.0,0.0,0.0,27.0,3.8,169.0,0.05
2007-07-17 01:30:00-06:00,2007,7,17,1,30,0.0,0.0,0.0,27.0,4.6000000000000005,175.0,0.05
2007-07-17 02:30:00-06:00,2007,7,17,2,30,0.0,0.0,0.0,27.0,4.9,182.0,0.05
2007-07-17 03:30:00-06:00,2007,7,17,3,30,0.0,0.0,0.0,27.0,4.9,188.0,0.05
2007-07-17 04:30:00-06:00,2007,7,17,4,30,0.0,0.0,0.0,27.0,4.800000000000001,194.0,0.05
2007-07-17 05:30:00-06:00,2007,7,17,5,30,11.0,0.0,11.0,27.0,4.6000000000000005,198.0,0.05
2007-07-17 06:30:00-06:00,2007,7,17,6,30,174.0,332.0,88.0,28.0,4.5,200.0,0.05
2007-07-17 07:30:00-06:00,2007,7,17,7,30,376.0,526.0,131.0,28.0,4.4,201.0,0.05
2007-07-17 08:30:00-06:00,2007,7,17,8,30,575.0,638.0,159.0,28.0,4.3,201.0,0.05
2007-07-17 09:30:00-06:00,2007,7,17,9,30,748.0,712.0,173.0,28.0,4.0,200.0,0.05
2007-07-17 10:30:00-06:00,2007,7,17,10,30,878.0,766.0,174.0,28.0,3.8,200.0,0.05
2007-07-17 11:30:00-06:00,2007,7,17,11,30,954.0,804.0,165.0,29.0,3.5,203.0,0.05
2007-07-17 12:30:00-06:00,2007,7,17,12,30,952.0,775.0,187.0,29.0,3.0,208.0,0.05
2007-07-17 13:30:00-06:00,2007,7,17,13,30,897.0,764.0,181.0,29.0,2.6,214.0,0.05
2007-07-17 14:30:00-06:00,2007,7,17,14,30,785.0,736.0,168.0,29.0,2.1,226.0,0.05
2007-07-17 15:30:00-06:00,2007,7,17,15,30,624.0,685.0,150.0,29.0,1.7000000000000002,241.0,0.05
2007-07-17 16:30:00-06:00,2007,7,17,16,30,430.0,594.0,126.0,29.0,1.3,256.0,0.05
2007-07-17 17:30:00-06:00,2007,7,17,17,30,211.0,388.0,92.0,29.0,0.8,269.0,0.05
2007-07-17 18:30:00-06:00,2007,7,17,18,30,43.0,99.0,34.0,29.0,0.4,267.0,0.05
2007-07-17 19:30:00-06:00,2007,7,17,19,30,0.0,0.0,0.0,29.0,0.8,146.0,0.05
2007-07-17 20:30:00-06:00,2007,7,17,20,30,0.0,0.0,0.0,29.0,1.5,127.0,0.05
2007-07-17 21:30:00-06:00,2007,7,17,21,30,0.0,0.0,0.0,28.0,2.0,130.0,0.05
2007-07-17 22:30:00-06:00,2007,7,17,22,30,0.0,0.0,0.0,28.0,2.4000000000000004,132.0,0.05
2007-07-17 23:30:00-06:00,2007,7,17,23,30,0.0,0.0,0.0,28.0,2.9000000000000004,128.0,0.05
2007-07-18 00:30:00-06:00,2007,7,18,0,30,0.0,0.0,0.0,28.0,3.6,124.0,0.05
2007-07-18 01:30:00-06:00,2007,7,18,1,30,0.0,0.0,0.0,28.0,4.2,121.0,0.05
2007-07-18 02:30:00-06:00,2007,7,18,2,30,0.0,0.0,0.0,28.0,4.5,123.0,0.05
2007-07-18 03:30:00-06:00,2007,7,18,3,30,0.0,0.0,0.0,28.0,4.5,123.0,0.05
2007-07-18 04:30:00-06:00,2007,7,18,4,30,0.0,0.0,0.0,28.0,4.4,121.0,0.05
2007-07-18 05:30:00-06:00,2007,7,18,5,30,19.0,58.0,16.0,28.0,4.1000000000000005,117.0,0.05
2007-07-18 06:30:00-06:00,2007,7,18,6,30,185.0,460.0,67.0,29.0,3.8,112.0,0.05
2007-07-18 07:30:00-06:00,2007,7,18,7,30,394.0,654.0,91.0,29.0,3.5,106.0,0.05
2007-07-18 08:30:00-06:00,2007,7,18,8,30,598.0,756.0,105.0,29.0,3.4000000000000004,97.0,0.05
2007-07-18 09:30:00-06:00,2007,7,18,9,30,765.0,789.0,128.0,29.0,3.4000000000000004,88.0,0.05
2007-07-18 10:30:00-06:00,2007,7,18,10,30,891.0,824.0,134.0,29.0,3.5,86.0,0.05
2007-07-18 11:30:00-06:00,2007,7,18,11,30,862.0,455.0,416.0,29.0,3.5,87.0,0.05
2007-07-18 12:30:00-06:00,2007,7,18,12,30,860.0,444.0,422.0,29.0,3.5,92.0,0.05
2007-07-18 13:30:00-06:00,2007,7,18,13,30,842.0,498.0,375.0,29.0,3.4000000000000004,98.0,0.05
2007-07-18 14:30:00-06:00,2007,7,18,14,30,791.0,773.0,144.0,29.0,3.4000000000000004,104.0,0.05
2007-07-18 15:30:00-06:00,2007,7,18,15,30,631.0,731.0,126.0,29.0,3.4000000000000004,108.0,0.05
2007-07-18 16:30:00-06:00,2007,7,18,16,30,371.0,362.0,187.0,29.0,3.5,110.0,0.05
2007-07-18 17:30:00-06:00,2007,7,18,17,30,230.0,510.0,75.0,29.0,3.6,113.0,0.05
2007-07-18 18:30:00-06:00,2007,7,18,18,30,44.0,137.0,31.0,29.0,3.6,118.0,0.05
2007-07-18 19:30:00-06:00,2007,7,18,19,30,0.0,0.0,0.0,29.0,3.5,123.0,0.05
2007-07-18 20:30:00-06:00,2007,7,18,20,30,0.0,0.0,0.0,29.0,3.4000000000000004,127.0,0.05
2007-07-18 21:30:00-06:00,2007,7,18,21,30,0.0,0.0,0.0,29.0,3.3000000000000003,133.0,0.05
2007-07-18 22:30:00-06:00,2007,7,18,22,30,0.0,0.0,0.0,29.0,3.2,139.0,0.05
2007-07-18 23:30:00-06:00,2007,7,18,23,30,0.0,0.0,0.0,29.0,3.0,141.0,0.05
2007-07-19 00:30:00-06:00,2007,7,19,0,30,0.0,0.0,0.0,28.0,3.0,139.0,0.05
2007-07-19 01:30:00-06:00,2007,7,19,1,30,0.0,0.0,0.0,28.0,3.0,134.0,0.05
2007-07-19 02:30:00-06:00,2007,7,19,2,30,0.0,0.0,0.0,28.0,3.2,130.0,0.05
2007-07-19 03:30:00-06:00,2007,7,19,3,30,0.0,0.0,0.0,28.0,3.3000000000000003,125.0,0.05
2007-07-19 04:30:00-06:00,2007,7,19,4,30,0.0,0.0,0.0,28.0,3.3000000000000003,121.0,0.05
2007-07-19 05:30:00-06:00,2007,7,19,5,30,18.0,0.0,18.0,28.0,3.3000000000000003,118.0,0.05
2007-07-19 06:30:00-06:00,2007,7,19,6,30,170.0,380.0,74.0,28.0,3.3000000000000003,115.0,0.05
2007-07-19 07:30:00-06:00,2007,7,19,7,30,310.0,287.0,177.0,28.0,3.3000000000000003,112.0,0.05
2007-07-19 08:30:00-06:00,2007,7,19,8,30,514.0,416.0,244.0,28.0,3.2,110.0,0.05
2007-07-19 09:30:00-06:00,2007,7,19,9,30,641.0,364.0,348.0,29.0,3.1,113.0,0.05
2007-07-19 10:30:00-06:00,2007,7,19,10,30,769.0,428.0,376.0,29.0,2.8000000000000003,119.0,0.05
2007-07-19 11:30:00-06:00,2007,7,19,11,30,578.0,98.0,482.0,29.0,2.5,125.0,0.05
2007-07-19 12:30:00-06:00,2007,7,19,12,30,352.0,19.0,333.0,29.0,2.0,132.0,0.05
2007-07-19 13:30:00-06:00,2007,7,19,13,30,263.0,12.0,251.0,29.0,1.7000000000000002,137.0,0.05
2007-07-19 14:30:00-06:00,2007,7,19,14,30,279.0,14.0,266.0,29.0,1.4,149.0,0.05
2007-07-19 15:30:00-06:00,2007,7,19,15,30,288.0,31.0,266.0,29.0,1.2000000000000002,160.0,0.05
2007-07-19 16:30:00-06:00,2007,7,19,16,30,201.0,26.0,187.0,28.0,1.0,166.0,0.05
2007-07-19 17:30:00-06:00,2007,7,19,17,30,114.0,22.0,108.0,28.0,1.1,176.0,0.05
2007-07-19 18:30:00-06:00,2007,7,19,18,30,24.0,0.0,24.0,28.0,1.3,180.0,0.05
2007-07-19 19:30:00-06:00,2007,7,19,19,30,0.0,0.0,0.0,28.0,1.6,182.0,0.05
2007-07-19 20:30:00-06:00,2007,7,19,20,30,0.0,0.0,0.0,28.0,2.0,179.0,0.05
2007-07-19 21:30:00-06:00,2007,7,19,21,30,0.0,0.0,0.0,28.0,2.3000000000000003,183.0,0.05
2007-07-19 22:30:00-06:00,2007,7,19,22,30,0.0,0.0,0.0,28.0,2.3000000000000003,194.0,0.05
2007-07-19 23:30:00-06:00,2007,7,19,23,30,0.0,0.0,0.0,28.0,1.9,200.0,0.05
2007-07-20 00:30:00-06:00,2007,7,20,0,30,0.0,0.0,0.0,28.0,1.4,201.0,0.05
2007-07-20 01:30:00-06:00,2007,7,20,1,30,0.0,0.0,0.0,28.0,0.8,197.0,0.05
2007-07-20 02:30:00-06:00,2007,7,20,2,30,0.0,0.0,0.0,28.0,0.3,187.0,0.05
2007-07-20 03:30:00-06:00,2007,7,20,3,30,0.0,0.0,0.0,28.0,0.4,92.0,0.05
2007-07-20 04:30:00-06:00,2007,7,20,4,30,0.0,0.0,0.0,28.0,1.0,35.0,0.05
2007-07-20 05:30:00-06:00,2007,7,20,5,30,11.0,0.0,11.0,28.0,1.6,33.0,0.05
2007-07-20 06:30:00-06:00,2007,7,20,6,30,144.0,221.0,88.0,28.0,1.8,35.0,0.05
2007-07-20 07:30:00-06:00,2007,7,20,7,30,331.0,365.0,163.0,28.0,1.9,36.0,0.05
2007-07-20 08:30:00-06:00,2007,7,20,8,30,601.0,792.0,87.0,28.0,1.8,30.0,0.05
2007-07-20 09:30:00-06:00,2007,7,20,9,30,772.0,839.0,97.0,28.0,1.6,22.0,0.05
2007-07-20 10:30:00-06:00,2007,7,20,10,30,673.0,248.0,446.0,28.0,1.4,14.0,0.05
2007-07-20 11:30:00-06:00,2007,7,20,11,30,699.0,212.0,492.0,28.0,1.2000000000000002,1.0,0.05
2007-07-20 12:30:00-06:00,2007,7,20,12,30,606.0,115.0,492.0,29.0,1.3,331.0,0.05
2007-07-20 13:30:00-06:00,2007,7,20,13,30,608.0,149.0,468.0,29.0,1.9,304.0,0.05
2007-07-20 14:30:00-06:00,2007,7,20,14,30,691.0,434.0,328.0,29.0,2.6,297.0,0.05
2007-07-20 15:30:00-06:00,2007,7,20,15,30,244.0,15.0,234.0,29.0,3.2,300.0,0.05
2007-07-20 16:30:00-06:00,2007,7,20,16,30,167.0,6.0,164.0,29.0,3.6,309.0,0.05
2007-07-20 17:30:00-06:00,2007,7,20,17,30,86.0,0.0,86.0,29.0,3.8,322.0,0.05
2007-07-20 18:30:00-06:00,2007,7,20,18,30,15.0,0.0,15.0,28.0,3.9,337.0,0.05
2007-07-20 19:30:00-06:00,2007,7,20,19,30,0.0,0.0,0.0,28.0,3.8,352.0,0.05
2007-07-20 20:30:00-06:00,2007,7,20,20,30,0.0,0.0,0.0,28.0,3.3000000000000003,7.0,0.05
2007-07-20 21:30:00-06:00,2007,7,20,21,30,0.0,0.0,0.0,28.0,2.6,21.0,0.05
2007-07-20 22:30:00-06:00,2007,7,20,22,30,0.0,0.0,0.0,28.0,1.3,33.0,0.05
2007-07-20 23:30:00-06:00,2007,7,20,23,30,0.0,0.0,0.0,28.0,0.8,44.0,0.05
2007-07-21 00:30:00-06:00,2007,7,21,0,30,0.0,0.0,0.0,28.0,1.4,219.0,0.05
2007-07-21 01:30:00-06:00,2007,7,21,1,30,0.0,0.0,0.0,27.0,2.2,239.0,0.05
2007-07-21 02:30:00-06:00,2007,7,21,2,30,0.0,0.0,0.0,27.0,2.8000000000000003,266.0,0.05
2007-07-21 03:30:00-06:00,2007,7,21,3,30,0.0,0.0,0.0,27.0,3.3000000000000003,288.0,0.05
2007-07-21 04:30:00-06:00,2007,7,21,4,30,0.0,0.0,0.0,27.0,3.8,306.0,0.05
2007-07-21 05:30:00-06:00,2007,7,21,5,30,5.0,0.0,5.0,27.0,4.1000000000000005,321.0,0.05
2007-07-21 06:30:00-06:00,2007,7,21,6,30,43.0,0.0,43.0,27.0,4.2,332.0,0.05
2007-07-21 07:30:00-06:00,2007,7,21,7,30,106.0,0.0,106.0,27.0,4.1000000000000005,339.0,0.05
2007-07-21 08:30:00-06:00,2007,7,21,8,30,496.0,371.0,255.0,27.0,3.9,343.0,0.05
2007-07-21 09:30:00-06:00,2007,7,21,9,30,767.0,819.0,108.0,28.0,3.6,346.0,0.05
2007-07-21 10:30:00-06:00,2007,7,21,10,30,896.0,854.0,113.0,28.0,3.3000000000000003,348.0,0.05
2007-07-21 11:30:00-06:00,2007,7,21,11,30,967.0,870.0,116.0,28.0,3.0,350.0,0.05
2007-07-21 12:30:00-06:00,2007,7,21,12,30,964.0,835.0,142.0,28.0,2.5,351.0,0.05
2007-07-21 13:30:00-06:00,2007,7,21,13,30,908.0,821.0,139.0,29.0,2.1,353.0,0.05
2007-07-21 14:30:00-06:00,2007,7,21,14,30,794.0,791.0,133.0,29.0,1.6,356.0,0.05
2007-07-21 15:30:00-06:00,2007,7,21,15,30,637.0,767.0,109.0,29.0,1.2000000000000002,352.0,0.05
2007-07-21 16:30:00-06:00,2007,7,21,16,30,439.0,682.0,94.0,29.0,1.1,333.0,0.05
2007-07-21 17:30:00-06:00,2007,7,21,17,30,229.0,525.0,71.0,29.0,1.1,313.0,0.05
2007-07-21 18:30:00-06:00,2007,7,21,18,30,45.0,186.0,29.0,29.0,1.2000000000000002,301.0,0.05
2007-07-21 19:30:00-06:00,2007,7,21,19,30,0.0,0.0,0.0,29.0,1.3,299.0,0.05
2007-07-21 20:30:00-06:00,2007,7,21,20,30,0.0,0.0,0.0,30.0,1.3,302.0,0.05
2007-07-21 21:30:00-06:00,2007,7,21,21,30,0.0,0.0,0.0,29.0,1.4,305.0,0.05
2007-07-21 22:30:00-06:00,2007,7,21,22,30,0.0,0.0,0.0,29.0,1.5,304.0,0.05
2007-07-21 23:30:00-06:00,2007,7,21,23,30,0.0,0.0,0.0,29.0,1.6,302.0,0.05
2007-07-22 00:30:00-06:00,2007,7,22,0,30,0.0,0.0,0.0,29.0,1.6,296.0,0.05
2007-07-22 01:30:00-06:00,2007,7,22,1,30,0.0,0.0,0.0,29.0,1.9,287.0,0.05
2007-07-22 02:30:00-06:00,2007,7,22,2,30,0.0,0.0,0.0,29.0,2.5,291.0,0.05
2007-07-22 03:30:00-06:00,2007,7,22,3,30,0.0,0.0,0.0,28.0,2.8000000000000003,296.0,0.05
2007-07-22 04:30:00-06:00,2007,7,22,4,30,0.0,0.0,0.0,28.0,2.5,303.0,0.05
2007-07-22 05:30:00-06:00,2007,7,22,5,30,13.0,0.0,13.0,28.0,2.0,317.0,0.05
2007-07-22 06:30:00-06:00,2007,7,22,6,30,138.0,198.0,88.0,28.0,1.6,339.0,0.05
2007-07-22 07:30:00-06:00,2007,7,22,7,30,387.0,641.0,93.0,28.0,1.4,2.0,0.05
2007-07-22 08:30:00-06:00,2007,7,22,8,30,592.0,747.0,109.0,28.0,1.2000000000000002,19.0,0.05
2007-07-22 09:30:00-06:00,2007,7,22,9,30,768.0,810.0,118.0,29.0,1.3,11.0,0.05
2007-07-22 10:30:00-06:00,2007,7,22,10,30,899.0,844.0,126.0,29.0,1.7000000000000002,355.0,0.05
2007-07-22 11:30:00-06:00,2007,7,22,11,30,862.0,455.0,417.0,29.0,2.1,350.0,0.05
2007-07-22 12:30:00-06:00,2007,7,22,12,30,730.0,243.0,490.0,29.0,2.4000000000000004,352.0,0.05
2007-07-22 13:30:00-06:00,2007,7,22,13,30,347.0,20.0,328.0,29.0,2.7,356.0,0.05
2007-07-22 14:30:00-06:00,2007,7,22,14,30,802.0,776.0,154.0,29.0,2.9000000000000004,2.0,0.05
2007-07-22 15:30:00-06:00,2007,7,22,15,30,638.0,723.0,140.0,29.0,3.0,10.0,0.05
2007-07-22 16:30:00-06:00,2007,7,22,16,30,439.0,629.0,120.0,29.0,3.0,18.0,0.05
2007-07-22 17:30:00-06:00,2007,7,22,17,30,227.0,460.0,89.0,29.0,3.0,26.0,0.05
2007-07-22 18:30:00-06:00,2007,7,22,18,30,43.0,134.0,32.0,29.0,3.1,32.0,0.05
2007-07-22 19:30:00-06:00,2007,7,22,19,30,0.0,0.0,0.0,29.0,3.2,36.0,0.05
2007-07-22 20:30:00-06:00,2007,7,22,20,30,0.0,0.0,0.0,29.0,3.2,41.0,0.05
2007-07-22 21:30:00-06:00,2007,7,22,21,30,0.0,0.0,0.0,29.0,2.9000000000000004,49.0,0.05
2007-07-22 22:30:00-06:00,2007,7,22,22,30,0.0,0.0,0.0,29.0,2.5,60.0,0.05
2007-07-22 23:30:00-06:00,2007,7,22,23,30,0.0,0.0,0.0,28.0,2.0,70.0,0.05
2007-07-23 00:30:00-06:00,2007,7,23,0,30,0.0,0.0,0.0,28.0,1.6,70.0,0.05
2007-07-23 01:30:00-06:00,2007,7,23,1,30,0.0,0.0,0.0,28.0,1.3,60.0,0.05
2007-07-23 02:30:00-06:00,2007,7,23,2,30,0.0,0.0,0.0,28.0,1.0,59.0,0.05
2007-07-23 03:30:00-06:00,2007,7,23,3,30,0.0,0.0,0.0,28.0,1.0,50.0,0.05
2007-07-23 04:30:00-06:00,2007,7,23,4,30,0.0,0.0,0.0,28.0,1.3,17.0,0.05
2007-07-23 05:30:00-06:00,2007,7,23,5,30,13.0,0.0,13.0,28.0,1.6,2.0,0.05
2007-07-23 06:30:00-06:00,2007,7,23,6,30,145.0,247.0,84.0,28.0,1.8,357.0,0.05
2007-07-23 07:30:00-06:00,2007,7,23,7,30,324.0,349.0,164.0,28.0,1.9,355.0,0.05
2007-07-23 08:30:00-06:00,2007,7,23,8,30,589.0,692.0,142.0,29.0,1.9,353.0,0.05
2007-07-23 09:30:00-06:00,2007,7,23,9,30,754.0,707.0,187.0,29.0,1.7000000000000002,350.0,0.05
2007-07-23 10:30:00-06:00,2007,7,23,10,30,885.0,755.0,193.0,29.0,1.6,345.0,0.05
2007-07-23 11:30:00-06:00,2007,7,23,11,30,958.0,782.0,194.0,29.0,1.5,341.0,0.05
2007-07-23 12:30:00-06:00,2007,7,23,12,30,968.0,789.0,191.0,29.0,1.2000000000000002,337.0,0.05
2007-07-23 13:30:00-06:00,2007,7,23,13,30,912.0,777.0,185.0,29.0,1.1,330.0,0.05
2007-07-23 14:30:00-06:00,2007,7,23,14,30,797.0,747.0,173.0,30.0,1.0,317.0,0.05
2007-07-23 15:30:00-06:00,2007,7,23,15,30,625.0,660.0,172.0,30.0,0.9,312.0,0.05
2007-07-23 16:30:00-06:00,2007,7,23,16,30,428.0,563.0,143.0,30.0,0.7000000000000001,323.0,0.05
2007-07-23 17:30:00-06:00,2007,7,23,17,30,219.0,390.0,102.0,29.0,0.5,352.0,0.05
2007-07-23 18:30:00-06:00,2007,7,23,18,30,39.0,95.0,31.0,29.0,0.5,45.0,0.05
2007-07-23 19:30:00-06:00,2007,7,23,19,30,0.0,0.0,0.0,29.0,0.6000000000000001,88.0,0.05
2007-07-23 20:30:00-06:00,2007,7,23,20,30,0.0,0.0,0.0,29.0,0.8,121.0,0.05
2007-07-23 21:30:00-06:00,2007,7,23,21,30,0.0,0.0,0.0,29.0,1.3,159.0,0.05
2007-07-23 22:30:00-06:00,2007,7,23,22,30,0.0,0.0,0.0,29.0,2.0,189.0,0.05
2007-07-23 23:30:00-06:00,2007,7,23,23,30,0.0,0.0,0.0,29.0,2.7,205.0,0.05
2007-07-24 00:30:00-06:00,2007,7,24,0,30,0.0,0.0,0.0,29.0,3.2,216.0,0.05
2007-07-24 01:30:00-06:00,2007,7,24,1,30,0.0,0.0,0.0,28.0,3.4000000000000004,226.0,0.05
2007-07-24 02:30:00-06:00,2007,7,24,2,30,0.0,0.0,0.0,28.0,3.3000000000000003,237.0,0.05
2007-07-24 03:30:00-06:00,2007,7,24,3,30,0.0,0.0,0.0,28.0,3.3000000000000003,246.0,0.05
2007-07-24 04:30:00-06:00,2007,7,24,4,30,0.0,0.0,0.0,28.0,3.3000000000000003,252.0,0.05
2007-07-24 05:30:00-06:00,2007,7,24,5,30,9.0,0.0,9.0,28.0,3.2,255.0,0.05
2007-07-24 06:30:00-06:00,2007,7,24,6,30,140.0,182.0,95.0,28.0,2.9000000000000004,257.0,0.05
2007-07-24 07:30:00-06:00,2007,7,24,7,30,380.0,560.0,125.0,29.0,2.6,264.0,0.05
2007-07-24 08:30:00-06:00,2007,7,24,8,30,584.0,676.0,148.0,29.0,2.3000000000000003,274.0,0.05
2007-07-24 09:30:00-06:00,2007,7,24,9,30,759.0,744.0,163.0,29.0,1.9,284.0,0.05
2007-07-24 10:30:00-06:00,2007,7,24,10,30,887.0,783.0,171.0,29.0,1.4,289.0,0.05
2007-07-24 11:30:00-06:00,2007,7,24,11,30,957.0,801.0,175.0,29.0,1.1,273.0,0.05
2007-07-24 12:30:00-06:00,2007,7,24,12,30,956.0,773.0,195.0,30.0,1.7000000000000002,207.0,0.05
2007-07-24 13:30:00-06:00,2007,7,24,13,30,899.0,758.0,190.0,29.0,3.0,179.0,0.05
2007-07-24 14:30:00-06:00,2007,7,24,14,30,682.0,414.0,336.0,29.0,4.2,174.0,0.05
2007-07-24 15:30:00-06:00,2007,7,24,15,30,591.0,558.0,207.0,29.0,4.9,175.0,0.05
2007-07-24 16:30:00-06:00,2007,7,24,16,30,377.0,397.0,177.0,28.0,5.300000000000001,178.0,0.05
2007-07-24 17:30:00-06:00,2007,7,24,17,30,208.0,406.0,87.0,28.0,5.300000000000001,183.0,0.05
2007-07-24 18:30:00-06:00,2007,7,24,18,30,37.0,89.0,30.0,28.0,5.2,189.0,0.05
2007-07-24 19:30:00-06:00,2007,7,24,19,30,0.0,0.0,0.0,28.0,5.0,196.0,0.05
2007-07-24 20:30:00-06:00,2007,7,24,20,30,0.0,0.0,0.0,28.0,4.800000000000001,203.0,0.05
2007-07-24 21:30:00-06:00,2007,7,24,21,30,0.0,0.0,0.0,28.0,4.6000000000000005,213.0,0.05
2007-07-24 22:30:00-06:00,2007,7,24,22,30,0.0,0.0,0.0,28.0,4.5,222.0,0.05
2007-07-24 23:30:00-06:00,2007,7,24,23,30,0.0,0.0,0.0,28.0,4.4,230.0,0.05
2007-07-25 00:30:00-06:00,2007,7,25,0,30,0.0,0.0,0.0,28.0,4.1000000000000005,238.0,0.05
2007-07-25 01:30:00-06:00,2007,7,25,1,30,0.0,0.0,0.0,28.0,4.0,245.0,0.05
2007-07-25 02:30:00-06:00,2007,7,25,2,30,0.0,0.0,0.0,28.0,3.8,250.0,0.05
2007-07-25 03:30:00-06:00,2007,7,25,3,30,0.0,0.0,0.0,28.0,3.5,247.0,0.05
2007-07-25 04:30:00-06:00,2007,7,25,4,30,0.0,0.0,0.0,28.0,3.3000000000000003,239.0,0.05
2007-07-25 05:30:00-06:00,2007,7,25,5,30,1.0,0.0,1.0,28.0,3.3000000000000003,228.0,0.05
2007-07-25 06:30:00-06:00,2007,7,25,6,30,63.0,0.0,63.0,28.0,3.4000000000000004,218.0,0.05
2007-07-25 07:30:00-06:00,2007,7,25,7,30,7.0,0.0,7.0,28.0,3.8,210.0,0.05
2007-07-25 08:30:00-06:00,2007,7,25,8,30,336.0,85.0,282.0,28.0,4.4,206.0,0.05
2007-07-25 09:30:00-06:00,2007,7,25,9,30,630.0,355.0,345.0,28.0,5.0,205.0,0.05
2007-07-25 10:30:00-06:00,2007,7,25,10,30,550.0,113.0,447.0,28.0,5.300000000000001,203.0,0.05
2007-07-25 11:30:00-06:00,2007,7,25,11,30,789.0,348.0,449.0,28.0,5.300000000000001,197.0,0.05
2007-07-25 12:30:00-06:00,2007,7,25,12,30,548.0,77.0,472.0,28.0,5.1000000000000005,190.0,0.05
2007-07-25 13:30:00-06:00,2007,7,25,13,30,441.0,42.0,401.0,28.0,4.9,184.0,0.05
2007-07-25 14:30:00-06:00,2007,7,25,14,30,589.0,231.0,396.0,28.0,4.800000000000001,184.0,0.05
2007-07-25 15:30:00-06:00,2007,7,25,15,30,417.0,149.0,314.0,28.0,4.800000000000001,189.0,0.05
2007-07-25 16:30:00-06:00,2007,7,25,16,30,310.0,200.0,210.0,28.0,4.6000000000000005,193.0,0.05
2007-07-25 17:30:00-06:00,2007,7,25,17,30,149.0,123.0,112.0,28.0,4.1000000000000005,198.0,0.05
2007-07-25 18:30:00-06:00,2007,7,25,18,30,25.0,0.0,25.0,28.0,3.7,207.0,0.05
2007-07-25 19:30:00-06:00,2007,7,25,19,30,0.0,0.0,0.0,28.0,3.4000000000000004,217.0,0.05
2007-07-25 20:30:00-06:00,2007,7,25,20,30,0.0,0.0,0.0,28.0,2.9000000000000004,226.0,0.05
2007-07-25 21:30:00-06:00,2007,7,25,21,30,0.0,0.0,0.0,28.0,2.3000000000000003,231.0,0.05
2007-07-25 22:30:00-06:00,2007,7,25,22,30,0.0,0.0,0.0,28.0,1.8,228.0,0.05
2007-07-25 23:30:00-06:00,2007,7,25,23,30,0.0,0.0,0.0,28.0,1.4,219.0,0.05
2007-07-26 00:30:00-06:00,2007,7,26,0,30,0.0,0.0,0.0,28.0,1.1,206.0,0.05
2007-07-26 01:30:00-06:00,2007,7,26,1,30,0.0,0.0,0.0,28.0,0.9,187.0,0.05
2007-07-26 02:30:00-06:00,2007,7,26,2,30,0.0,0.0,0.0,28.0,1.1,152.0,0.05
2007-07-26 03:30:00-06:00,2007,7,26,3,30,0.0,0.0,0.0,28.0,1.6,128.0,0.05
2007-07-26 04:30:00-06:00,2007,7,26,4,30,0.0,0.0,0.0,28.0,2.2,125.0,0.05
2007-07-26 05:30:00-06:00,2007,7,26,5,30,0.0,0.0,0.0,28.0,3.0,125.0,0.05
2007-07-26 06:30:00-06:00,2007,7,26,6,30,33.0,0.0,33.0,28.0,3.8,125.0,0.05
2007-07-26 07:30:00-06:00,2007,7,26,7,30,216.0,74.0,183.0,28.0,4.5,125.0,0.05
2007-07-26 08:30:00-06:00,2007,7,26,8,30,331.0,80.0,279.0,28.0,5.0,128.0,0.05
2007-07-26 09:30:00-06:00,2007,7,26,9,30,163.0,2.0,161.0,28.0,5.2,132.0,0.05
2007-07-26 10:30:00-06:00,2007,7,26,10,30,340.0,20.0,321.0,28.0,5.0,138.0,0.05
2007-07-26 11:30:00-06:00,2007,7,26,11,30,480.0,48.0,433.0,28.0,4.6000000000000005,140.0,0.05
2007-07-26 12:30:00-06:00,2007,7,26,12,30,438.0,33.0,405.0,28.0,4.3,140.0,0.05
2007-07-26 13:30:00-06:00,2007,7,26,13,30,370.0,24.0,348.0,28.0,4.3,137.0,0.05
2007-07-26 14:30:00-06:00,2007,7,26,14,30,393.0,46.0,354.0,28.0,4.5,141.0,0.05
2007-07-26 15:30:00-06:00,2007,7,26,15,30,232.0,12.0,223.0,28.0,4.800000000000001,151.0,0.05
2007-07-26 16:30:00-06:00,2007,7,26,16,30,191.0,21.0,181.0,28.0,4.9,158.0,0.05
2007-07-26 17:30:00-06:00,2007,7,26,17,30,103.0,8.0,100.0,28.0,4.9,161.0,0.05
2007-07-26 18:30:00-06:00,2007,7,26,18,30,19.0,0.0,19.0,28.0,4.5,163.0,0.05
2007-07-26 19:30:00-06:00,2007,7,26,19,30,0.0,0.0,0.0,28.0,3.8,164.0,0.05
2007-07-26 20:30:00-06:00,2007,7,26,20,30,0.0,0.0,0.0,28.0,3.0,162.0,0.05
2007-07-26 21:30:00-06:00,2007,7,26,21,30,0.0,0.0,0.0,28.0,2.6,156.0,0.05
2007-07-26 22:30:00-06:00,2007,7,26,22,30,0.0,0.0,0.0,28.0,2.6,148.0,0.05
2007-07-26 23:30:00-06:00,2007,7,26,23,30,0.0,0.0,0.0,28.0,2.9000000000000004,140.0,0.05
2007-07-27 00:30:00-06:00,2007,7,27,0,30,0.0,0.0,0.0,28.0,3.2,136.0,0.05
2007-07-27 01:30:00-06:00,2007,7,27,1,30,0.0,0.0,0.0,28.0,3.5,135.0,0.05
2007-07-27 02:30:00-06:00,2007,7,27,2,30,0.0,0.0,0.0,28.0,3.7,133.0,0.05
2007-07-27 03:30:00-06:00,2007,7,27,3,30,0.0,0.0,0.0,28.0,4.0,129.0,0.05
2007-07-27 04:30:00-06:00,2007,7,27,4,30,0.0,0.0,0.0,28.0,4.5,124.0,0.05
2007-07-27 05:30:00-06:00,2007,7,27,5,30,0.0,0.0,0.0,28.0,5.1000000000000005,120.0,0.05
2007-07-27 06:30:00-06:00,2007,7,27,6,30,34.0,0.0,34.0,28.0,5.6000000000000005,117.0,0.05
2007-07-27 07:30:00-06:00,2007,7,27,7,30,18.0,0.0,18.0,28.0,6.1000000000000005,116.0,0.05
2007-07-27 08:30:00-06:00,2007,7,27,8,30,24.0,0.0,24.0,28.0,6.4,117.0,0.05
2007-07-27 09:30:00-06:00,2007,7,27,9,30,44.0,0.0,44.0,28.0,6.5,121.0,0.05
2007-07-27 10:30:00-06:00,2007,7,27,10,30,99.0,0.0,99.0,28.0,6.4,128.0,0.05
2007-07-27 11:30:00-06:00,2007,7,27,11,30,165.0,4.0,160.0,27.0,6.300000000000001,135.0,0.05
2007-07-27 12:30:00-06:00,2007,7,27,12,30,87.0,0.0,87.0,27.0,6.1000000000000005,142.0,0.05
2007-07-27 13:30:00-06:00,2007,7,27,13,30,247.0,11.0,236.0,27.0,5.7,149.0,0.05
2007-07-27 14:30:00-06:00,2007,7,27,14,30,268.0,13.0,257.0,27.0,5.1000000000000005,158.0,0.05
2007-07-27 15:30:00-06:00,2007,7,27,15,30,149.0,0.0,149.0,27.0,4.3,171.0,0.05
2007-07-27 16:30:00-06:00,2007,7,27,16,30,261.0,102.0,210.0,27.0,3.6,179.0,0.05
2007-07-27 17:30:00-06:00,2007,7,27,17,30,173.0,231.0,105.0,27.0,3.4000000000000004,183.0,0.05
2007-07-27 18:30:00-06:00,2007,7,27,18,30,31.0,62.0,26.0,27.0,3.4000000000000004,185.0,0.04
2007-07-27 19:30:00-06:00,2007,7,27,19,30,0.0,0.0,0.0,27.0,3.5,186.0,0.04
2007-07-27 20:30:00-06:00,2007,7,27,20,30,0.0,0.0,0.0,27.0,3.5,186.0,0.04
2007-07-27 21:30:00-06:00,2007,7,27,21,30,0.0,0.0,0.0,27.0,3.4000000000000004,183.0,0.04
2007-07-27 22:30:00-06:00,2007,7,27,22,30,0.0,0.0,0.0,27.0,3.2,179.0,0.04
2007-07-27 23:30:00-06:00,2007,7,27,23,30,0.0,0.0,0.0,27.0,3.1,178.0,0.04
2007-07-28 00:30:00-06:00,2007,7,28,0,30,0.0,0.0,0.0,28.0,2.9000000000000004,181.0,0.04
2007-07-28 01:30:00-06:00,2007,7,28,1,30,0.0,0.0,0.0,27.0,2.8000000000000003,184.0,0.04
2007-07-28 02:30:00-06:00,2007,7,28,2,30,0.0,0.0,0.0,27.0,2.7,184.0,0.04
2007-07-28 03:30:00-06:00,2007,7,28,3,30,0.0,0.0,0.0,27.0,2.8000000000000003,182.0,0.04
2007-07-28 04:30:00-06:00,2007,7,28,4,30,0.0,0.0,0.0,27.0,3.0,178.0,0.04
2007-07-28 05:30:00-06:00,2007,7,28,5,30,0.0,0.0,0.0,27.0,3.3000000000000003,174.0,0.04
2007-07-28 06:30:00-06:00,2007,7,28,6,30,3.0,0.0,3.0,27.0,3.7,172.0,0.04
2007-07-28 07:30:00-06:00,2007,7,28,7,30,15.0,0.0,15.0,27.0,4.0,172.0,0.04
2007-07-28 08:30:00-06:00,2007,7,28,8,30,24.0,0.0,24.0,27.0,4.3,175.0,0.04
2007-07-28 09:30:00-06:00,2007,7,28,9,30,186.0,5.0,182.0,27.0,4.4,179.0,0.04
2007-07-28 10:30:00-06:00,2007,7,28,10,30,433.0,44.0,393.0,27.0,4.5,183.0,0.04
2007-07-28 11:30:00-06:00,2007,7,28,11,30,744.0,275.0,477.0,27.0,4.6000000000000005,188.0,0.04
2007-07-28 12:30:00-06:00,2007,7,28,12,30,748.0,271.0,482.0,27.0,4.9,193.0,0.04
2007-07-28 13:30:00-06:00,2007,7,28,13,30,694.0,257.0,454.0,27.0,5.0,196.0,0.04
2007-07-28 14:30:00-06:00,2007,7,28,14,30,681.0,420.0,333.0,27.0,5.1000000000000005,199.0,0.04
2007-07-28 15:30:00-06:00,2007,7,28,15,30,478.0,258.0,302.0,27.0,5.1000000000000005,203.0,0.04
2007-07-28 16:30:00-06:00,2007,7,28,16,30,285.0,148.0,211.0,27.0,5.1000000000000005,209.0,0.04
2007-07-28 17:30:00-06:00,2007,7,28,17,30,161.0,183.0,108.0,27.0,5.0,219.0,0.04
2007-07-28 18:30:00-06:00,2007,7,28,18,30,27.0,33.0,25.0,27.0,4.7,233.0,0.04
2007-07-28 19:30:00-06:00,2007,7,28,19,30,0.0,0.0,0.0,27.0,4.3,245.0,0.04
2007-07-28 20:30:00-06:00,2007,7,28,20,30,0.0,0.0,0.0,28.0,3.7,256.0,0.04
2007-07-28 21:30:00-06:00,2007,7,28,21,30,0.0,0.0,0.0,28.0,3.2,262.0,0.04
2007-07-28 22:30:00-06:00,2007,7,28,22,30,0.0,0.0,0.0,28.0,3.0,265.0,0.04
2007-07-28 23:30:00-06:00,2007,7,28,23,30,0.0,0.0,0.0,28.0,2.8000000000000003,267.0,0.04
2007-07-29 00:30:00-06:00,2007,7,29,0,30,0.0,0.0,0.0,28.0,2.8000000000000003,270.0,0.04
2007-07-29 01:30:00-06:00,2007,7,29,1,30,0.0,0.0,0.0,28.0,2.8000000000000003,274.0,0.04
2007-07-29 02:30:00-06:00,2007,7,29,2,30,0.0,0.0,0.0,28.0,2.7,280.0,0.04
2007-07-29 03:30:00-06:00,2007,7,29,3,30,0.0,0.0,0.0,28.0,2.6,282.0,0.04
2007-07-29 04:30:00-06:00,2007,7,29,4,30,0.0,0.0,0.0,28.0,2.4000000000000004,283.0,0.04
2007-07-29 05:30:00-06:00,2007,7,29,5,30,9.0,0.0,9.0,28.0,2.0,285.0,0.04
2007-07-29 06:30:00-06:00,2007,7,29,6,30,175.0,526.0,50.0,28.0,1.6,285.0,0.04
2007-07-29 07:30:00-06:00,2007,7,29,7,30,303.0,299.0,169.0,28.0,1.4,279.0,0.04
2007-07-29 08:30:00-06:00,2007,7,29,8,30,492.0,380.0,249.0,28.0,1.3,261.0,0.04
2007-07-29 09:30:00-06:00,2007,7,29,9,30,767.0,852.0,88.0,28.0,1.5,240.0,0.04
2007-07-29 10:30:00-06:00,2007,7,29,10,30,802.0,484.0,361.0,28.0,1.8,227.0,0.04
2007-07-29 11:30:00-06:00,2007,7,29,11,30,739.0,267.0,478.0,28.0,2.2,221.0,0.04
2007-07-29 12:30:00-06:00,2007,7,29,12,30,875.0,464.0,420.0,28.0,2.7,220.0,0.04
2007-07-29 13:30:00-06:00,2007,7,29,13,30,799.0,448.0,382.0,28.0,3.0,221.0,0.04
2007-07-29 14:30:00-06:00,2007,7,29,14,30,787.0,797.0,126.0,28.0,3.3000000000000003,224.0,0.04
2007-07-29 15:30:00-06:00,2007,7,29,15,30,525.0,366.0,276.0,28.0,3.4000000000000004,228.0,0.04
2007-07-29 16:30:00-06:00,2007,7,29,16,30,424.0,651.0,100.0,28.0,3.5,232.0,0.04
2007-07-29 17:30:00-06:00,2007,7,29,17,30,213.0,478.0,75.0,28.0,3.4000000000000004,236.0,0.04
2007-07-29 18:30:00-06:00,2007,7,29,18,30,35.0,123.0,26.0,28.0,3.1,238.0,0.04
2007-07-29 19:30:00-06:00,2007,7,29,19,30,0.0,0.0,0.0,28.0,2.8000000000000003,239.0,0.04
2007-07-29 20:30:00-06:00,2007,7,29,20,30,0.0,0.0,0.0,28.0,2.5,239.0,0.04
2007-07-29 21:30:00-06:00,2007,7,29,21,30,0.0,0.0,0.0,28.0,2.3000000000000003,240.0,0.04
2007-07-29 22:30:00-06:00,2007,7,29,22,30,0.0,0.0,0.0,28.0,2.2,242.0,0.04
2007-07-29 23:30:00-06:00,2007,7,29,23,30,0.0,0.0,0.0,28.0,2.2,248.0,0.04
2007-07-30 00:30:00-06:00,2007,7,30,0,30,0.0,0.0,0.0,28.0,2.3000000000000003,256.0,0.04
2007-07-30 01:30:00-06:00,2007,7,30,1,30,0.0,0.0,0.0,28.0,2.4000000000000004,265.0,0.04
2007-07-30 02:30:00-06:00,2007,7,30,2,30,0.0,0.0,0.0,28.0,2.6,275.0,0.04
2007-07-30 03:30:00-06:00,2007,7,30,3,30,0.0,0.0,0.0,28.0,2.7,282.0,0.04
2007-07-30 04:30:00-06:00,2007,7,30,4,30,0.0,0.0,0.0,28.0,2.8000000000000003,287.0,0.04
2007-07-30 05:30:00-06:00,2007,7,30,5,30,7.0,0.0,7.0,28.0,2.9000000000000004,292.0,0.04
2007-07-30 06:30:00-06:00,2007,7,30,6,30,162.0,394.0,69.0,28.0,2.9000000000000004,300.0,0.04
2007-07-30 07:30:00-06:00,2007,7,30,7,30,352.0,498.0,129.0,28.0,3.0,312.0,0.04
2007-07-30 08:30:00-06:00,2007,7,30,8,30,570.0,701.0,123.0,28.0,3.0,322.0,0.04
2007-07-30 09:30:00-06:00,2007,7,30,9,30,743.0,764.0,135.0,28.0,2.9000000000000004,329.0,0.04
2007-07-30 10:30:00-06:00,2007,7,30,10,30,774.0,446.0,367.0,28.0,2.7,329.0,0.04
2007-07-30 11:30:00-06:00,2007,7,30,11,30,835.0,433.0,413.0,28.0,2.7,322.0,0.04
2007-07-30 12:30:00-06:00,2007,7,30,12,30,811.0,390.0,429.0,29.0,2.8000000000000003,311.0,0.04
2007-07-30 13:30:00-06:00,2007,7,30,13,30,826.0,483.0,376.0,29.0,3.0,302.0,0.04
2007-07-30 14:30:00-06:00,2007,7,30,14,30,696.0,460.0,315.0,29.0,3.2,296.0,0.04
2007-07-30 15:30:00-06:00,2007,7,30,15,30,510.0,333.0,284.0,29.0,3.3000000000000003,294.0,0.04
2007-07-30 16:30:00-06:00,2007,7,30,16,30,335.0,281.0,196.0,29.0,3.4000000000000004,295.0,0.04
2007-07-30 17:30:00-06:00,2007,7,30,17,30,133.0,83.0,108.0,29.0,3.3000000000000003,296.0,0.04
2007-07-30 18:30:00-06:00,2007,7,30,18,30,20.0,0.0,20.0,29.0,3.1,296.0,0.04
2007-07-30 19:30:00-06:00,2007,7,30,19,30,0.0,0.0,0.0,29.0,3.0,294.0,0.04
2007-07-30 20:30:00-06:00,2007,7,30,20,30,0.0,0.0,0.0,29.0,2.9000000000000004,288.0,0.04
2007-07-30 21:30:00-06:00,2007,7,30,21,30,0.0,0.0,0.0,29.0,2.9000000000000004,281.0,0.04
2007-07-30 22:30:00-06:00,2007,7,30,22,30,0.0,0.0,0.0,29.0,3.2,273.0,0.04
2007-07-30 23:30:00-06:00,2007,7,30,23,30,0.0,0.0,0.0,28.0,3.6,270.0,0.04
2007-07-31 00:30:00-06:00,2007,7,31,0,30,0.0,0.0,0.0,28.0,4.0,273.0,0.04
2007-07-31 01:30:00-06:00,2007,7,31,1,30,0.0,0.0,0.0,28.0,4.3,279.0,0.04
2007-07-31 02:30:00-06:00,2007,7,31,2,30,0.0,0.0,0.0,28.0,4.6000000000000005,287.0,0.04
2007-07-31 03:30:00-06:00,2007,7,31,3,30,0.0,0.0,0.0,28.0,4.800000000000001,292.0,0.04
2007-07-31 04:30:00-06:00,2007,7,31,4,30,0.0,0.0,0.0,28.0,4.9,295.0,0.04
2007-07-31 05:30:00-06:00,2007,7,31,5,30,6.0,0.0,6.0,28.0,5.0,298.0,0.04
2007-07-31 06:30:00-06:00,2007,7,31,6,30,143.0,287.0,76.0,28.0,4.9,300.0,0.04
2007-07-31 07:30:00-06:00,2007,7,31,7,30,74.0,0.0,74.0,28.0,4.9,303.0,0.04
2007-07-31 08:30:00-06:00,2007,7,31,8,30,331.0,83.0,278.0,28.0,4.800000000000001,305.0,0.04
2007-07-31 09:30:00-06:00,2007,7,31,9,30,411.0,68.0,357.0,28.0,4.5,305.0,0.04
2007-07-31 10:30:00-06:00,2007,7,31,10,30,331.0,19.0,314.0,28.0,4.3,304.0,0.04
2007-07-31 11:30:00-06:00,2007,7,31,11,30,552.0,84.0,471.0,28.0,4.2,300.0,0.04
2007-07-31 12:30:00-06:00,2007,7,31,12,30,840.0,431.0,418.0,28.0,4.2,296.0,0.04
2007-07-31 13:30:00-06:00,2007,7,31,13,30,512.0,77.0,440.0,28.0,4.3,294.0,0.04
2007-07-31 14:30:00-06:00,2007,7,31,14,30,638.0,322.0,372.0,28.0,4.4,295.0,0.04
2007-07-31 15:30:00-06:00,2007,7,31,15,30,551.0,451.0,245.0,28.0,4.3,297.0,0.04
2007-07-31 16:30:00-06:00,2007,7,31,16,30,351.0,337.0,185.0,28.0,4.1000000000000005,300.0,0.04
2007-07-31 17:30:00-06:00,2007,7,31,17,30,104.0,15.0,99.0,28.0,4.0,302.0,0.04
2007-07-31 18:30:00-06:00,2007,7,31,18,30,24.0,10.0,23.0,29.0,3.3000000000000003,221.0,0.03
2007-07-31 19:30:00-06:00,2007,7,31,19,30,0.0,0.0,0.0,29.0,3.4000000000000004,216.0,0.03
2007-07-31 20:30:00-06:00,2007,7,31,20,30,0.0,0.0,0.0,29.0,3.5,214.0,0.03
2007-07-31 21:30:00-06:00,2007,7,31,21,30,0.0,0.0,0.0,29.0,3.7,210.0,0.03
2007-07-31 22:30:00-06:00,2007,7,31,22,30,0.0,0.0,0.0,29.0,3.9,208.0,0.03
2007-07-31 23:30:00-06:00,2007,7,31,23,30,0.0,0.0,0.0,29.0,4.3,210.0,0.03
2009-08-01 00:30:00-06:00,2009,8,1,0,30,0.0,0.0,0.0,29.0,4.6000000000000005,214.0,0.03
2009-08-01 01:30:00-06:00,2009,8,1,1,30,0.0,0.0,0.0,29.0,4.7,220.0,0.03
2009-08-01 02:30:00-06:00,2009,8,1,2,30,0.0,0.0,0.0,29.0,4.7,227.0,0.03
2009-08-01 03:30:00-06:00,2009,8,1,3,30,0.0,0.0,0.0,29.0,4.5,233.0,0.03
2009-08-01 04:30:00-06:00,2009,8,1,4,30,0.0,0.0,0.0,29.0,4.2,238.0,0.03
2009-08-01 05:30:00-06:00,2009,8,1,5,30,0.0,0.0,0.0,29.0,3.8,241.0,0.03
2009-08-01 06:30:00-06:00,2009,8,1,6,30,156.0,353.0,74.0,29.0,3.4000000000000004,242.0,0.03
2009-08-01 07:30:00-06:00,2009,8,1,7,30,365.0,581.0,107.0,29.0,3.2,241.0,0.03
2009-08-01 08:30:00-06:00,2009,8,1,8,30,571.0,704.0,124.0,29.0,3.0,240.0,0.03
2009-08-01 09:30:00-06:00,2009,8,1,9,30,739.0,731.0,159.0,29.0,2.9000000000000004,238.0,0.03
2009-08-01 10:30:00-06:00,2009,8,1,10,30,870.0,776.0,165.0,29.0,2.8000000000000003,236.0,0.03
2009-08-01 11:30:00-06:00,2009,8,1,11,30,813.0,410.0,415.0,30.0,2.8000000000000003,236.0,0.03
2009-08-01 12:30:00-06:00,2009,8,1,12,30,945.0,780.0,183.0,30.0,2.8000000000000003,235.0,0.03
2009-08-01 13:30:00-06:00,2009,8,1,13,30,889.0,767.0,178.0,30.0,2.8000000000000003,234.0,0.03
2009-08-01 14:30:00-06:00,2009,8,1,14,30,774.0,734.0,168.0,30.0,2.8000000000000003,231.0,0.03
2009-08-01 15:30:00-06:00,2009,8,1,15,30,609.0,676.0,152.0,30.0,2.8000000000000003,228.0,0.03
2009-08-01 16:30:00-06:00,2009,8,1,16,30,411.0,575.0,128.0,30.0,2.8000000000000003,222.0,0.03
2009-08-01 17:30:00-06:00,2009,8,1,17,30,202.0,389.0,92.0,30.0,3.0,213.0,0.03
2009-08-01 18:30:00-06:00,2009,8,1,18,30,28.0,50.0,25.0,29.0,3.3000000000000003,203.0,0.03
2009-08-01 19:30:00-06:00,2009,8,1,19,30,0.0,0.0,0.0,29.0,3.6,196.0,0.03
2009-08-01 20:30:00-06:00,2009,8,1,20,30,0.0,0.0,0.0,29.0,3.7,194.0,0.03
2009-08-01 21:30:00-06:00,2009,8,1,21,30,0.0,0.0,0.0,29.0,3.8,199.0,0.03
2009-08-01 22:30:00-06:00,2009,8,1,22,30,0.0,0.0,0.0,29.0,3.9,206.0,0.03
2009-08-01 23:30:00-06:00,2009,8,1,23,30,0.0,0.0,0.0,29.0,4.1000000000000005,212.0,0.03
2009-08-02 00:30:00-06:00,2009,8,2,0,30,0.0,0.0,0.0,29.0,4.4,214.0,0.03
2009-08-02 01:30:00-06:00,2009,8,2,1,30,0.0,0.0,0.0,29.0,4.6000000000000005,215.0,0.03
2009-08-02 02:30:00-06:00,2009,8,2,2,30,0.0,0.0,0.0,29.0,4.7,219.0,0.03
2009-08-02 03:30:00-06:00,2009,8,2,3,30,0.0,0.0,0.0,29.0,4.5,224.0,0.03
2009-08-02 04:30:00-06:00,2009,8,2,4,30,0.0,0.0,0.0,29.0,4.2,229.0,0.03
2009-08-02 05:30:00-06:00,2009,8,2,5,30,0.0,0.0,0.0,29.0,3.8,236.0,0.03
2009-08-02 06:30:00-06:00,2009,8,2,6,30,109.0,109.0,84.0,29.0,3.4000000000000004,242.0,0.03
2009-08-02 07:30:00-06:00,2009,8,2,7,30,282.0,236.0,177.0,29.0,3.1,251.0,0.03
2009-08-02 08:30:00-06:00,2009,8,2,8,30,558.0,634.0,155.0,29.0,2.9000000000000004,261.0,0.03
2009-08-02 09:30:00-06:00,2009,8,2,9,30,623.0,354.0,342.0,29.0,2.9000000000000004,271.0,0.03
2009-08-02 10:30:00-06:00,2009,8,2,10,30,774.0,453.0,363.0,30.0,3.1,281.0,0.03
2009-08-02 11:30:00-06:00,2009,8,2,11,30,929.0,759.0,193.0,30.0,3.2,288.0,0.03
2009-08-02 12:30:00-06:00,2009,8,2,12,30,935.0,753.0,199.0,30.0,3.2,294.0,0.03
2009-08-02 13:30:00-06:00,2009,8,2,13,30,767.0,405.0,392.0,30.0,3.0,296.0,0.03
2009-08-02 14:30:00-06:00,2009,8,2,14,30,353.0,31.0,326.0,30.0,2.7,296.0,0.03
2009-08-02 15:30:00-06:00,2009,8,2,15,30,317.0,52.0,282.0,30.0,2.4000000000000004,292.0,0.03
2009-08-02 16:30:00-06:00,2009,8,2,16,30,355.0,363.0,177.0,30.0,2.1,283.0,0.03
2009-08-02 17:30:00-06:00,2009,8,2,17,30,126.0,73.0,105.0,29.0,1.9,272.0,0.03
2009-08-02 18:30:00-06:00,2009,8,2,18,30,15.0,0.0,15.0,29.0,1.9,259.0,0.03
2009-08-02 19:30:00-06:00,2009,8,2,19,30,0.0,0.0,0.0,29.0,2.0,251.0,0.03
2009-08-02 20:30:00-06:00,2009,8,2,20,30,0.0,0.0,0.0,29.0,2.1,250.0,0.03
2009-08-02 21:30:00-06:00,2009,8,2,21,30,0.0,0.0,0.0,28.0,2.0,251.0,0.03
2009-08-02 22:30:00-06:00,2009,8,2,22,30,0.0,0.0,0.0,28.0,2.0,252.0,0.03
2009-08-02 23:30:00-06:00,2009,8,2,23,30,0.0,0.0,0.0,28.0,2.0,254.0,0.03
2009-08-03 00:30:00-06:00,2009,8,3,0,30,0.0,0.0,0.0,28.0,2.0,258.0,0.03
2009-08-03 01:30:00-06:00,2009,8,3,1,30,0.0,0.0,0.0,28.0,2.0,266.0,0.03
2009-08-03 02:30:00-06:00,2009,8,3,2,30,0.0,0.0,0.0,28.0,2.1,276.0,0.03
2009-08-03 03:30:00-06:00,2009,8,3,3,30,0.0,0.0,0.0,28.0,2.1,283.0,0.03
2009-08-03 04:30:00-06:00,2009,8,3,4,30,0.0,0.0,0.0,28.0,2.0,290.0,0.03
2009-08-03 05:30:00-06:00,2009,8,3,5,30,0.0,0.0,0.0,28.0,2.0,300.0,0.03
2009-08-03 06:30:00-06:00,2009,8,3,6,30,103.0,84.0,83.0,28.0,2.0,310.0,0.03
2009-08-03 07:30:00-06:00,2009,8,3,7,30,345.0,447.0,147.0,28.0,1.9,320.0,0.03
2009-08-03 08:30:00-06:00,2009,8,3,8,30,394.0,174.0,284.0,29.0,1.8,327.0,0.03
2009-08-03 09:30:00-06:00,2009,8,3,9,30,626.0,364.0,338.0,29.0,1.6,334.0,0.03
2009-08-03 10:30:00-06:00,2009,8,3,10,30,723.0,332.0,421.0,29.0,1.1,341.0,0.03
2009-08-03 11:30:00-06:00,2009,8,3,11,30,931.0,760.0,195.0,30.0,0.5,345.0,0.03
2009-08-03 12:30:00-06:00,2009,8,3,12,30,937.0,755.0,201.0,30.0,0.4,330.0,0.03
2009-08-03 13:30:00-06:00,2009,8,3,13,30,882.0,746.0,191.0,30.0,0.9,186.0,0.03
2009-08-03 14:30:00-06:00,2009,8,3,14,30,767.0,716.0,178.0,30.0,1.4,190.0,0.03
2009-08-03 15:30:00-06:00,2009,8,3,15,30,601.0,655.0,161.0,30.0,1.8,193.0,0.03
2009-08-03 16:30:00-06:00,2009,8,3,16,30,403.0,548.0,135.0,30.0,2.1,194.0,0.03
2009-08-03 17:30:00-06:00,2009,8,3,17,30,21.0,0.0,21.0,29.0,2.2,194.0,0.03
2009-08-03 18:30:00-06:00,2009,8,3,18,30,24.0,31.0,22.0,29.0,2.3000000000000003,194.0,0.03
2009-08-03 19:30:00-06:00,2009,8,3,19,30,0.0,0.0,0.0,29.0,2.3000000000000003,194.0,0.03
2009-08-03 20:30:00-06:00,2009,8,3,20,30,0.0,0.0,0.0,29.0,2.4000000000000004,193.0,0.03
2009-08-03 21:30:00-06:00,2009,8,3,21,30,0.0,0.0,0.0,29.0,2.4000000000000004,195.0,0.03
2009-08-03 22:30:00-06:00,2009,8,3,22,30,0.0,0.0,0.0,29.0,2.3000000000000003,198.0,0.03
2009-08-03 23:30:00-06:00,2009,8,3,23,30,0.0,0.0,0.0,29.0,2.1,201.0,0.03
2009-08-04 00:30:00-06:00,2009,8,4,0,30,0.0,0.0,0.0,28.0,1.8,202.0,0.03
2009-08-04 01:30:00-06:00,2009,8,4,1,30,0.0,0.0,0.0,28.0,1.3,203.0,0.03
2009-08-04 02:30:00-06:00,2009,8,4,2,30,0.0,0.0,0.0,28.0,0.8,198.0,0.03
2009-08-04 03:30:00-06:00,2009,8,4,3,30,0.0,0.0,0.0,28.0,0.5,180.0,0.03
2009-08-04 04:30:00-06:00,2009,8,4,4,30,0.0,0.0,0.0,28.0,0.4,134.0,0.03
2009-08-04 05:30:00-06:00,2009,8,4,5,30,0.0,0.0,0.0,29.0,0.6000000000000001,88.0,0.03
2009-08-04 06:30:00-06:00,2009,8,4,6,30,155.0,360.0,73.0,29.0,0.7000000000000001,74.0,0.03
2009-08-04 07:30:00-06:00,2009,8,4,7,30,366.0,591.0,107.0,29.0,0.8,74.0,0.03
2009-08-04 08:30:00-06:00,2009,8,4,8,30,575.0,713.0,125.0,29.0,0.8,95.0,0.03
2009-08-04 09:30:00-06:00,2009,8,4,9,30,754.0,782.0,136.0,30.0,1.0,127.0,0.03
2009-08-04 10:30:00-06:00,2009,8,4,10,30,885.0,821.0,142.0,30.0,1.4,153.0,0.03
2009-08-04 11:30:00-06:00,2009,8,4,11,30,958.0,840.0,144.0,30.0,1.7000000000000002,171.0,0.03
2009-08-04 12:30:00-06:00,2009,8,4,12,30,956.0,810.0,166.0,30.0,2.0,184.0,0.03
2009-08-04 13:30:00-06:00,2009,8,4,13,30,717.0,302.0,438.0,30.0,2.2,193.0,0.03
2009-08-04 14:30:00-06:00,2009,8,4,14,30,780.0,766.0,151.0,30.0,2.3000000000000003,200.0,0.03
2009-08-04 15:30:00-06:00,2009,8,4,15,30,607.0,683.0,149.0,30.0,2.2,202.0,0.03
2009-08-04 16:30:00-06:00,2009,8,4,16,30,407.0,581.0,125.0,30.0,2.1,200.0,0.03
2009-08-04 17:30:00-06:00,2009,8,4,17,30,170.0,249.0,102.0,29.0,2.1,194.0,0.03
2009-08-04 18:30:00-06:00,2009,8,4,18,30,24.0,55.0,21.0,29.0,2.1,186.0,0.03
2009-08-04 19:30:00-06:00,2009,8,4,19,30,0.0,0.0,0.0,29.0,2.2,177.0,0.03
2009-08-04 20:30:00-06:00,2009,8,4,20,30,0.0,0.0,0.0,29.0,2.3000000000000003,168.0,0.03
2009-08-04 21:30:00-06:00,2009,8,4,21,30,0.0,0.0,0.0,29.0,2.4000000000000004,165.0,0.03
2009-08-04 22:30:00-06:00,2009,8,4,22,30,0.0,0.0,0.0,29.0,2.3000000000000003,166.0,0.03
2009-08-04 23:30:00-06:00,2009,8,4,23,30,0.0,0.0,0.0,29.0,2.2,168.0,0.03
2009-08-05 00:30:00-06:00,2009,8,5,0,30,0.0,0.0,0.0,29.0,2.0,171.0,0.03
2009-08-05 01:30:00-06:00,2009,8,5,1,30,0.0,0.0,0.0,28.0,1.5,174.0,0.03
2009-08-05 02:30:00-06:00,2009,8,5,2,30,0.0,0.0,0.0,28.0,1.0,178.0,0.03
2009-08-05 03:30:00-06:00,2009,8,5,3,30,0.0,0.0,0.0,28.0,0.4,176.0,0.03
2009-08-05 04:30:00-06:00,2009,8,5,4,30,0.0,0.0,0.0,28.0,0.4,90.0,0.03
2009-08-05 05:30:00-06:00,2009,8,5,5,30,0.0,0.0,0.0,28.0,0.8,37.0,0.03
2009-08-05 06:30:00-06:00,2009,8,5,6,30,126.0,218.0,77.0,29.0,1.1,36.0,0.03
2009-08-05 07:30:00-06:00,2009,8,5,7,30,369.0,622.0,96.0,29.0,1.2000000000000002,39.0,0.03
2009-08-05 08:30:00-06:00,2009,8,5,8,30,576.0,732.0,115.0,29.0,1.0,43.0,0.03
2009-08-05 09:30:00-06:00,2009,8,5,9,30,662.0,469.0,291.0,29.0,0.7000000000000001,64.0,0.03
2009-08-05 10:30:00-06:00,2009,8,5,10,30,886.0,833.0,132.0,30.0,1.1,140.0,0.03
2009-08-05 11:30:00-06:00,2009,8,5,11,30,959.0,852.0,135.0,30.0,1.9,183.0,0.03
2009-08-05 12:30:00-06:00,2009,8,5,12,30,962.0,839.0,145.0,30.0,2.4000000000000004,200.0,0.03
2009-08-05 13:30:00-06:00,2009,8,5,13,30,903.0,823.0,142.0,30.0,2.3000000000000003,215.0,0.03
2009-08-05 14:30:00-06:00,2009,8,5,14,30,782.0,786.0,138.0,30.0,2.0,242.0,0.03
2009-08-05 15:30:00-06:00,2009,8,5,15,30,613.0,725.0,128.0,30.0,1.8,262.0,0.03
2009-08-05 16:30:00-06:00,2009,8,5,16,30,411.0,624.0,109.0,30.0,1.8,253.0,0.03
2009-08-05 17:30:00-06:00,2009,8,5,17,30,198.0,434.0,79.0,30.0,2.0,231.0,0.03
2009-08-05 18:30:00-06:00,2009,8,5,18,30,23.0,69.0,20.0,30.0,2.3000000000000003,220.0,0.03
2009-08-05 19:30:00-06:00,2009,8,5,19,30,0.0,0.0,0.0,29.0,2.5,214.0,0.03
2009-08-05 20:30:00-06:00,2009,8,5,20,30,0.0,0.0,0.0,29.0,2.7,207.0,0.03
2009-08-05 21:30:00-06:00,2009,8,5,21,30,0.0,0.0,0.0,29.0,2.8000000000000003,204.0,0.03
2009-08-05 22:30:00-06:00,2009,8,5,22,30,0.0,0.0,0.0,29.0,2.8000000000000003,204.0,0.03
2009-08-05 23:30:00-06:00,2009,8,5,23,30,0.0,0.0,0.0,28.0,2.8000000000000003,208.0,0.03
2009-08-06 00:30:00-06:00,2009,8,6,0,30,0.0,0.0,0.0,28.0,2.7,214.0,0.03
2009-08-06 01:30:00-06:00,2009,8,6,1,30,0.0,0.0,0.0,28.0,2.6,222.0,0.03
2009-08-06 02:30:00-06:00,2009,8,6,2,30,0.0,0.0,0.0,28.0,2.4000000000000004,229.0,0.03
2009-08-06 03:30:00-06:00,2009,8,6,3,30,0.0,0.0,0.0,28.0,2.2,238.0,0.03
2009-08-06 04:30:00-06:00,2009,8,6,4,30,0.0,0.0,0.0,28.0,2.2,249.0,0.03
2009-08-06 05:30:00-06:00,2009,8,6,5,30,0.0,0.0,0.0,28.0,2.2,262.0,0.03
2009-08-06 06:30:00-06:00,2009,8,6,6,30,153.0,382.0,67.0,28.0,2.3000000000000003,275.0,0.03
2009-08-06 07:30:00-06:00,2009,8,6,7,30,363.0,603.0,100.0,29.0,2.4000000000000004,285.0,0.03
2009-08-06 08:30:00-06:00,2009,8,6,8,30,570.0,718.0,118.0,29.0,2.4000000000000004,292.0,0.03
2009-08-06 09:30:00-06:00,2009,8,6,9,30,731.0,713.0,169.0,29.0,2.5,300.0,0.03
2009-08-06 10:30:00-06:00,2009,8,6,10,30,858.0,747.0,183.0,29.0,2.5,308.0,0.03
2009-08-06 11:30:00-06:00,2009,8,6,11,30,928.0,764.0,190.0,29.0,2.4000000000000004,310.0,0.03
2009-08-06 12:30:00-06:00,2009,8,6,12,30,749.0,282.0,474.0,29.0,2.2,310.0,0.03
2009-08-06 13:30:00-06:00,2009,8,6,13,30,829.0,504.0,364.0,29.0,1.9,310.0,0.03
2009-08-06 14:30:00-06:00,2009,8,6,14,30,646.0,352.0,358.0,29.0,1.4,308.0,0.03
2009-08-06 15:30:00-06:00,2009,8,6,15,30,587.0,614.0,177.0,29.0,1.0,302.0,0.03
2009-08-06 16:30:00-06:00,2009,8,6,16,30,351.0,371.0,172.0,29.0,0.7000000000000001,299.0,0.03
2009-08-06 17:30:00-06:00,2009,8,6,17,30,125.0,87.0,101.0,29.0,0.3,296.0,0.03
2009-08-06 18:30:00-06:00,2009,8,6,18,30,12.0,0.0,12.0,29.0,0.2,260.0,0.03
2009-08-06 19:30:00-06:00,2009,8,6,19,30,0.0,0.0,0.0,28.0,0.5,138.0,0.03
2009-08-06 20:30:00-06:00,2009,8,6,20,30,0.0,0.0,0.0,28.0,0.6000000000000001,139.0,0.03
2009-08-06 21:30:00-06:00,2009,8,6,21,30,0.0,0.0,0.0,28.0,0.9,141.0,0.03
2009-08-06 22:30:00-06:00,2009,8,6,22,30,0.0,0.0,0.0,28.0,1.2000000000000002,146.0,0.03
2009-08-06 23:30:00-06:00,2009,8,6,23,30,0.0,0.0,0.0,28.0,1.4,149.0,0.03
2009-08-07 00:30:00-06:00,2009,8,7,0,30,0.0,0.0,0.0,28.0,1.2000000000000002,149.0,0.03
2009-08-07 01:30:00-06:00,2009,8,7,1,30,0.0,0.0,0.0,28.0,1.0,140.0,0.03
2009-08-07 02:30:00-06:00,2009,8,7,2,30,0.0,0.0,0.0,28.0,0.8,120.0,0.03
2009-08-07 03:30:00-06:00,2009,8,7,3,30,0.0,0.0,0.0,28.0,0.9,88.0,0.03
2009-08-07 04:30:00-06:00,2009,8,7,4,30,0.0,0.0,0.0,28.0,1.2000000000000002,53.0,0.03
2009-08-07 05:30:00-06:00,2009,8,7,5,30,0.0,0.0,0.0,28.0,1.6,37.0,0.03
2009-08-07 06:30:00-06:00,2009,8,7,6,30,152.0,382.0,67.0,28.0,2.1,36.0,0.03
2009-08-07 07:30:00-06:00,2009,8,7,7,30,363.0,605.0,99.0,28.0,2.5,40.0,0.03
2009-08-07 08:30:00-06:00,2009,8,7,8,30,570.0,719.0,118.0,29.0,2.8000000000000003,46.0,0.03
2009-08-07 09:30:00-06:00,2009,8,7,9,30,646.0,431.0,307.0,29.0,2.9000000000000004,50.0,0.03
2009-08-07 10:30:00-06:00,2009,8,7,10,30,875.0,815.0,140.0,29.0,3.0,54.0,0.03
2009-08-07 11:30:00-06:00,2009,8,7,11,30,692.0,215.0,484.0,29.0,3.0,57.0,0.03
2009-08-07 12:30:00-06:00,2009,8,7,12,30,659.0,171.0,492.0,29.0,3.0,60.0,0.03
2009-08-07 13:30:00-06:00,2009,8,7,13,30,764.0,409.0,387.0,29.0,2.9000000000000004,64.0,0.03
2009-08-07 14:30:00-06:00,2009,8,7,14,30,161.0,2.0,159.0,29.0,2.9000000000000004,70.0,0.03
2009-08-07 15:30:00-06:00,2009,8,7,15,30,422.0,178.0,303.0,29.0,2.9000000000000004,75.0,0.03
2009-08-07 16:30:00-06:00,2009,8,7,16,30,410.0,652.0,98.0,29.0,3.1,78.0,0.03
2009-08-07 17:30:00-06:00,2009,8,7,17,30,198.0,485.0,68.0,29.0,3.5,82.0,0.03
2009-08-07 18:30:00-06:00,2009,8,7,18,30,23.0,108.0,18.0,29.0,3.9,87.0,0.03
2009-08-07 19:30:00-06:00,2009,8,7,19,30,0.0,0.0,0.0,29.0,4.2,93.0,0.03
2009-08-07 20:30:00-06:00,2009,8,7,20,30,0.0,0.0,0.0,29.0,4.5,100.0,0.03
2009-08-07 21:30:00-06:00,2009,8,7,21,30,0.0,0.0,0.0,29.0,4.6000000000000005,107.0,0.03
2009-08-07 22:30:00-06:00,2009,8,7,22,30,0.0,0.0,0.0,29.0,4.800000000000001,113.0,0.03
2009-08-07 23:30:00-06:00,2009,8,7,23,30,0.0,0.0,0.0,29.0,4.7,118.0,0.03
2009-08-08 00:30:00-06:00,2009,8,8,0,30,0.0,0.0,0.0,28.0,4.6000000000000005,122.0,0.03
2009-08-08 01:30:00-06:00,2009,8,8,1,30,0.0,0.0,0.0,28.0,4.5,125.0,0.03
2009-08-08 02:30:00-06:00,2009,8,8,2,30,0.0,0.0,0.0,28.0,4.3,129.0,0.03
2009-08-08 03:30:00-06:00,2009,8,8,3,30,0.0,0.0,0.0,28.0,4.2,132.0,0.03
2009-08-08 04:30:00-06:00,2009,8,8,4,30,0.0,0.0,0.0,28.0,4.1000000000000005,135.0,0.03
2009-08-08 05:30:00-06:00,2009,8,8,5,30,0.0,0.0,0.0,28.0,4.1000000000000005,137.0,0.03
2009-08-08 06:30:00-06:00,2009,8,8,6,30,152.0,426.0,59.0,29.0,4.1000000000000005,138.0,0.03
2009-08-08 07:30:00-06:00,2009,8,8,7,30,18.0,0.0,18.0,29.0,4.0,138.0,0.03
2009-08-08 08:30:00-06:00,2009,8,8,8,30,312.0,69.0,268.0,29.0,3.8,140.0,0.03
2009-08-08 09:30:00-06:00,2009,8,8,9,30,244.0,12.0,234.0,29.0,3.4000000000000004,141.0,0.03
2009-08-08 10:30:00-06:00,2009,8,8,10,30,801.0,500.0,350.0,29.0,3.0,140.0,0.03
2009-08-08 11:30:00-06:00,2009,8,8,11,30,802.0,400.0,416.0,29.0,2.7,135.0,0.03
2009-08-08 12:30:00-06:00,2009,8,8,12,30,826.0,427.0,412.0,29.0,2.4000000000000004,126.0,0.03
2009-08-08 13:30:00-06:00,2009,8,8,13,30,881.0,784.0,160.0,29.0,2.2,114.0,0.03
2009-08-08 14:30:00-06:00,2009,8,8,14,30,764.0,755.0,150.0,29.0,2.2,104.0,0.03
2009-08-08 15:30:00-06:00,2009,8,8,15,30,598.0,700.0,134.0,29.0,2.3000000000000003,97.0,0.03
2009-08-08 16:30:00-06:00,2009,8,8,16,30,399.0,604.0,111.0,29.0,2.6,94.0,0.03
2009-08-08 17:30:00-06:00,2009,8,8,17,30,189.0,423.0,77.0,29.0,2.8000000000000003,96.0,0.03
2009-08-08 18:30:00-06:00,2009,8,8,18,30,20.0,63.0,17.0,29.0,3.1,101.0,0.03
2009-08-08 19:30:00-06:00,2009,8,8,19,30,0.0,0.0,0.0,29.0,3.3000000000000003,108.0,0.03
2009-08-08 20:30:00-06:00,2009,8,8,20,30,0.0,0.0,0.0,29.0,3.4000000000000004,117.0,0.03
2009-08-08 21:30:00-06:00,2009,8,8,21,30,0.0,0.0,0.0,29.0,3.5,128.0,0.03
2009-08-08 22:30:00-06:00,2009,8,8,22,30,0.0,0.0,0.0,29.0,3.6,139.0,0.03
2009-08-08 23:30:00-06:00,2009,8,8,23,30,0.0,0.0,0.0,29.0,3.6,148.0,0.03
2009-08-09 00:30:00-06:00,2009,8,9,0,30,0.0,0.0,0.0,29.0,3.5,156.0,0.03
2009-08-09 01:30:00-06:00,2009,8,9,1,30,0.0,0.0,0.0,29.0,3.5,160.0,0.03
2009-08-09 02:30:00-06:00,2009,8,9,2,30,0.0,0.0,0.0,29.0,3.5,162.0,0.03
2009-08-09 03:30:00-06:00,2009,8,9,3,30,0.0,0.0,0.0,29.0,3.4000000000000004,163.0,0.03
2009-08-09 04:30:00-06:00,2009,8,9,4,30,0.0,0.0,0.0,29.0,3.3000000000000003,162.0,0.03
2009-08-09 05:30:00-06:00,2009,8,9,5,30,0.0,0.0,0.0,29.0,3.3000000000000003,161.0,0.03
2009-08-09 06:30:00-06:00,2009,8,9,6,30,154.0,453.0,55.0,29.0,3.2,161.0,0.03
2009-08-09 07:30:00-06:00,2009,8,9,7,30,366.0,665.0,79.0,30.0,3.0,162.0,0.03
2009-08-09 08:30:00-06:00,2009,8,9,8,30,575.0,769.0,93.0,30.0,2.8000000000000003,165.0,0.03
2009-08-09 09:30:00-06:00,2009,8,9,9,30,752.0,828.0,102.0,30.0,2.5,168.0,0.03
2009-08-09 10:30:00-06:00,2009,8,9,10,30,882.0,860.0,108.0,30.0,2.1,171.0,0.03
2009-08-09 11:30:00-06:00,2009,8,9,11,30,716.0,249.0,477.0,30.0,1.8,176.0,0.03
2009-08-09 12:30:00-06:00,2009,8,9,12,30,961.0,879.0,109.0,30.0,1.5,181.0,0.03
2009-08-09 13:30:00-06:00,2009,8,9,13,30,902.0,867.0,107.0,30.0,1.2000000000000002,182.0,0.03
2009-08-09 14:30:00-06:00,2009,8,9,14,30,783.0,838.0,102.0,30.0,1.1,173.0,0.03
2009-08-09 15:30:00-06:00,2009,8,9,15,30,614.0,788.0,93.0,30.0,1.2000000000000002,155.0,0.03
2009-08-09 16:30:00-06:00,2009,8,9,16,30,411.0,698.0,80.0,30.0,1.5,134.0,0.03
2009-08-09 17:30:00-06:00,2009,8,9,17,30,197.0,524.0,59.0,30.0,1.9,123.0,0.03
2009-08-09 18:30:00-06:00,2009,8,9,18,30,21.0,110.0,16.0,30.0,2.4000000000000004,120.0,0.03
2009-08-09 19:30:00-06:00,2009,8,9,19,30,0.0,0.0,0.0,30.0,2.8000000000000003,120.0,0.03
2009-08-09 20:30:00-06:00,2009,8,9,20,30,0.0,0.0,0.0,29.0,3.1,122.0,0.03
2009-08-09 21:30:00-06:00,2009,8,9,21,30,0.0,0.0,0.0,29.0,3.2,127.0,0.03
2009-08-09 22:30:00-06:00,2009,8,9,22,30,0.0,0.0,0.0,29.0,3.1,135.0,0.03
2009-08-09 23:30:00-06:00,2009,8,9,23,30,0.0,0.0,0.0,29.0,2.8000000000000003,142.0,0.03
2009-08-10 00:30:00-06:00,2009,8,10,0,30,0.0,0.0,0.0,29.0,2.5,150.0,0.03
2009-08-10 01:30:00-06:00,2009,8,10,1,30,0.0,0.0,0.0,29.0,2.2,158.0,0.03
2009-08-10 02:30:00-06:00,2009,8,10,2,30,0.0,0.0,0.0,29.0,1.8,166.0,0.03
2009-08-10 03:30:00-06:00,2009,8,10,3,30,0.0,0.0,0.0,29.0,1.3,170.0,0.03
2009-08-10 04:30:00-06:00,2009,8,10,4,30,0.0,0.0,0.0,29.0,0.9,166.0,0.03
2009-08-10 05:30:00-06:00,2009,8,10,5,30,0.0,0.0,0.0,29.0,0.7000000000000001,144.0,0.03
2009-08-10 06:30:00-06:00,2009,8,10,6,30,71.0,0.0,71.0,29.0,0.9,102.0,0.03
2009-08-10 07:30:00-06:00,2009,8,10,7,30,255.0,186.0,174.0,29.0,1.3,75.0,0.03
2009-08-10 08:30:00-06:00,2009,8,10,8,30,571.0,765.0,94.0,29.0,1.8,64.0,0.03
2009-08-10 09:30:00-06:00,2009,8,10,9,30,746.0,815.0,107.0,29.0,2.1,61.0,0.03
2009-08-10 10:30:00-06:00,2009,8,10,10,30,666.0,257.0,434.0,30.0,2.2,61.0,0.03
2009-08-10 11:30:00-06:00,2009,8,10,11,30,662.0,183.0,486.0,30.0,2.3000000000000003,59.0,0.03
2009-08-10 12:30:00-06:00,2009,8,10,12,30,864.0,472.0,407.0,30.0,2.3000000000000003,58.0,0.03
2009-08-10 13:30:00-06:00,2009,8,10,13,30,795.0,465.0,368.0,30.0,2.2,60.0,0.03
2009-08-10 14:30:00-06:00,2009,8,10,14,30,773.0,809.0,117.0,30.0,2.0,62.0,0.03
2009-08-10 15:30:00-06:00,2009,8,10,15,30,605.0,756.0,106.0,30.0,2.0,65.0,0.03
2009-08-10 16:30:00-06:00,2009,8,10,16,30,392.0,587.0,116.0,30.0,2.0,70.0,0.03
2009-08-10 17:30:00-06:00,2009,8,10,17,30,142.0,181.0,94.0,30.0,2.0,74.0,0.03
2009-08-10 18:30:00-06:00,2009,8,10,18,30,14.0,0.0,14.0,29.0,2.2,76.0,0.03
2009-08-10 19:30:00-06:00,2009,8,10,19,30,0.0,0.0,0.0,29.0,2.5,79.0,0.03
2009-08-10 20:30:00-06:00,2009,8,10,20,30,0.0,0.0,0.0,29.0,2.6,84.0,0.03
2009-08-10 21:30:00-06:00,2009,8,10,21,30,0.0,0.0,0.0,29.0,2.6,87.0,0.03
2009-08-10 22:30:00-06:00,2009,8,10,22,30,0.0,0.0,0.0,29.0,2.5,89.0,0.03
2009-08-10 23:30:00-06:00,2009,8,10,23,30,0.0,0.0,0.0,29.0,2.3000000000000003,89.0,0.03
2009-08-11 00:30:00-06:00,2009,8,11,0,30,0.0,0.0,0.0,29.0,2.0,88.0,0.03
2009-08-11 01:30:00-06:00,2009,8,11,1,30,0.0,0.0,0.0,29.0,1.8,84.0,0.03
2009-08-11 02:30:00-06:00,2009,8,11,2,30,0.0,0.0,0.0,29.0,1.6,79.0,0.03
2009-08-11 03:30:00-06:00,2009,8,11,3,30,0.0,0.0,0.0,29.0,1.6,76.0,0.03
2009-08-11 04:30:00-06:00,2009,8,11,4,30,0.0,0.0,0.0,29.0,1.6,72.0,0.03
2009-08-11 05:30:00-06:00,2009,8,11,5,30,0.0,0.0,0.0,29.0,1.7000000000000002,69.0,0.03
2009-08-11 06:30:00-06:00,2009,8,11,6,30,71.0,0.0,71.0,29.0,1.7000000000000002,66.0,0.03
2009-08-11 07:30:00-06:00,2009,8,11,7,30,265.0,221.0,171.0,29.0,1.8,62.0,0.03
2009-08-11 08:30:00-06:00,2009,8,11,8,30,36.0,0.0,36.0,29.0,1.8,54.0,0.03
2009-08-11 09:30:00-06:00,2009,8,11,9,30,185.0,4.0,181.0,29.0,1.5,48.0,0.03
2009-08-11 10:30:00-06:00,2009,8,11,10,30,158.0,3.0,155.0,30.0,1.2000000000000002,39.0,0.03
2009-08-11 11:30:00-06:00,2009,8,11,11,30,805.0,411.0,410.0,30.0,0.8,23.0,0.03
2009-08-11 12:30:00-06:00,2009,8,11,12,30,863.0,472.0,407.0,30.0,0.7000000000000001,352.0,0.03
2009-08-11 13:30:00-06:00,2009,8,11,13,30,893.0,847.0,118.0,30.0,0.9,315.0,0.03
2009-08-11 14:30:00-06:00,2009,8,11,14,30,644.0,363.0,350.0,30.0,1.3,299.0,0.03
2009-08-11 15:30:00-06:00,2009,8,11,15,30,482.0,309.0,278.0,30.0,1.6,301.0,0.03
2009-08-11 16:30:00-06:00,2009,8,11,16,30,386.0,564.0,121.0,30.0,1.7000000000000002,310.0,0.03
2009-08-11 17:30:00-06:00,2009,8,11,17,30,162.0,307.0,83.0,30.0,1.8,319.0,0.03
2009-08-11 18:30:00-06:00,2009,8,11,18,30,14.0,0.0,14.0,29.0,1.7000000000000002,330.0,0.03
2009-08-11 19:30:00-06:00,2009,8,11,19,30,0.0,0.0,0.0,29.0,1.5,344.0,0.03
2009-08-11 20:30:00-06:00,2009,8,11,20,30,0.0,0.0,0.0,29.0,1.1,360.0,0.03
2009-08-11 21:30:00-06:00,2009,8,11,21,30,0.0,0.0,0.0,29.0,0.8,23.0,0.03
2009-08-11 22:30:00-06:00,2009,8,11,22,30,0.0,0.0,0.0,29.0,0.6000000000000001,64.0,0.03
2009-08-11 23:30:00-06:00,2009,8,11,23,30,0.0,0.0,0.0,29.0,0.8,135.0,0.03
2009-08-12 00:30:00-06:00,2009,8,12,0,30,0.0,0.0,0.0,29.0,1.1,175.0,0.03
2009-08-12 01:30:00-06:00,2009,8,12,1,30,0.0,0.0,0.0,29.0,1.4,201.0,0.03
2009-08-12 02:30:00-06:00,2009,8,12,2,30,0.0,0.0,0.0,28.0,1.6,224.0,0.03
2009-08-12 03:30:00-06:00,2009,8,12,3,30,0.0,0.0,0.0,28.0,2.0,249.0,0.03
2009-08-12 04:30:00-06:00,2009,8,12,4,30,0.0,0.0,0.0,28.0,2.4000000000000004,273.0,0.03
2009-08-12 05:30:00-06:00,2009,8,12,5,30,0.0,0.0,0.0,28.0,2.7,290.0,0.03
2009-08-12 06:30:00-06:00,2009,8,12,6,30,3.0,0.0,3.0,28.0,2.8000000000000003,301.0,0.03
2009-08-12 07:30:00-06:00,2009,8,12,7,30,85.0,0.0,85.0,28.0,2.8000000000000003,306.0,0.03
2009-08-12 08:30:00-06:00,2009,8,12,8,30,155.0,0.0,155.0,28.0,2.6,310.0,0.03
2009-08-12 09:30:00-06:00,2009,8,12,9,30,24.0,0.0,24.0,29.0,2.3000000000000003,312.0,0.03
2009-08-12 10:30:00-06:00,2009,8,12,10,30,36.0,0.0,36.0,29.0,2.1,308.0,0.03
2009-08-12 11:30:00-06:00,2009,8,12,11,30,198.0,8.0,190.0,29.0,1.9,299.0,0.03
2009-08-12 12:30:00-06:00,2009,8,12,12,30,409.0,28.0,382.0,28.0,1.8,286.0,0.03
2009-08-12 13:30:00-06:00,2009,8,12,13,30,114.0,0.0,114.0,28.0,1.9,266.0,0.03
2009-08-12 14:30:00-06:00,2009,8,12,14,30,282.0,16.0,269.0,28.0,2.2,250.0,0.03
2009-08-12 15:30:00-06:00,2009,8,12,15,30,256.0,23.0,241.0,28.0,2.3000000000000003,242.0,0.03
2009-08-12 16:30:00-06:00,2009,8,12,16,30,236.0,92.0,193.0,28.0,2.2,241.0,0.03
2009-08-12 17:30:00-06:00,2009,8,12,17,30,92.0,15.0,88.0,28.0,2.2,248.0,0.03
2009-08-12 18:30:00-06:00,2009,8,12,18,30,6.0,0.0,6.0,28.0,2.2,260.0,0.03
2009-08-12 19:30:00-06:00,2009,8,12,19,30,0.0,0.0,0.0,28.0,2.1,268.0,0.03
2009-08-12 20:30:00-06:00,2009,8,12,20,30,0.0,0.0,0.0,28.0,2.1,268.0,0.03
2009-08-12 21:30:00-06:00,2009,8,12,21,30,0.0,0.0,0.0,28.0,2.2,260.0,0.03
2009-08-12 22:30:00-06:00,2009,8,12,22,30,0.0,0.0,0.0,27.0,2.3000000000000003,253.0,0.03
2009-08-12 23:30:00-06:00,2009,8,12,23,30,0.0,0.0,0.0,27.0,2.4000000000000004,250.0,0.03
2009-08-13 00:30:00-06:00,2009,8,13,0,30,0.0,0.0,0.0,27.0,2.5,251.0,0.03
2009-08-13 01:30:00-06:00,2009,8,13,1,30,0.0,0.0,0.0,27.0,2.6,254.0,0.03
2009-08-13 02:30:00-06:00,2009,8,13,2,30,0.0,0.0,0.0,27.0,2.6,261.0,0.03
2009-08-13 03:30:00-06:00,2009,8,13,3,30,0.0,0.0,0.0,27.0,2.5,269.0,0.03
2009-08-13 04:30:00-06:00,2009,8,13,4,30,0.0,0.0,0.0,27.0,2.2,277.0,0.03
2009-08-13 05:30:00-06:00,2009,8,13,5,30,0.0,0.0,0.0,27.0,1.9,284.0,0.03
2009-08-13 06:30:00-06:00,2009,8,13,6,30,128.0,290.0,67.0,27.0,1.6,291.0,0.03
2009-08-13 07:30:00-06:00,2009,8,13,7,30,351.0,591.0,99.0,28.0,1.2000000000000002,296.0,0.03
2009-08-13 08:30:00-06:00,2009,8,13,8,30,560.0,714.0,117.0,28.0,0.9,302.0,0.03
2009-08-13 09:30:00-06:00,2009,8,13,9,30,735.0,768.0,136.0,28.0,0.7000000000000001,301.0,0.03
2009-08-13 10:30:00-06:00,2009,8,13,10,30,866.0,807.0,143.0,29.0,0.5,300.0,0.03
2009-08-13 11:30:00-06:00,2009,8,13,11,30,938.0,825.0,147.0,29.0,0.4,316.0,0.03
2009-08-13 12:30:00-06:00,2009,8,13,12,30,944.0,826.0,148.0,29.0,0.4,355.0,0.03
2009-08-13 13:30:00-06:00,2009,8,13,13,30,884.0,812.0,145.0,30.0,0.7000000000000001,45.0,0.03
2009-08-13 14:30:00-06:00,2009,8,13,14,30,765.0,781.0,136.0,30.0,1.1,78.0,0.03
2009-08-13 15:30:00-06:00,2009,8,13,15,30,287.0,39.0,261.0,29.0,1.5,99.0,0.03
2009-08-13 16:30:00-06:00,2009,8,13,16,30,307.0,267.0,183.0,29.0,1.9,114.0,0.03
2009-08-13 17:30:00-06:00,2009,8,13,17,30,154.0,268.0,86.0,29.0,2.1,127.0,0.03
2009-08-13 18:30:00-06:00,2009,8,13,18,30,11.0,0.0,11.0,29.0,2.2,138.0,0.03
2009-08-13 19:30:00-06:00,2009,8,13,19,30,0.0,0.0,0.0,29.0,2.1,147.0,0.03
2009-08-13 20:30:00-06:00,2009,8,13,20,30,0.0,0.0,0.0,28.0,2.0,156.0,0.03
2009-08-13 21:30:00-06:00,2009,8,13,21,30,0.0,0.0,0.0,28.0,1.9,165.0,0.03
2009-08-13 22:30:00-06:00,2009,8,13,22,30,0.0,0.0,0.0,28.0,1.7000000000000002,173.0,0.03
2009-08-13 23:30:00-06:00,2009,8,13,23,30,0.0,0.0,0.0,28.0,1.5,184.0,0.03
2009-08-14 00:30:00-06:00,2009,8,14,0,30,0.0,0.0,0.0,28.0,1.2000000000000002,196.0,0.03
2009-08-14 01:30:00-06:00,2009,8,14,1,30,0.0,0.0,0.0,28.0,0.9,208.0,0.03
2009-08-14 02:30:00-06:00,2009,8,14,2,30,0.0,0.0,0.0,28.0,0.4,218.0,0.03
2009-08-14 03:30:00-06:00,2009,8,14,3,30,0.0,0.0,0.0,28.0,0.3,217.0,0.03
2009-08-14 04:30:00-06:00,2009,8,14,4,30,0.0,0.0,0.0,28.0,0.6000000000000001,61.0,0.03
2009-08-14 05:30:00-06:00,2009,8,14,5,30,0.0,0.0,0.0,28.0,1.1,65.0,0.03
2009-08-14 06:30:00-06:00,2009,8,14,6,30,108.0,159.0,74.0,28.0,1.4,72.0,0.03
2009-08-14 07:30:00-06:00,2009,8,14,7,30,360.0,651.0,83.0,28.0,1.6,82.0,0.03
2009-08-14 08:30:00-06:00,2009,8,14,8,30,570.0,763.0,98.0,28.0,1.7000000000000002,93.0,0.03
2009-08-14 09:30:00-06:00,2009,8,14,9,30,750.0,826.0,106.0,29.0,1.6,104.0,0.03
2009-08-14 10:30:00-06:00,2009,8,14,10,30,882.0,863.0,110.0,29.0,1.4,114.0,0.03
2009-08-14 11:30:00-06:00,2009,8,14,11,30,955.0,881.0,112.0,29.0,1.2000000000000002,124.0,0.03
2009-08-14 12:30:00-06:00,2009,8,14,12,30,951.0,847.0,136.0,29.0,1.2000000000000002,135.0,0.03
2009-08-14 13:30:00-06:00,2009,8,14,13,30,768.0,435.0,372.0,29.0,1.2000000000000002,143.0,0.03
2009-08-14 14:30:00-06:00,2009,8,14,14,30,771.0,806.0,123.0,30.0,1.2000000000000002,147.0,0.03
2009-08-14 15:30:00-06:00,2009,8,14,15,30,600.0,752.0,111.0,30.0,1.4,148.0,0.03
2009-08-14 16:30:00-06:00,2009,8,14,16,30,395.0,655.0,93.0,29.0,1.5,143.0,0.03
2009-08-14 17:30:00-06:00,2009,8,14,17,30,181.0,467.0,65.0,29.0,1.7000000000000002,135.0,0.03
2009-08-14 18:30:00-06:00,2009,8,14,18,30,13.0,58.0,11.0,29.0,1.9,126.0,0.03
2009-08-14 19:30:00-06:00,2009,8,14,19,30,0.0,0.0,0.0,29.0,2.0,120.0,0.03
2009-08-14 20:30:00-06:00,2009,8,14,20,30,0.0,0.0,0.0,29.0,2.1,116.0,0.03
2009-08-14 21:30:00-06:00,2009,8,14,21,30,0.0,0.0,0.0,29.0,2.2,114.0,0.03
2009-08-14 22:30:00-06:00,2009,8,14,22,30,0.0,0.0,0.0,29.0,2.3000000000000003,115.0,0.03
2009-08-14 23:30:00-06:00,2009,8,14,23,30,0.0,0.0,0.0,29.0,2.2,117.0,0.03
2009-08-15 00:30:00-06:00,2009,8,15,0,30,0.0,0.0,0.0,29.0,2.1,118.0,0.03
2009-08-15 01:30:00-06:00,2009,8,15,1,30,0.0,0.0,0.0,28.0,1.9,119.0,0.03
2009-08-15 02:30:00-06:00,2009,8,15,2,30,0.0,0.0,0.0,28.0,1.7000000000000002,119.0,0.03
2009-08-15 03:30:00-06:00,2009,8,15,3,30,0.0,0.0,0.0,28.0,1.6,110.0,0.03
2009-08-15 04:30:00-06:00,2009,8,15,4,30,0.0,0.0,0.0,28.0,1.9,92.0,0.03
2009-08-15 05:30:00-06:00,2009,8,15,5,30,0.0,0.0,0.0,28.0,2.3000000000000003,78.0,0.03
2009-08-15 06:30:00-06:00,2009,8,15,6,30,119.0,241.0,69.0,29.0,2.7,72.0,0.03
2009-08-15 07:30:00-06:00,2009,8,15,7,30,318.0,434.0,134.0,29.0,3.0,73.0,0.03
2009-08-15 08:30:00-06:00,2009,8,15,8,30,298.0,60.0,260.0,29.0,3.3000000000000003,77.0,0.03
2009-08-15 09:30:00-06:00,2009,8,15,9,30,335.0,33.0,310.0,29.0,3.4000000000000004,82.0,0.03
2009-08-15 10:30:00-06:00,2009,8,15,10,30,128.0,0.0,128.0,29.0,3.5,89.0,0.03
2009-08-15 11:30:00-06:00,2009,8,15,11,30,708.0,244.0,475.0,29.0,3.4000000000000004,96.0,0.03
2009-08-15 12:30:00-06:00,2009,8,15,12,30,865.0,482.0,402.0,29.0,3.2,104.0,0.03
2009-08-15 13:30:00-06:00,2009,8,15,13,30,819.0,513.0,354.0,29.0,2.8000000000000003,113.0,0.03
2009-08-15 14:30:00-06:00,2009,8,15,14,30,619.0,324.0,358.0,29.0,2.6,118.0,0.03
2009-08-15 15:30:00-06:00,2009,8,15,15,30,559.0,571.0,188.0,29.0,2.9000000000000004,106.0,0.03
2009-08-15 16:30:00-06:00,2009,8,15,16,30,388.0,637.0,95.0,29.0,3.4000000000000004,92.0,0.03
2009-08-15 17:30:00-06:00,2009,8,15,17,30,146.0,254.0,83.0,28.0,3.7,88.0,0.03
2009-08-15 18:30:00-06:00,2009,8,15,18,30,9.0,0.0,9.0,28.0,3.6,89.0,0.03
2009-08-15 19:30:00-06:00,2009,8,15,19,30,0.0,0.0,0.0,28.0,3.5,93.0,0.03
2009-08-15 20:30:00-06:00,2009,8,15,20,30,0.0,0.0,0.0,28.0,3.7,98.0,0.03
2009-08-15 21:30:00-06:00,2009,8,15,21,30,0.0,0.0,0.0,28.0,3.9,106.0,0.03
2009-08-15 22:30:00-06:00,2009,8,15,22,30,0.0,0.0,0.0,28.0,4.0,116.0,0.03
2009-08-15 23:30:00-06:00,2009,8,15,23,30,0.0,0.0,0.0,28.0,4.1000000000000005,126.0,0.03
2009-08-16 00:30:00-06:00,2009,8,16,0,30,0.0,0.0,0.0,28.0,4.2,135.0,0.03
2009-08-16 01:30:00-06:00,2009,8,16,1,30,0.0,0.0,0.0,28.0,4.1000000000000005,142.0,0.03
2009-08-16 02:30:00-06:00,2009,8,16,2,30,0.0,0.0,0.0,28.0,4.0,146.0,0.03
2009-08-16 03:30:00-06:00,2009,8,16,3,30,0.0,0.0,0.0,28.0,3.7,149.0,0.03
2009-08-16 04:30:00-06:00,2009,8,16,4,30,0.0,0.0,0.0,28.0,3.5,149.0,0.03
2009-08-16 05:30:00-06:00,2009,8,16,5,30,0.0,0.0,0.0,28.0,3.5,148.0,0.03
2009-08-16 06:30:00-06:00,2009,8,16,6,30,107.0,165.0,73.0,28.0,3.6,145.0,0.03
2009-08-16 07:30:00-06:00,2009,8,16,7,30,351.0,628.0,86.0,28.0,4.0,142.0,0.03
2009-08-16 08:30:00-06:00,2009,8,16,8,30,559.0,740.0,103.0,28.0,4.3,141.0,0.03
2009-08-16 09:30:00-06:00,2009,8,16,9,30,642.0,444.0,298.0,28.0,4.2,143.0,0.03
2009-08-16 10:30:00-06:00,2009,8,16,10,30,577.0,150.0,442.0,28.0,3.8,147.0,0.03
2009-08-16 11:30:00-06:00,2009,8,16,11,30,627.0,151.0,482.0,28.0,3.1,154.0,0.03
2009-08-16 12:30:00-06:00,2009,8,16,12,30,827.0,441.0,404.0,28.0,2.2,167.0,0.03
2009-08-16 13:30:00-06:00,2009,8,16,13,30,724.0,338.0,417.0,28.0,1.5,190.0,0.03
2009-08-16 14:30:00-06:00,2009,8,16,14,30,691.0,507.0,285.0,28.0,0.8,226.0,0.03
2009-08-16 15:30:00-06:00,2009,8,16,15,30,499.0,377.0,256.0,28.0,0.8,249.0,0.03
2009-08-16 16:30:00-06:00,2009,8,16,16,30,253.0,137.0,190.0,28.0,1.8,73.0,0.03
2009-08-16 17:30:00-06:00,2009,8,16,17,30,109.0,77.0,90.0,28.0,2.8000000000000003,79.0,0.03
2009-08-16 18:30:00-06:00,2009,8,16,18,30,6.0,0.0,6.0,28.0,3.2,87.0,0.03
2009-08-16 19:30:00-06:00,2009,8,16,19,30,0.0,0.0,0.0,28.0,3.3000000000000003,99.0,0.03
2009-08-16 20:30:00-06:00,2009,8,16,20,30,0.0,0.0,0.0,29.0,3.4000000000000004,110.0,0.03
2009-08-16 21:30:00-06:00,2009,8,16,21,30,0.0,0.0,0.0,29.0,3.5,118.0,0.03
2009-08-16 22:30:00-06:00,2009,8,16,22,30,0.0,0.0,0.0,28.0,3.4000000000000004,123.0,0.03
2009-08-16 23:30:00-06:00,2009,8,16,23,30,0.0,0.0,0.0,28.0,3.3000000000000003,128.0,0.03
2009-08-17 00:30:00-06:00,2009,8,17,0,30,0.0,0.0,0.0,28.0,3.0,135.0,0.03
2009-08-17 01:30:00-06:00,2009,8,17,1,30,0.0,0.0,0.0,28.0,2.7,145.0,0.03
2009-08-17 02:30:00-06:00,2009,8,17,2,30,0.0,0.0,0.0,28.0,2.5,158.0,0.03
2009-08-17 03:30:00-06:00,2009,8,17,3,30,0.0,0.0,0.0,28.0,2.3000000000000003,168.0,0.03
2009-08-17 04:30:00-06:00,2009,8,17,4,30,0.0,0.0,0.0,28.0,2.3000000000000003,175.0,0.03
2009-08-17 05:30:00-06:00,2009,8,17,5,30,0.0,0.0,0.0,28.0,2.3000000000000003,177.0,0.03
2009-08-17 06:30:00-06:00,2009,8,17,6,30,2.0,0.0,2.0,29.0,2.3000000000000003,175.0,0.03
2009-08-17 07:30:00-06:00,2009,8,17,7,30,12.0,0.0,12.0,29.0,2.3000000000000003,173.0,0.03
2009-08-17 08:30:00-06:00,2009,8,17,8,30,301.0,65.0,261.0,29.0,2.4000000000000004,173.0,0.03
2009-08-17 09:30:00-06:00,2009,8,17,9,30,310.0,24.0,291.0,29.0,2.6,175.0,0.03
2009-08-17 10:30:00-06:00,2009,8,17,10,30,287.0,14.0,274.0,29.0,2.9000000000000004,180.0,0.03
2009-08-17 11:30:00-06:00,2009,8,17,11,30,332.0,17.0,315.0,29.0,3.1,184.0,0.03
2009-08-17 12:30:00-06:00,2009,8,17,12,30,187.0,7.0,180.0,29.0,3.0,190.0,0.03
2009-08-17 13:30:00-06:00,2009,8,17,13,30,224.0,9.0,215.0,29.0,2.5,194.0,0.03
2009-08-17 14:30:00-06:00,2009,8,17,14,30,407.0,63.0,356.0,28.0,1.9,194.0,0.03
2009-08-17 15:30:00-06:00,2009,8,17,15,30,511.0,417.0,243.0,28.0,1.6,178.0,0.03
2009-08-17 16:30:00-06:00,2009,8,17,16,30,357.0,492.0,134.0,28.0,1.8,147.0,0.03
2009-08-17 17:30:00-06:00,2009,8,17,17,30,160.0,376.0,70.0,28.0,2.4000000000000004,128.0,0.03
2009-08-17 18:30:00-06:00,2009,8,17,18,30,0.0,0.0,0.0,28.0,3.2,122.0,0.03
2009-08-17 19:30:00-06:00,2009,8,17,19,30,0.0,0.0,0.0,28.0,4.1000000000000005,121.0,0.03
2009-08-17 20:30:00-06:00,2009,8,17,20,30,0.0,0.0,0.0,28.0,4.7,121.0,0.03
2009-08-17 21:30:00-06:00,2009,8,17,21,30,0.0,0.0,0.0,28.0,5.1000000000000005,123.0,0.03
2009-08-17 22:30:00-06:00,2009,8,17,22,30,0.0,0.0,0.0,28.0,5.1000000000000005,127.0,0.03
2009-08-17 23:30:00-06:00,2009,8,17,23,30,0.0,0.0,0.0,28.0,5.0,132.0,0.03
2009-08-18 00:30:00-06:00,2009,8,18,0,30,0.0,0.0,0.0,28.0,4.7,138.0,0.03
2009-08-18 01:30:00-06:00,2009,8,18,1,30,0.0,0.0,0.0,28.0,4.2,142.0,0.03
2009-08-18 02:30:00-06:00,2009,8,18,2,30,0.0,0.0,0.0,28.0,3.7,147.0,0.03
2009-08-18 03:30:00-06:00,2009,8,18,3,30,0.0,0.0,0.0,28.0,3.4000000000000004,148.0,0.03
2009-08-18 04:30:00-06:00,2009,8,18,4,30,0.0,0.0,0.0,28.0,3.2,145.0,0.03
2009-08-18 05:30:00-06:00,2009,8,18,5,30,0.0,0.0,0.0,28.0,3.1,142.0,0.03
2009-08-18 06:30:00-06:00,2009,8,18,6,30,2.0,0.0,2.0,28.0,2.9000000000000004,135.0,0.03
2009-08-18 07:30:00-06:00,2009,8,18,7,30,7.0,0.0,7.0,28.0,2.8000000000000003,127.0,0.03
2009-08-18 08:30:00-06:00,2009,8,18,8,30,394.0,197.0,273.0,28.0,2.7,119.0,0.03
2009-08-18 09:30:00-06:00,2009,8,18,9,30,587.0,311.0,346.0,29.0,2.6,112.0,0.03
2009-08-18 10:30:00-06:00,2009,8,18,10,30,773.0,477.0,349.0,29.0,2.5,106.0,0.03
2009-08-18 11:30:00-06:00,2009,8,18,11,30,819.0,442.0,398.0,29.0,2.5,103.0,0.03
2009-08-18 12:30:00-06:00,2009,8,18,12,30,494.0,57.0,439.0,29.0,2.5,100.0,0.03
2009-08-18 13:30:00-06:00,2009,8,18,13,30,759.0,431.0,370.0,29.0,2.6,96.0,0.03
2009-08-18 14:30:00-06:00,2009,8,18,14,30,429.0,80.0,365.0,29.0,2.8000000000000003,91.0,0.03
2009-08-18 15:30:00-06:00,2009,8,18,15,30,486.0,354.0,259.0,29.0,3.2,88.0,0.03
2009-08-18 16:30:00-06:00,2009,8,18,16,30,343.0,444.0,144.0,29.0,3.5,85.0,0.03
2009-08-18 17:30:00-06:00,2009,8,18,17,30,157.0,363.0,72.0,29.0,3.7,86.0,0.03
2009-08-18 18:30:00-06:00,2009,8,18,18,30,0.0,0.0,0.0,29.0,3.9,88.0,0.03
2009-08-18 19:30:00-06:00,2009,8,18,19,30,0.0,0.0,0.0,29.0,4.1000000000000005,93.0,0.03
2009-08-18 20:30:00-06:00,2009,8,18,20,30,0.0,0.0,0.0,29.0,4.1000000000000005,98.0,0.03
2009-08-18 21:30:00-06:00,2009,8,18,21,30,0.0,0.0,0.0,29.0,3.9,101.0,0.03
2009-08-18 22:30:00-06:00,2009,8,18,22,30,0.0,0.0,0.0,29.0,3.6,103.0,0.03
2009-08-18 23:30:00-06:00,2009,8,18,23,30,0.0,0.0,0.0,29.0,3.4000000000000004,106.0,0.03
2009-08-19 00:30:00-06:00,2009,8,19,0,30,0.0,0.0,0.0,28.0,3.4000000000000004,114.0,0.03
2009-08-19 01:30:00-06:00,2009,8,19,1,30,0.0,0.0,0.0,28.0,3.4000000000000004,124.0,0.03
2009-08-19 02:30:00-06:00,2009,8,19,2,30,0.0,0.0,0.0,28.0,3.5,134.0,0.03
2009-08-19 03:30:00-06:00,2009,8,19,3,30,0.0,0.0,0.0,28.0,3.4000000000000004,139.0,0.03
2009-08-19 04:30:00-06:00,2009,8,19,4,30,0.0,0.0,0.0,28.0,3.2,140.0,0.03
2009-08-19 05:30:00-06:00,2009,8,19,5,30,0.0,0.0,0.0,28.0,3.0,137.0,0.03
2009-08-19 06:30:00-06:00,2009,8,19,6,30,135.0,394.0,56.0,29.0,2.9000000000000004,128.0,0.03
2009-08-19 07:30:00-06:00,2009,8,19,7,30,347.0,632.0,83.0,29.0,3.0,117.0,0.03
2009-08-19 08:30:00-06:00,2009,8,19,8,30,443.0,307.0,255.0,29.0,3.4000000000000004,110.0,0.03
2009-08-19 09:30:00-06:00,2009,8,19,9,30,734.0,810.0,108.0,29.0,3.6,109.0,0.03
2009-08-19 10:30:00-06:00,2009,8,19,10,30,313.0,17.0,297.0,29.0,3.6,110.0,0.03
2009-08-19 11:30:00-06:00,2009,8,19,11,30,573.0,107.0,471.0,29.0,3.5,113.0,0.03
2009-08-19 12:30:00-06:00,2009,8,19,12,30,327.0,17.0,311.0,29.0,3.5,117.0,0.03
2009-08-19 13:30:00-06:00,2009,8,19,13,30,700.0,306.0,425.0,29.0,3.4000000000000004,122.0,0.03
2009-08-19 14:30:00-06:00,2009,8,19,14,30,622.0,346.0,347.0,29.0,3.4000000000000004,127.0,0.03
2009-08-19 15:30:00-06:00,2009,8,19,15,30,429.0,227.0,284.0,29.0,3.4000000000000004,131.0,0.03
2009-08-19 16:30:00-06:00,2009,8,19,16,30,285.0,240.0,178.0,29.0,3.5,134.0,0.03
2009-08-19 17:30:00-06:00,2009,8,19,17,30,133.0,228.0,80.0,29.0,3.7,136.0,0.03
2009-08-19 18:30:00-06:00,2009,8,19,18,30,0.0,0.0,0.0,29.0,3.9,138.0,0.03
2009-08-19 19:30:00-06:00,2009,8,19,19,30,0.0,0.0,0.0,29.0,4.2,139.0,0.03
2009-08-19 20:30:00-06:00,2009,8,19,20,30,0.0,0.0,0.0,29.0,4.6000000000000005,141.0,0.03
2009-08-19 21:30:00-06:00,2009,8,19,21,30,0.0,0.0,0.0,29.0,5.0,145.0,0.03
2009-08-19 22:30:00-06:00,2009,8,19,22,30,0.0,0.0,0.0,29.0,5.2,149.0,0.03
2009-08-19 23:30:00-06:00,2009,8,19,23,30,0.0,0.0,0.0,29.0,5.300000000000001,154.0,0.03
2009-08-20 00:30:00-06:00,2009,8,20,0,30,0.0,0.0,0.0,29.0,5.2,159.0,0.03
2009-08-20 01:30:00-06:00,2009,8,20,1,30,0.0,0.0,0.0,29.0,5.1000000000000005,163.0,0.03
2009-08-20 02:30:00-06:00,2009,8,20,2,30,0.0,0.0,0.0,29.0,4.9,166.0,0.03
2009-08-20 03:30:00-06:00,2009,8,20,3,30,0.0,0.0,0.0,29.0,4.6000000000000005,167.0,0.03
2009-08-20 04:30:00-06:00,2009,8,20,4,30,0.0,0.0,0.0,29.0,4.5,166.0,0.03
2009-08-20 05:30:00-06:00,2009,8,20,5,30,0.0,0.0,0.0,29.0,4.2,166.0,0.03
2009-08-20 06:30:00-06:00,2009,8,20,6,30,132.0,373.0,58.0,29.0,4.0,166.0,0.03
2009-08-20 07:30:00-06:00,2009,8,20,7,30,342.0,608.0,89.0,30.0,3.8,166.0,0.03
2009-08-20 08:30:00-06:00,2009,8,20,8,30,379.0,172.0,274.0,30.0,3.6,168.0,0.03
2009-08-20 09:30:00-06:00,2009,8,20,9,30,399.0,68.0,346.0,30.0,3.4000000000000004,170.0,0.03
2009-08-20 10:30:00-06:00,2009,8,20,10,30,751.0,443.0,357.0,30.0,3.3000000000000003,175.0,0.03
2009-08-20 11:30:00-06:00,2009,8,20,11,30,927.0,841.0,130.0,30.0,3.1,183.0,0.03
2009-08-20 12:30:00-06:00,2009,8,20,12,30,934.0,849.0,125.0,29.0,2.8000000000000003,189.0,0.03
2009-08-20 13:30:00-06:00,2009,8,20,13,30,778.0,466.0,358.0,29.0,2.5,195.0,0.03
2009-08-20 14:30:00-06:00,2009,8,20,14,30,577.0,266.0,367.0,29.0,2.3000000000000003,196.0,0.03
2009-08-20 15:30:00-06:00,2009,8,20,15,30,469.0,323.0,264.0,29.0,2.1,195.0,0.03
2009-08-20 16:30:00-06:00,2009,8,20,16,30,304.0,311.0,166.0,29.0,1.9,192.0,0.03
2009-08-20 17:30:00-06:00,2009,8,20,17,30,142.0,287.0,76.0,29.0,2.0,185.0,0.03
2009-08-20 18:30:00-06:00,2009,8,20,18,30,0.0,0.0,0.0,28.0,2.3000000000000003,177.0,0.03
2009-08-20 19:30:00-06:00,2009,8,20,19,30,0.0,0.0,0.0,28.0,2.8000000000000003,170.0,0.03
2009-08-20 20:30:00-06:00,2009,8,20,20,30,0.0,0.0,0.0,28.0,3.3000000000000003,169.0,0.03
2009-08-20 21:30:00-06:00,2009,8,20,21,30,0.0,0.0,0.0,28.0,3.8,168.0,0.03
2009-08-20 22:30:00-06:00,2009,8,20,22,30,0.0,0.0,0.0,28.0,4.2,167.0,0.03
2009-08-20 23:30:00-06:00,2009,8,20,23,30,0.0,0.0,0.0,28.0,4.7,168.0,0.03
2009-08-21 00:30:00-06:00,2009,8,21,0,30,0.0,0.0,0.0,28.0,4.9,174.0,0.03
2009-08-21 01:30:00-06:00,2009,8,21,1,30,0.0,0.0,0.0,28.0,4.9,182.0,0.03
2009-08-21 02:30:00-06:00,2009,8,21,2,30,0.0,0.0,0.0,28.0,4.6000000000000005,191.0,0.03
2009-08-21 03:30:00-06:00,2009,8,21,3,30,0.0,0.0,0.0,28.0,4.4,203.0,0.03
2009-08-21 04:30:00-06:00,2009,8,21,4,30,0.0,0.0,0.0,28.0,4.4,214.0,0.03
2009-08-21 05:30:00-06:00,2009,8,21,5,30,0.0,0.0,0.0,29.0,4.3,224.0,0.03
2009-08-21 06:30:00-06:00,2009,8,21,6,30,97.0,134.0,70.0,29.0,4.2,234.0,0.03
2009-08-21 07:30:00-06:00,2009,8,21,7,30,311.0,435.0,130.0,29.0,4.1000000000000005,243.0,0.03
2009-08-21 08:30:00-06:00,2009,8,21,8,30,476.0,404.0,230.0,29.0,3.9,250.0,0.03
2009-08-21 09:30:00-06:00,2009,8,21,9,30,650.0,479.0,280.0,29.0,3.6,255.0,0.03
2009-08-21 10:30:00-06:00,2009,8,21,10,30,748.0,441.0,357.0,29.0,3.4000000000000004,258.0,0.03
2009-08-21 11:30:00-06:00,2009,8,21,11,30,389.0,26.0,364.0,29.0,3.2,261.0,0.03
2009-08-21 12:30:00-06:00,2009,8,21,12,30,443.0,39.0,406.0,29.0,2.9000000000000004,264.0,0.03
2009-08-21 13:30:00-06:00,2009,8,21,13,30,504.0,84.0,428.0,29.0,2.7,264.0,0.03
2009-08-21 14:30:00-06:00,2009,8,21,14,30,173.0,3.0,170.0,29.0,2.5,261.0,0.03
2009-08-21 15:30:00-06:00,2009,8,21,15,30,56.0,0.0,56.0,28.0,2.4000000000000004,261.0,0.03
2009-08-21 16:30:00-06:00,2009,8,21,16,30,18.0,0.0,18.0,28.0,2.4000000000000004,262.0,0.03
2009-08-21 17:30:00-06:00,2009,8,21,17,30,51.0,0.0,51.0,28.0,2.3000000000000003,263.0,0.03
2009-08-21 18:30:00-06:00,2009,8,21,18,30,0.0,0.0,0.0,28.0,2.1,262.0,0.03
2009-08-21 19:30:00-06:00,2009,8,21,19,30,0.0,0.0,0.0,28.0,1.9,258.0,0.03
2009-08-21 20:30:00-06:00,2009,8,21,20,30,0.0,0.0,0.0,28.0,2.0,246.0,0.03
2009-08-21 21:30:00-06:00,2009,8,21,21,30,0.0,0.0,0.0,28.0,2.3000000000000003,235.0,0.03
2009-08-21 22:30:00-06:00,2009,8,21,22,30,0.0,0.0,0.0,28.0,2.7,234.0,0.03
2009-08-21 23:30:00-06:00,2009,8,21,23,30,0.0,0.0,0.0,28.0,3.1,241.0,0.03
2009-08-22 00:30:00-06:00,2009,8,22,0,30,0.0,0.0,0.0,28.0,3.6,250.0,0.03
2009-08-22 01:30:00-06:00,2009,8,22,1,30,0.0,0.0,0.0,28.0,4.0,260.0,0.03
2009-08-22 02:30:00-06:00,2009,8,22,2,30,0.0,0.0,0.0,28.0,4.5,270.0,0.03
2009-08-22 03:30:00-06:00,2009,8,22,3,30,0.0,0.0,0.0,28.0,4.800000000000001,278.0,0.03
2009-08-22 04:30:00-06:00,2009,8,22,4,30,0.0,0.0,0.0,28.0,5.0,284.0,0.03
2009-08-22 05:30:00-06:00,2009,8,22,5,30,0.0,0.0,0.0,28.0,5.1000000000000005,290.0,0.03
2009-08-22 06:30:00-06:00,2009,8,22,6,30,72.0,22.0,68.0,28.0,5.0,294.0,0.03
2009-08-22 07:30:00-06:00,2009,8,22,7,30,46.0,0.0,46.0,28.0,4.800000000000001,298.0,0.03
2009-08-22 08:30:00-06:00,2009,8,22,8,30,144.0,0.0,144.0,28.0,4.5,301.0,0.03
2009-08-22 09:30:00-06:00,2009,8,22,9,30,285.0,18.0,271.0,28.0,4.2,302.0,0.03
2009-08-22 10:30:00-06:00,2009,8,22,10,30,567.0,145.0,438.0,29.0,3.9,306.0,0.03
2009-08-22 11:30:00-06:00,2009,8,22,11,30,663.0,196.0,477.0,28.0,3.9,314.0,0.03
2009-08-22 12:30:00-06:00,2009,8,22,12,30,491.0,58.0,436.0,28.0,3.9,327.0,0.03
2009-08-22 13:30:00-06:00,2009,8,22,13,30,579.0,150.0,445.0,28.0,3.8,343.0,0.03
2009-08-22 14:30:00-06:00,2009,8,22,14,30,490.0,144.0,377.0,28.0,3.7,359.0,0.03
2009-08-22 15:30:00-06:00,2009,8,22,15,30,511.0,455.0,224.0,29.0,3.6,15.0,0.03
2009-08-22 16:30:00-06:00,2009,8,22,16,30,342.0,484.0,130.0,29.0,3.4000000000000004,29.0,0.03
2009-08-22 17:30:00-06:00,2009,8,22,17,30,112.0,146.0,80.0,29.0,2.9000000000000004,40.0,0.03
2009-08-22 18:30:00-06:00,2009,8,22,18,30,0.0,0.0,0.0,29.0,2.5,48.0,0.03
2009-08-22 19:30:00-06:00,2009,8,22,19,30,0.0,0.0,0.0,29.0,2.0,57.0,0.03
2009-08-22 20:30:00-06:00,2009,8,22,20,30,0.0,0.0,0.0,29.0,1.5,66.0,0.03
2009-08-22 21:30:00-06:00,2009,8,22,21,30,0.0,0.0,0.0,28.0,1.2000000000000002,82.0,0.03
2009-08-22 22:30:00-06:00,2009,8,22,22,30,0.0,0.0,0.0,28.0,1.0,102.0,0.03
2009-08-22 23:30:00-06:00,2009,8,22,23,30,0.0,0.0,0.0,28.0,0.9,106.0,0.03
2009-08-23 00:30:00-06:00,2009,8,23,0,30,0.0,0.0,0.0,28.0,1.0,83.0,0.03
2009-08-23 01:30:00-06:00,2009,8,23,1,30,0.0,0.0,0.0,28.0,1.6,41.0,0.03
2009-08-23 02:30:00-06:00,2009,8,23,2,30,0.0,0.0,0.0,28.0,2.3000000000000003,21.0,0.03
2009-08-23 03:30:00-06:00,2009,8,23,3,30,0.0,0.0,0.0,27.0,3.0,15.0,0.03
2009-08-23 04:30:00-06:00,2009,8,23,4,30,0.0,0.0,0.0,27.0,3.4000000000000004,15.0,0.03
2009-08-23 05:30:00-06:00,2009,8,23,5,30,0.0,0.0,0.0,27.0,3.7,16.0,0.03
2009-08-23 06:30:00-06:00,2009,8,23,6,30,135.0,403.0,56.0,27.0,3.8,17.0,0.03
2009-08-23 07:30:00-06:00,2009,8,23,7,30,352.0,644.0,88.0,27.0,3.8,18.0,0.03
2009-08-23 08:30:00-06:00,2009,8,23,8,30,568.0,760.0,106.0,27.0,3.7,20.0,0.03
2009-08-23 09:30:00-06:00,2009,8,23,9,30,751.0,825.0,118.0,27.0,3.7,19.0,0.03
2009-08-23 10:30:00-06:00,2009,8,23,10,30,885.0,861.0,125.0,28.0,3.8,16.0,0.03
2009-08-23 11:30:00-06:00,2009,8,23,11,30,958.0,878.0,129.0,28.0,4.0,13.0,0.03
2009-08-23 12:30:00-06:00,2009,8,23,12,30,955.0,853.0,147.0,28.0,4.1000000000000005,10.0,0.03
2009-08-23 13:30:00-06:00,2009,8,23,13,30,892.0,842.0,141.0,28.0,4.1000000000000005,9.0,0.03
2009-08-23 14:30:00-06:00,2009,8,23,14,30,767.0,812.0,132.0,28.0,4.0,9.0,0.03
2009-08-23 15:30:00-06:00,2009,8,23,15,30,585.0,733.0,126.0,28.0,3.8,10.0,0.03
2009-08-23 16:30:00-06:00,2009,8,23,16,30,285.0,268.0,168.0,28.0,3.7,13.0,0.03
2009-08-23 17:30:00-06:00,2009,8,23,17,30,156.0,410.0,66.0,28.0,3.5,19.0,0.03
2009-08-23 18:30:00-06:00,2009,8,23,18,30,0.0,0.0,0.0,27.0,3.3000000000000003,27.0,0.03
2009-08-23 19:30:00-06:00,2009,8,23,19,30,0.0,0.0,0.0,27.0,3.2,36.0,0.03
2009-08-23 20:30:00-06:00,2009,8,23,20,30,0.0,0.0,0.0,27.0,3.2,45.0,0.03
2009-08-23 21:30:00-06:00,2009,8,23,21,30,0.0,0.0,0.0,27.0,3.0,52.0,0.03
2009-08-23 22:30:00-06:00,2009,8,23,22,30,0.0,0.0,0.0,27.0,2.7,60.0,0.03
2009-08-23 23:30:00-06:00,2009,8,23,23,30,0.0,0.0,0.0,27.0,2.4000000000000004,67.0,0.03
2009-08-24 00:30:00-06:00,2009,8,24,0,30,0.0,0.0,0.0,27.0,2.0,71.0,0.03
2009-08-24 01:30:00-06:00,2009,8,24,1,30,0.0,0.0,0.0,27.0,1.6,71.0,0.03
2009-08-24 02:30:00-06:00,2009,8,24,2,30,0.0,0.0,0.0,27.0,1.5,63.0,0.03
2009-08-24 03:30:00-06:00,2009,8,24,3,30,0.0,0.0,0.0,27.0,1.8,49.0,0.03
2009-08-24 04:30:00-06:00,2009,8,24,4,30,0.0,0.0,0.0,27.0,2.2,38.0,0.03
2009-08-24 05:30:00-06:00,2009,8,24,5,30,0.0,0.0,0.0,27.0,2.5,33.0,0.03
2009-08-24 06:30:00-06:00,2009,8,24,6,30,138.0,440.0,53.0,27.0,2.8000000000000003,31.0,0.03
2009-08-24 07:30:00-06:00,2009,8,24,7,30,359.0,672.0,83.0,27.0,2.9000000000000004,29.0,0.03
2009-08-24 08:30:00-06:00,2009,8,24,8,30,576.0,786.0,100.0,27.0,3.0,28.0,0.03
2009-08-24 09:30:00-06:00,2009,8,24,9,30,762.0,853.0,108.0,28.0,3.1,26.0,0.03
2009-08-24 10:30:00-06:00,2009,8,24,10,30,897.0,887.0,115.0,28.0,3.1,24.0,0.03
2009-08-24 11:30:00-06:00,2009,8,24,11,30,969.0,903.0,119.0,28.0,3.1,24.0,0.03
2009-08-24 12:30:00-06:00,2009,8,24,12,30,970.0,891.0,128.0,28.0,3.0,25.0,0.03
2009-08-24 13:30:00-06:00,2009,8,24,13,30,905.0,877.0,125.0,28.0,3.0,28.0,0.03
2009-08-24 14:30:00-06:00,2009,8,24,14,30,777.0,846.0,117.0,28.0,3.0,32.0,0.03
2009-08-24 15:30:00-06:00,2009,8,24,15,30,596.0,786.0,106.0,28.0,3.0,38.0,0.03
2009-08-24 16:30:00-06:00,2009,8,24,16,30,381.0,677.0,89.0,27.0,3.1,45.0,0.03
2009-08-24 17:30:00-06:00,2009,8,24,17,30,158.0,460.0,59.0,27.0,3.0,54.0,0.03
2009-08-24 18:30:00-06:00,2009,8,24,18,30,0.0,0.0,0.0,27.0,2.8000000000000003,63.0,0.03
2009-08-24 19:30:00-06:00,2009,8,24,19,30,0.0,0.0,0.0,27.0,2.8000000000000003,72.0,0.03
2009-08-24 20:30:00-06:00,2009,8,24,20,30,0.0,0.0,0.0,27.0,2.7,77.0,0.03
2009-08-24 21:30:00-06:00,2009,8,24,21,30,0.0,0.0,0.0,27.0,2.5,81.0,0.03
2009-08-24 22:30:00-06:00,2009,8,24,22,30,0.0,0.0,0.0,26.0,2.3000000000000003,85.0,0.03
2009-08-24 23:30:00-06:00,2009,8,24,23,30,0.0,0.0,0.0,26.0,2.0,88.0,0.03
2009-08-25 00:30:00-06:00,2009,8,25,0,30,0.0,0.0,0.0,26.0,1.8,87.0,0.03
2009-08-25 01:30:00-06:00,2009,8,25,1,30,0.0,0.0,0.0,26.0,1.6,79.0,0.03
2009-08-25 02:30:00-06:00,2009,8,25,2,30,0.0,0.0,0.0,26.0,1.6,66.0,0.03
2009-08-25 03:30:00-06:00,2009,8,25,3,30,0.0,0.0,0.0,26.0,1.7000000000000002,55.0,0.03
2009-08-25 04:30:00-06:00,2009,8,25,4,30,0.0,0.0,0.0,26.0,1.9,48.0,0.03
2009-08-25 05:30:00-06:00,2009,8,25,5,30,0.0,0.0,0.0,26.0,2.0,44.0,0.03
2009-08-25 06:30:00-06:00,2009,8,25,6,30,135.0,425.0,54.0,26.0,2.1,42.0,0.03
2009-08-25 07:30:00-06:00,2009,8,25,7,30,354.0,657.0,86.0,27.0,2.2,41.0,0.03
2009-08-25 08:30:00-06:00,2009,8,25,8,30,569.0,770.0,104.0,27.0,2.3000000000000003,40.0,0.03
2009-08-25 09:30:00-06:00,2009,8,25,9,30,752.0,830.0,117.0,27.0,2.2,40.0,0.03
2009-08-25 10:30:00-06:00,2009,8,25,10,30,884.0,862.0,126.0,27.0,2.0,41.0,0.03
2009-08-25 11:30:00-06:00,2009,8,25,11,30,955.0,875.0,132.0,27.0,1.7000000000000002,44.0,0.03
2009-08-25 12:30:00-06:00,2009,8,25,12,30,944.0,825.0,166.0,28.0,1.5,52.0,0.03
2009-08-25 13:30:00-06:00,2009,8,25,13,30,878.0,804.0,164.0,28.0,1.3,67.0,0.03
2009-08-25 14:30:00-06:00,2009,8,25,14,30,750.0,765.0,156.0,28.0,1.3,87.0,0.03
2009-08-25 15:30:00-06:00,2009,8,25,15,30,578.0,731.0,125.0,28.0,1.4,98.0,0.03
2009-08-25 16:30:00-06:00,2009,8,25,16,30,366.0,614.0,103.0,28.0,1.4,98.0,0.03
2009-08-25 17:30:00-06:00,2009,8,25,17,30,148.0,388.0,66.0,28.0,1.5,95.0,0.03
2009-08-25 18:30:00-06:00,2009,8,25,18,30,0.0,0.0,0.0,28.0,1.7000000000000002,89.0,0.03
2009-08-25 19:30:00-06:00,2009,8,25,19,30,0.0,0.0,0.0,28.0,1.9,85.0,0.03
2009-08-25 20:30:00-06:00,2009,8,25,20,30,0.0,0.0,0.0,27.0,2.1,83.0,0.03
2009-08-25 21:30:00-06:00,2009,8,25,21,30,0.0,0.0,0.0,27.0,2.3000000000000003,84.0,0.03
2009-08-25 22:30:00-06:00,2009,8,25,22,30,0.0,0.0,0.0,27.0,2.3000000000000003,88.0,0.03
2009-08-25 23:30:00-06:00,2009,8,25,23,30,0.0,0.0,0.0,27.0,2.2,94.0,0.03
2009-08-26 00:30:00-06:00,2009,8,26,0,30,0.0,0.0,0.0,26.0,1.9,102.0,0.03
2009-08-26 01:30:00-06:00,2009,8,26,1,30,0.0,0.0,0.0,26.0,1.5,108.0,0.03
2009-08-26 02:30:00-06:00,2009,8,26,2,30,0.0,0.0,0.0,26.0,1.1,104.0,0.03
2009-08-26 03:30:00-06:00,2009,8,26,3,30,0.0,0.0,0.0,26.0,1.0,85.0,0.03
2009-08-26 04:30:00-06:00,2009,8,26,4,30,0.0,0.0,0.0,26.0,1.2000000000000002,59.0,0.03
2009-08-26 05:30:00-06:00,2009,8,26,5,30,0.0,0.0,0.0,26.0,1.4,42.0,0.03
2009-08-26 06:30:00-06:00,2009,8,26,6,30,128.0,355.0,61.0,26.0,1.6,34.0,0.03
2009-08-26 07:30:00-06:00,2009,8,26,7,30,249.0,214.0,161.0,27.0,1.8,31.0,0.03
2009-08-26 08:30:00-06:00,2009,8,26,8,30,454.0,356.0,239.0,27.0,1.9,32.0,0.03
2009-08-26 09:30:00-06:00,2009,8,26,9,30,658.0,515.0,264.0,27.0,2.0,35.0,0.03
2009-08-26 10:30:00-06:00,2009,8,26,10,30,875.0,839.0,138.0,27.0,2.2,39.0,0.03
2009-08-26 11:30:00-06:00,2009,8,26,11,30,945.0,856.0,142.0,28.0,2.3000000000000003,43.0,0.03
2009-08-26 12:30:00-06:00,2009,8,26,12,30,932.0,795.0,184.0,28.0,2.4000000000000004,48.0,0.03
2009-08-26 13:30:00-06:00,2009,8,26,13,30,867.0,781.0,177.0,28.0,2.5,54.0,0.03
2009-08-26 14:30:00-06:00,2009,8,26,14,30,741.0,743.0,165.0,28.0,2.6,62.0,0.03
2009-08-26 15:30:00-06:00,2009,8,26,15,30,469.0,362.0,245.0,28.0,2.8000000000000003,72.0,0.03
2009-08-26 16:30:00-06:00,2009,8,26,16,30,355.0,564.0,116.0,28.0,3.0,82.0,0.03
2009-08-26 17:30:00-06:00,2009,8,26,17,30,141.0,345.0,70.0,28.0,3.2,92.0,0.03
2009-08-26 18:30:00-06:00,2009,8,26,18,30,0.0,0.0,0.0,28.0,3.4000000000000004,100.0,0.03
2009-08-26 19:30:00-06:00,2009,8,26,19,30,0.0,0.0,0.0,28.0,3.3000000000000003,105.0,0.03
2009-08-26 20:30:00-06:00,2009,8,26,20,30,0.0,0.0,0.0,28.0,3.0,109.0,0.03
2009-08-26 21:30:00-06:00,2009,8,26,21,30,0.0,0.0,0.0,28.0,2.6,113.0,0.03
2009-08-26 22:30:00-06:00,2009,8,26,22,30,0.0,0.0,0.0,28.0,2.1,116.0,0.03
2009-08-26 23:30:00-06:00,2009,8,26,23,30,0.0,0.0,0.0,28.0,1.6,116.0,0.03
2009-08-27 00:30:00-06:00,2009,8,27,0,30,0.0,0.0,0.0,27.0,1.2000000000000002,114.0,0.03
2009-08-27 01:30:00-06:00,2009,8,27,1,30,0.0,0.0,0.0,27.0,0.8,108.0,0.03
2009-08-27 02:30:00-06:00,2009,8,27,2,30,0.0,0.0,0.0,27.0,0.7000000000000001,86.0,0.03
2009-08-27 03:30:00-06:00,2009,8,27,3,30,0.0,0.0,0.0,27.0,1.1,48.0,0.03
2009-08-27 04:30:00-06:00,2009,8,27,4,30,0.0,0.0,0.0,27.0,1.7000000000000002,26.0,0.03
2009-08-27 05:30:00-06:00,2009,8,27,5,30,0.0,0.0,0.0,27.0,2.3000000000000003,18.0,0.03
2009-08-27 06:30:00-06:00,2009,8,27,6,30,126.0,366.0,58.0,27.0,2.8000000000000003,17.0,0.03
2009-08-27 07:30:00-06:00,2009,8,27,7,30,340.0,604.0,95.0,28.0,3.1,18.0,0.03
2009-08-27 08:30:00-06:00,2009,8,27,8,30,552.0,723.0,118.0,28.0,3.2,21.0,0.03
2009-08-27 09:30:00-06:00,2009,8,27,9,30,733.0,789.0,132.0,28.0,3.1,24.0,0.03
2009-08-27 10:30:00-06:00,2009,8,27,10,30,864.0,825.0,141.0,28.0,3.0,24.0,0.03
2009-08-27 11:30:00-06:00,2009,8,27,11,30,933.0,842.0,145.0,28.0,2.8000000000000003,22.0,0.03
2009-08-27 12:30:00-06:00,2009,8,27,12,30,935.0,840.0,146.0,28.0,2.6,21.0,0.03
2009-08-27 13:30:00-06:00,2009,8,27,13,30,871.0,827.0,141.0,28.0,2.5,24.0,0.03
2009-08-27 14:30:00-06:00,2009,8,27,14,30,744.0,793.0,132.0,28.0,2.6,30.0,0.03
2009-08-27 15:30:00-06:00,2009,8,27,15,30,567.0,735.0,115.0,28.0,2.9000000000000004,38.0,0.03
2009-08-27 16:30:00-06:00,2009,8,27,16,30,355.0,621.0,95.0,28.0,3.3000000000000003,47.0,0.03
2009-08-27 17:30:00-06:00,2009,8,27,17,30,140.0,395.0,60.0,28.0,3.5,56.0,0.03
2009-08-27 18:30:00-06:00,2009,8,27,18,30,0.0,0.0,0.0,27.0,3.6,64.0,0.03
2009-08-27 19:30:00-06:00,2009,8,27,19,30,0.0,0.0,0.0,27.0,3.6,71.0,0.03
2009-08-27 20:30:00-06:00,2009,8,27,20,30,0.0,0.0,0.0,27.0,3.4000000000000004,78.0,0.03
2009-08-27 21:30:00-06:00,2009,8,27,21,30,0.0,0.0,0.0,27.0,3.0,85.0,0.03
2009-08-27 22:30:00-06:00,2009,8,27,22,30,0.0,0.0,0.0,27.0,2.6,93.0,0.03
2009-08-27 23:30:00-06:00,2009,8,27,23,30,0.0,0.0,0.0,26.0,2.0,102.0,0.03
2009-08-28 00:30:00-06:00,2009,8,28,0,30,0.0,0.0,0.0,26.0,1.3,117.0,0.03
2009-08-28 01:30:00-06:00,2009,8,28,1,30,0.0,0.0,0.0,26.0,1.0,156.0,0.03
2009-08-28 02:30:00-06:00,2009,8,28,2,30,0.0,0.0,0.0,26.0,1.1,223.0,0.03
2009-08-28 03:30:00-06:00,2009,8,28,3,30,0.0,0.0,0.0,26.0,1.4,268.0,0.03
2009-08-28 04:30:00-06:00,2009,8,28,4,30,0.0,0.0,0.0,26.0,1.8,302.0,0.03
2009-08-28 05:30:00-06:00,2009,8,28,5,30,0.0,0.0,0.0,27.0,2.3000000000000003,327.0,0.03
2009-08-28 06:30:00-06:00,2009,8,28,6,30,126.0,384.0,55.0,27.0,2.9000000000000004,341.0,0.03
2009-08-28 07:30:00-06:00,2009,8,28,7,30,339.0,616.0,90.0,27.0,3.4000000000000004,346.0,0.03
2009-08-28 08:30:00-06:00,2009,8,28,8,30,550.0,728.0,113.0,27.0,3.5,350.0,0.03
2009-08-28 09:30:00-06:00,2009,8,28,9,30,729.0,790.0,128.0,28.0,3.2,356.0,0.03
2009-08-28 10:30:00-06:00,2009,8,28,10,30,858.0,823.0,138.0,28.0,2.8000000000000003,2.0,0.03
2009-08-28 11:30:00-06:00,2009,8,28,11,30,926.0,835.0,145.0,28.0,2.3000000000000003,3.0,0.03
2009-08-28 12:30:00-06:00,2009,8,28,12,30,928.0,838.0,143.0,29.0,1.8,1.0,0.03
2009-08-28 13:30:00-06:00,2009,8,28,13,30,858.0,808.0,147.0,29.0,1.2000000000000002,356.0,0.03
2009-08-28 14:30:00-06:00,2009,8,28,14,30,728.0,756.0,146.0,29.0,0.6000000000000001,348.0,0.03
2009-08-28 15:30:00-06:00,2009,8,28,15,30,547.0,671.0,138.0,29.0,0.5,304.0,0.03
2009-08-28 16:30:00-06:00,2009,8,28,16,30,337.0,529.0,117.0,29.0,0.9,234.0,0.03
2009-08-28 17:30:00-06:00,2009,8,28,17,30,118.0,272.0,64.0,29.0,1.4,211.0,0.03
2009-08-28 18:30:00-06:00,2009,8,28,18,30,0.0,0.0,0.0,29.0,1.7000000000000002,203.0,0.02
2009-08-28 19:30:00-06:00,2009,8,28,19,30,0.0,0.0,0.0,28.0,1.9,202.0,0.02
2009-08-28 20:30:00-06:00,2009,8,28,20,30,0.0,0.0,0.0,28.0,2.1,206.0,0.02
2009-08-28 21:30:00-06:00,2009,8,28,21,30,0.0,0.0,0.0,28.0,2.3000000000000003,213.0,0.02
2009-08-28 22:30:00-06:00,2009,8,28,22,30,0.0,0.0,0.0,28.0,2.5,219.0,0.02
2009-08-28 23:30:00-06:00,2009,8,28,23,30,0.0,0.0,0.0,28.0,2.7,226.0,0.02
2009-08-29 00:30:00-06:00,2009,8,29,0,30,0.0,0.0,0.0,28.0,2.9000000000000004,233.0,0.02
2009-08-29 01:30:00-06:00,2009,8,29,1,30,0.0,0.0,0.0,28.0,2.9000000000000004,240.0,0.02
2009-08-29 02:30:00-06:00,2009,8,29,2,30,0.0,0.0,0.0,27.0,2.8000000000000003,249.0,0.02
2009-08-29 03:30:00-06:00,2009,8,29,3,30,0.0,0.0,0.0,27.0,2.6,260.0,0.02
2009-08-29 04:30:00-06:00,2009,8,29,4,30,0.0,0.0,0.0,27.0,2.5,270.0,0.02
2009-08-29 05:30:00-06:00,2009,8,29,5,30,0.0,0.0,0.0,27.0,2.2,275.0,0.02
2009-08-29 06:30:00-06:00,2009,8,29,6,30,89.0,129.0,65.0,28.0,2.0,272.0,0.02
2009-08-29 07:30:00-06:00,2009,8,29,7,30,306.0,458.0,122.0,28.0,2.0,258.0,0.02
2009-08-29 08:30:00-06:00,2009,8,29,8,30,464.0,394.0,228.0,28.0,2.2,241.0,0.02
2009-08-29 09:30:00-06:00,2009,8,29,9,30,600.0,362.0,325.0,29.0,2.5,229.0,0.02
2009-08-29 10:30:00-06:00,2009,8,29,10,30,720.0,398.0,372.0,29.0,2.8000000000000003,221.0,0.02
2009-08-29 11:30:00-06:00,2009,8,29,11,30,829.0,477.0,384.0,29.0,3.0,216.0,0.02
2009-08-29 12:30:00-06:00,2009,8,29,12,30,805.0,446.0,389.0,29.0,3.1,213.0,0.02
2009-08-29 13:30:00-06:00,2009,8,29,13,30,618.0,210.0,434.0,29.0,3.2,212.0,0.02
2009-08-29 14:30:00-06:00,2009,8,29,14,30,485.0,155.0,367.0,29.0,3.3000000000000003,210.0,0.02
2009-08-29 15:30:00-06:00,2009,8,29,15,30,503.0,502.0,198.0,29.0,3.3000000000000003,209.0,0.02
2009-08-29 16:30:00-06:00,2009,8,29,16,30,314.0,453.0,127.0,29.0,3.4000000000000004,207.0,0.02
2009-08-29 17:30:00-06:00,2009,8,29,17,30,120.0,238.0,74.0,29.0,3.5,202.0,0.02
2009-08-29 18:30:00-06:00,2009,8,29,18,30,0.0,0.0,0.0,29.0,3.7,197.0,0.02
2009-08-29 19:30:00-06:00,2009,8,29,19,30,0.0,0.0,0.0,29.0,4.0,193.0,0.02
2009-08-29 20:30:00-06:00,2009,8,29,20,30,0.0,0.0,0.0,29.0,4.3,191.0,0.02
2009-08-29 21:30:00-06:00,2009,8,29,21,30,0.0,0.0,0.0,29.0,4.5,191.0,0.02
2009-08-29 22:30:00-06:00,2009,8,29,22,30,0.0,0.0,0.0,29.0,4.7,193.0,0.02
2009-08-29 23:30:00-06:00,2009,8,29,23,30,0.0,0.0,0.0,29.0,4.800000000000001,195.0,0.02
2009-08-30 00:30:00-06:00,2009,8,30,0,30,0.0,0.0,0.0,29.0,4.9,198.0,0.02
2009-08-30 01:30:00-06:00,2009,8,30,1,30,0.0,0.0,0.0,29.0,4.800000000000001,202.0,0.02
2009-08-30 02:30:00-06:00,2009,8,30,2,30,0.0,0.0,0.0,28.0,4.6000000000000005,206.0,0.02
2009-08-30 03:30:00-06:00,2009,8,30,3,30,0.0,0.0,0.0,28.0,4.4,211.0,0.02
2009-08-30 04:30:00-06:00,2009,8,30,4,30,0.0,0.0,0.0,28.0,4.4,217.0,0.02
2009-08-30 05:30:00-06:00,2009,8,30,5,30,0.0,0.0,0.0,28.0,4.4,223.0,0.02
2009-08-30 06:30:00-06:00,2009,8,30,6,30,84.0,106.0,65.0,28.0,4.6000000000000005,227.0,0.02
2009-08-30 07:30:00-06:00,2009,8,30,7,30,302.0,446.0,123.0,28.0,4.800000000000001,232.0,0.02
2009-08-30 08:30:00-06:00,2009,8,30,8,30,386.0,203.0,264.0,28.0,4.9,236.0,0.02
2009-08-30 09:30:00-06:00,2009,8,30,9,30,363.0,50.0,324.0,29.0,4.800000000000001,240.0,0.02
2009-08-30 10:30:00-06:00,2009,8,30,10,30,113.0,0.0,113.0,29.0,4.800000000000001,243.0,0.02
2009-08-30 11:30:00-06:00,2009,8,30,11,30,59.0,0.0,59.0,29.0,5.1000000000000005,249.0,0.02
2009-08-30 12:30:00-06:00,2009,8,30,12,30,747.0,329.0,439.0,28.0,5.6000000000000005,257.0,0.02
2009-08-30 13:30:00-06:00,2009,8,30,13,30,370.0,29.0,345.0,28.0,6.0,270.0,0.02
2009-08-30 14:30:00-06:00,2009,8,30,14,30,586.0,325.0,338.0,28.0,5.9,278.0,0.02
2009-08-30 15:30:00-06:00,2009,8,30,15,30,387.0,196.0,269.0,28.0,5.0,278.0,0.02
2009-08-30 16:30:00-06:00,2009,8,30,16,30,211.0,106.0,167.0,28.0,3.5,273.0,0.02
2009-08-30 17:30:00-06:00,2009,8,30,17,30,123.0,338.0,59.0,28.0,2.3000000000000003,262.0,0.02
2009-08-30 18:30:00-06:00,2009,8,30,18,30,0.0,0.0,0.0,28.0,1.8,252.0,0.02
2009-08-30 19:30:00-06:00,2009,8,30,19,30,0.0,0.0,0.0,28.0,2.0,246.0,0.02
2009-08-30 20:30:00-06:00,2009,8,30,20,30,0.0,0.0,0.0,28.0,2.4000000000000004,248.0,0.02
2009-08-30 21:30:00-06:00,2009,8,30,21,30,0.0,0.0,0.0,28.0,2.7,250.0,0.02
2009-08-30 22:30:00-06:00,2009,8,30,22,30,0.0,0.0,0.0,28.0,2.9000000000000004,251.0,0.02
2009-08-30 23:30:00-06:00,2009,8,30,23,30,0.0,0.0,0.0,28.0,2.9000000000000004,257.0,0.02
2009-08-31 00:30:00-06:00,2009,8,31,0,30,0.0,0.0,0.0,28.0,2.8000000000000003,268.0,0.02
2009-08-31 01:30:00-06:00,2009,8,31,1,30,0.0,0.0,0.0,27.0,2.5,281.0,0.02
2009-08-31 02:30:00-06:00,2009,8,31,2,30,0.0,0.0,0.0,27.0,2.2,296.0,0.02
2009-08-31 03:30:00-06:00,2009,8,31,3,30,0.0,0.0,0.0,27.0,1.9,311.0,0.02
2009-08-31 04:30:00-06:00,2009,8,31,4,30,0.0,0.0,0.0,27.0,1.7000000000000002,329.0,0.02
2009-08-31 05:30:00-06:00,2009,8,31,5,30,0.0,0.0,0.0,27.0,1.5,353.0,0.02
2009-08-31 06:30:00-06:00,2009,8,31,6,30,6.0,0.0,6.0,27.0,1.4,21.0,0.02
2009-08-31 07:30:00-06:00,2009,8,31,7,30,206.0,109.0,162.0,27.0,1.5,48.0,0.02
2009-08-31 08:30:00-06:00,2009,8,31,8,30,254.0,35.0,233.0,27.0,1.7000000000000002,75.0,0.02
2009-08-31 09:30:00-06:00,2009,8,31,9,30,430.0,101.0,353.0,27.0,1.8,99.0,0.02
2009-08-31 10:30:00-06:00,2009,8,31,10,30,829.0,759.0,170.0,27.0,2.0,123.0,0.02
2009-08-31 11:30:00-06:00,2009,8,31,11,30,671.0,221.0,465.0,27.0,2.2,150.0,0.02
2009-08-31 12:30:00-06:00,2009,8,31,12,30,762.0,369.0,419.0,27.0,2.5,173.0,0.02
2009-08-31 13:30:00-06:00,2009,8,31,13,30,416.0,44.0,377.0,27.0,3.0,189.0,0.02
2009-08-31 14:30:00-06:00,2009,8,31,14,30,86.0,0.0,86.0,27.0,3.6,199.0,0.02
2009-08-31 15:30:00-06:00,2009,8,31,15,30,313.0,85.0,262.0,27.0,4.1000000000000005,204.0,0.02
2009-08-31 16:30:00-06:00,2009,8,31,16,30,305.0,442.0,126.0,27.0,4.4,208.0,0.02
2009-08-31 17:30:00-06:00,2009,8,31,17,30,106.0,206.0,68.0,27.0,4.4,214.0,0.02
2009-08-31 18:30:00-06:00,2009,8,31,18,30,0.0,0.0,0.0,29.0,5.800000000000001,120.0,0.01
2009-08-31 19:30:00-06:00,2009,8,31,19,30,0.0,0.0,0.0,29.0,6.0,121.0,0.01
2009-08-31 20:30:00-06:00,2009,8,31,20,30,0.0,0.0,0.0,29.0,6.2,122.0,0.01
2009-08-31 21:30:00-06:00,2009,8,31,21,30,0.0,0.0,0.0,29.0,6.300000000000001,124.0,0.01
2009-08-31 22:30:00-06:00,2009,8,31,22,30,0.0,0.0,0.0,29.0,6.4,127.0,0.01
2009-08-31 23:30:00-06:00,2009,8,31,23,30,0.0,0.0,0.0,29.0,6.5,128.0,0.01
2014-09-01 00:30:00-06:00,2014,9,1,0,30,0.0,0.0,0.0,28.0,6.4,130.0,0.01
2014-09-01 01:30:00-06:00,2014,9,1,1,30,0.0,0.0,0.0,28.0,6.300000000000001,130.0,0.01
2014-09-01 02:30:00-06:00,2014,9,1,2,30,0.0,0.0,0.0,28.0,6.1000000000000005,130.0,0.01
2014-09-01 03:30:00-06:00,2014,9,1,3,30,0.0,0.0,0.0,28.0,5.9,130.0,0.01
2014-09-01 04:30:00-06:00,2014,9,1,4,30,0.0,0.0,0.0,29.0,5.7,131.0,0.01
2014-09-01 05:30:00-06:00,2014,9,1,5,30,0.0,0.0,0.0,29.0,5.7,134.0,0.01
2014-09-01 06:30:00-06:00,2014,9,1,6,30,100.0,179.0,68.0,29.0,5.7,138.0,0.01
2014-09-01 07:30:00-06:00,2014,9,1,7,30,131.0,1.0,130.0,29.0,5.7,144.0,0.01
2014-09-01 08:30:00-06:00,2014,9,1,8,30,386.0,208.0,262.0,29.0,5.7,148.0,0.01
2014-09-01 09:30:00-06:00,2014,9,1,9,30,523.0,223.0,355.0,29.0,5.6000000000000005,153.0,0.01
2014-09-01 10:30:00-06:00,2014,9,1,10,30,698.0,351.0,393.0,29.0,5.4,155.0,0.01
2014-09-01 11:30:00-06:00,2014,9,1,11,30,615.0,158.0,468.0,29.0,5.1000000000000005,156.0,0.01
2014-09-01 12:30:00-06:00,2014,9,1,12,30,840.0,502.0,374.0,29.0,4.800000000000001,155.0,0.01
2014-09-01 13:30:00-06:00,2014,9,1,13,30,737.0,445.0,349.0,29.0,4.5,153.0,0.01
2014-09-01 14:30:00-06:00,2014,9,1,14,30,617.0,406.0,309.0,29.0,4.3,150.0,0.01
2014-09-01 15:30:00-06:00,2014,9,1,15,30,449.0,353.0,238.0,29.0,4.2,147.0,0.01
2014-09-01 16:30:00-06:00,2014,9,1,16,30,329.0,588.0,93.0,29.0,4.1000000000000005,145.0,0.01
2014-09-01 17:30:00-06:00,2014,9,1,17,30,118.0,336.0,57.0,29.0,4.0,143.0,0.01
2014-09-01 18:30:00-06:00,2014,9,1,18,30,0.0,0.0,0.0,29.0,4.0,142.0,0.01
2014-09-01 19:30:00-06:00,2014,9,1,19,30,0.0,0.0,0.0,29.0,3.9,140.0,0.01
2014-09-01 20:30:00-06:00,2014,9,1,20,30,0.0,0.0,0.0,29.0,3.8,139.0,0.01
2014-09-01 21:30:00-06:00,2014,9,1,21,30,0.0,0.0,0.0,29.0,3.8,141.0,0.01
2014-09-01 22:30:00-06:00,2014,9,1,22,30,0.0,0.0,0.0,29.0,3.7,146.0,0.01
2014-09-01 23:30:00-06:00,2014,9,1,23,30,0.0,0.0,0.0,29.0,3.7,154.0,0.01
2014-09-02 00:30:00-06:00,2014,9,2,0,30,0.0,0.0,0.0,29.0,3.8,166.0,0.01
2014-09-02 01:30:00-06:00,2014,9,2,1,30,0.0,0.0,0.0,28.0,3.9,179.0,0.01
2014-09-02 02:30:00-06:00,2014,9,2,2,30,0.0,0.0,0.0,28.0,3.8,192.0,0.01
2014-09-02 03:30:00-06:00,2014,9,2,3,30,0.0,0.0,0.0,28.0,3.4000000000000004,197.0,0.01
2014-09-02 04:30:00-06:00,2014,9,2,4,30,0.0,0.0,0.0,28.0,2.7,196.0,0.01
2014-09-02 05:30:00-06:00,2014,9,2,5,30,0.0,0.0,0.0,28.0,2.1,188.0,0.01
2014-09-02 06:30:00-06:00,2014,9,2,6,30,115.0,346.0,53.0,29.0,1.9,168.0,0.01
2014-09-02 07:30:00-06:00,2014,9,2,7,30,328.0,616.0,84.0,29.0,2.2,144.0,0.01
2014-09-02 08:30:00-06:00,2014,9,2,8,30,541.0,746.0,99.0,29.0,2.6,130.0,0.01
2014-09-02 09:30:00-06:00,2014,9,2,9,30,723.0,821.0,105.0,29.0,2.8000000000000003,124.0,0.01
2014-09-02 10:30:00-06:00,2014,9,2,10,30,616.0,220.0,425.0,29.0,2.8000000000000003,121.0,0.01
2014-09-02 11:30:00-06:00,2014,9,2,11,30,921.0,875.0,112.0,30.0,2.7,116.0,0.01
2014-09-02 12:30:00-06:00,2014,9,2,12,30,811.0,467.0,379.0,30.0,2.6,111.0,0.01
2014-09-02 13:30:00-06:00,2014,9,2,13,30,856.0,865.0,106.0,30.0,2.6,106.0,0.01
2014-09-02 14:30:00-06:00,2014,9,2,14,30,728.0,834.0,99.0,30.0,2.6,104.0,0.01
2014-09-02 15:30:00-06:00,2014,9,2,15,30,505.0,561.0,172.0,30.0,2.5,104.0,0.01
2014-09-02 16:30:00-06:00,2014,9,2,16,30,308.0,482.0,116.0,30.0,2.4000000000000004,110.0,0.01
2014-09-02 17:30:00-06:00,2014,9,2,17,30,98.0,213.0,60.0,29.0,2.4000000000000004,120.0,0.01
2014-09-02 18:30:00-06:00,2014,9,2,18,30,0.0,0.0,0.0,29.0,2.5,131.0,0.01
2014-09-02 19:30:00-06:00,2014,9,2,19,30,0.0,0.0,0.0,29.0,2.6,143.0,0.01
2014-09-02 20:30:00-06:00,2014,9,2,20,30,0.0,0.0,0.0,29.0,2.7,151.0,0.01
2014-09-02 21:30:00-06:00,2014,9,2,21,30,0.0,0.0,0.0,29.0,2.6,150.0,0.01
2014-09-02 22:30:00-06:00,2014,9,2,22,30,0.0,0.0,0.0,28.0,2.6,141.0,0.01
2014-09-02 23:30:00-06:00,2014,9,2,23,30,0.0,0.0,0.0,28.0,2.6,127.0,0.01
2014-09-03 00:30:00-06:00,2014,9,3,0,30,0.0,0.0,0.0,28.0,2.6,109.0,0.01
2014-09-03 01:30:00-06:00,2014,9,3,1,30,0.0,0.0,0.0,28.0,2.8000000000000003,90.0,0.01
2014-09-03 02:30:00-06:00,2014,9,3,2,30,0.0,0.0,0.0,28.0,3.0,74.0,0.01
2014-09-03 03:30:00-06:00,2014,9,3,3,30,0.0,0.0,0.0,28.0,3.1,66.0,0.01
2014-09-03 04:30:00-06:00,2014,9,3,4,30,0.0,0.0,0.0,28.0,3.2,58.0,0.01
2014-09-03 05:30:00-06:00,2014,9,3,5,30,0.0,0.0,0.0,28.0,3.3000000000000003,52.0,0.01
2014-09-03 06:30:00-06:00,2014,9,3,6,30,120.0,439.0,43.0,28.0,3.4000000000000004,50.0,0.01
2014-09-03 07:30:00-06:00,2014,9,3,7,30,336.0,679.0,68.0,28.0,3.2,52.0,0.01
2014-09-03 08:30:00-06:00,2014,9,3,8,30,548.0,790.0,81.0,28.0,3.0,56.0,0.01
2014-09-03 09:30:00-06:00,2014,9,3,9,30,727.0,849.0,90.0,28.0,2.8000000000000003,61.0,0.01
2014-09-03 10:30:00-06:00,2014,9,3,10,30,856.0,879.0,96.0,28.0,2.5,66.0,0.01
2014-09-03 11:30:00-06:00,2014,9,3,11,30,823.0,486.0,375.0,28.0,2.2,70.0,0.01
2014-09-03 12:30:00-06:00,2014,9,3,12,30,815.0,474.0,377.0,28.0,2.0,75.0,0.01
2014-09-03 13:30:00-06:00,2014,9,3,13,30,728.0,437.0,350.0,29.0,1.9,82.0,0.01
2014-09-03 14:30:00-06:00,2014,9,3,14,30,390.0,69.0,337.0,29.0,1.8,91.0,0.01
2014-09-03 15:30:00-06:00,2014,9,3,15,30,308.0,85.0,257.0,28.0,1.7000000000000002,96.0,0.01
2014-09-03 16:30:00-06:00,2014,9,3,16,30,109.0,0.0,109.0,28.0,1.6,98.0,0.01
2014-09-03 17:30:00-06:00,2014,9,3,17,30,54.0,0.0,54.0,28.0,1.6,96.0,0.01
2014-09-03 18:30:00-06:00,2014,9,3,18,30,0.0,0.0,0.0,28.0,1.8,90.0,0.01
2014-09-03 19:30:00-06:00,2014,9,3,19,30,0.0,0.0,0.0,28.0,2.0,89.0,0.01
2014-09-03 20:30:00-06:00,2014,9,3,20,30,0.0,0.0,0.0,28.0,2.2,91.0,0.01
2014-09-03 21:30:00-06:00,2014,9,3,21,30,0.0,0.0,0.0,28.0,2.3000000000000003,92.0,0.01
2014-09-03 22:30:00-06:00,2014,9,3,22,30,0.0,0.0,0.0,28.0,2.3000000000000003,92.0,0.01
2014-09-03 23:30:00-06:00,2014,9,3,23,30,0.0,0.0,0.0,28.0,2.3000000000000003,90.0,0.01
2014-09-04 00:30:00-06:00,2014,9,4,0,30,0.0,0.0,0.0,28.0,2.3000000000000003,86.0,0.01
2014-09-04 01:30:00-06:00,2014,9,4,1,30,0.0,0.0,0.0,28.0,2.3000000000000003,82.0,0.01
2014-09-04 02:30:00-06:00,2014,9,4,2,30,0.0,0.0,0.0,28.0,2.4000000000000004,78.0,0.01
2014-09-04 03:30:00-06:00,2014,9,4,3,30,0.0,0.0,0.0,28.0,2.6,78.0,0.01
2014-09-04 04:30:00-06:00,2014,9,4,4,30,0.0,0.0,0.0,28.0,2.9000000000000004,84.0,0.01
2014-09-04 05:30:00-06:00,2014,9,4,5,30,0.0,0.0,0.0,28.0,3.2,90.0,0.01
2014-09-04 06:30:00-06:00,2014,9,4,6,30,34.0,0.0,34.0,28.0,3.4000000000000004,94.0,0.01
2014-09-04 07:30:00-06:00,2014,9,4,7,30,330.0,647.0,76.0,28.0,3.5,98.0,0.01
2014-09-04 08:30:00-06:00,2014,9,4,8,30,541.0,760.0,93.0,29.0,3.4000000000000004,104.0,0.01
2014-09-04 09:30:00-06:00,2014,9,4,9,30,565.0,307.0,335.0,29.0,3.2,109.0,0.01
2014-09-04 10:30:00-06:00,2014,9,4,10,30,848.0,857.0,110.0,29.0,3.0,114.0,0.01
2014-09-04 11:30:00-06:00,2014,9,4,11,30,915.0,872.0,112.0,29.0,2.8000000000000003,120.0,0.01
2014-09-04 12:30:00-06:00,2014,9,4,12,30,913.0,867.0,115.0,29.0,2.8000000000000003,126.0,0.01
2014-09-04 13:30:00-06:00,2014,9,4,13,30,845.0,852.0,111.0,29.0,2.9000000000000004,133.0,0.01
2014-09-04 14:30:00-06:00,2014,9,4,14,30,630.0,479.0,272.0,29.0,3.1,139.0,0.01
2014-09-04 15:30:00-06:00,2014,9,4,15,30,537.0,755.0,93.0,29.0,3.3000000000000003,140.0,0.01
2014-09-04 16:30:00-06:00,2014,9,4,16,30,326.0,638.0,76.0,29.0,3.4000000000000004,140.0,0.01
2014-09-04 17:30:00-06:00,2014,9,4,17,30,113.0,387.0,47.0,29.0,3.5,140.0,0.01
2014-09-04 18:30:00-06:00,2014,9,4,18,30,0.0,0.0,0.0,29.0,3.4000000000000004,141.0,0.01
2014-09-04 19:30:00-06:00,2014,9,4,19,30,0.0,0.0,0.0,29.0,3.3000000000000003,142.0,0.01
2014-09-04 20:30:00-06:00,2014,9,4,20,30,0.0,0.0,0.0,29.0,3.2,143.0,0.01
2014-09-04 21:30:00-06:00,2014,9,4,21,30,0.0,0.0,0.0,28.0,3.1,145.0,0.01
2014-09-04 22:30:00-06:00,2014,9,4,22,30,0.0,0.0,0.0,28.0,2.8000000000000003,148.0,0.01
2014-09-04 23:30:00-06:00,2014,9,4,23,30,0.0,0.0,0.0,28.0,2.5,150.0,0.01
2014-09-05 00:30:00-06:00,2014,9,5,0,30,0.0,0.0,0.0,28.0,2.2,150.0,0.01
2014-09-05 01:30:00-06:00,2014,9,5,1,30,0.0,0.0,0.0,28.0,2.0,149.0,0.01
2014-09-05 02:30:00-06:00,2014,9,5,2,30,0.0,0.0,0.0,28.0,1.9,142.0,0.01
2014-09-05 03:30:00-06:00,2014,9,5,3,30,0.0,0.0,0.0,28.0,1.9,138.0,0.01
2014-09-05 04:30:00-06:00,2014,9,5,4,30,0.0,0.0,0.0,28.0,2.0,136.0,0.01
2014-09-05 05:30:00-06:00,2014,9,5,5,30,0.0,0.0,0.0,28.0,2.0,136.0,0.01
2014-09-05 06:30:00-06:00,2014,9,5,6,30,118.0,437.0,42.0,28.0,1.9,137.0,0.01
2014-09-05 07:30:00-06:00,2014,9,5,7,30,287.0,414.0,126.0,28.0,1.8,139.0,0.01
2014-09-05 08:30:00-06:00,2014,9,5,8,30,452.0,387.0,225.0,28.0,1.6,142.0,0.01
2014-09-05 09:30:00-06:00,2014,9,5,9,30,628.0,473.0,274.0,29.0,1.5,142.0,0.01
2014-09-05 10:30:00-06:00,2014,9,5,10,30,853.0,883.0,93.0,29.0,1.3,139.0,0.01
2014-09-05 11:30:00-06:00,2014,9,5,11,30,919.0,897.0,96.0,29.0,1.2000000000000002,140.0,0.01
2014-09-05 12:30:00-06:00,2014,9,5,12,30,843.0,528.0,359.0,29.0,1.1,140.0,0.01
2014-09-05 13:30:00-06:00,2014,9,5,13,30,729.0,452.0,341.0,29.0,1.1,142.0,0.01
2014-09-05 14:30:00-06:00,2014,9,5,14,30,555.0,295.0,336.0,29.0,1.1,144.0,0.01
2014-09-05 15:30:00-06:00,2014,9,5,15,30,324.0,113.0,258.0,29.0,1.2000000000000002,151.0,0.01
2014-09-05 16:30:00-06:00,2014,9,5,16,30,236.0,218.0,151.0,29.0,1.4,154.0,0.01
2014-09-05 17:30:00-06:00,2014,9,5,17,30,59.0,15.0,56.0,29.0,1.5,159.0,0.01
2014-09-05 18:30:00-06:00,2014,9,5,18,30,0.0,0.0,0.0,28.0,1.6,159.0,0.01
2014-09-05 19:30:00-06:00,2014,9,5,19,30,0.0,0.0,0.0,28.0,1.7000000000000002,162.0,0.01
2014-09-05 20:30:00-06:00,2014,9,5,20,30,0.0,0.0,0.0,28.0,1.8,166.0,0.01
2014-09-05 21:30:00-06:00,2014,9,5,21,30,0.0,0.0,0.0,28.0,1.8,174.0,0.01
2014-09-05 22:30:00-06:00,2014,9,5,22,30,0.0,0.0,0.0,28.0,1.8,185.0,0.01
2014-09-05 23:30:00-06:00,2014,9,5,23,30,0.0,0.0,0.0,28.0,1.8,200.0,0.01
2014-09-06 00:30:00-06:00,2014,9,6,0,30,0.0,0.0,0.0,28.0,1.9,221.0,0.01
2014-09-06 01:30:00-06:00,2014,9,6,1,30,0.0,0.0,0.0,28.0,2.1,243.0,0.01
2014-09-06 02:30:00-06:00,2014,9,6,2,30,0.0,0.0,0.0,28.0,2.3000000000000003,266.0,0.01
2014-09-06 03:30:00-06:00,2014,9,6,3,30,0.0,0.0,0.0,28.0,2.6,284.0,0.01
2014-09-06 04:30:00-06:00,2014,9,6,4,30,0.0,0.0,0.0,28.0,2.7,297.0,0.01
2014-09-06 05:30:00-06:00,2014,9,6,5,30,0.0,0.0,0.0,28.0,2.8000000000000003,307.0,0.01
2014-09-06 06:30:00-06:00,2014,9,6,6,30,116.0,441.0,41.0,28.0,2.7,316.0,0.01
2014-09-06 07:30:00-06:00,2014,9,6,7,30,331.0,682.0,66.0,28.0,2.4000000000000004,321.0,0.01
2014-09-06 08:30:00-06:00,2014,9,6,8,30,543.0,793.0,79.0,28.0,1.9,321.0,0.01
2014-09-06 09:30:00-06:00,2014,9,6,9,30,591.0,369.0,316.0,28.0,1.5,316.0,0.01
2014-09-06 10:30:00-06:00,2014,9,6,10,30,427.0,53.0,382.0,28.0,1.4,302.0,0.01
2014-09-06 11:30:00-06:00,2014,9,6,11,30,918.0,900.0,94.0,28.0,1.5,281.0,0.01
2014-09-06 12:30:00-06:00,2014,9,6,12,30,794.0,458.0,374.0,29.0,1.8,266.0,0.01
2014-09-06 13:30:00-06:00,2014,9,6,13,30,713.0,420.0,354.0,29.0,2.2,258.0,0.01
2014-09-06 14:30:00-06:00,2014,9,6,14,30,600.0,394.0,308.0,29.0,2.5,256.0,0.01
2014-09-06 15:30:00-06:00,2014,9,6,15,30,443.0,379.0,223.0,29.0,2.8000000000000003,254.0,0.01
2014-09-06 16:30:00-06:00,2014,9,6,16,30,319.0,639.0,75.0,29.0,3.1,253.0,0.01
2014-09-06 17:30:00-06:00,2014,9,6,17,30,107.0,381.0,45.0,28.0,3.3000000000000003,256.0,0.01
2014-09-06 18:30:00-06:00,2014,9,6,18,30,0.0,0.0,0.0,28.0,3.4000000000000004,262.0,0.01
2014-09-06 19:30:00-06:00,2014,9,6,19,30,0.0,0.0,0.0,28.0,3.5,270.0,0.01
2014-09-06 20:30:00-06:00,2014,9,6,20,30,0.0,0.0,0.0,28.0,3.5,278.0,0.01
2014-09-06 21:30:00-06:00,2014,9,6,21,30,0.0,0.0,0.0,28.0,3.4000000000000004,285.0,0.01
2014-09-06 22:30:00-06:00,2014,9,6,22,30,0.0,0.0,0.0,27.0,3.2,292.0,0.01
2014-09-06 23:30:00-06:00,2014,9,6,23,30,0.0,0.0,0.0,27.0,3.0,297.0,0.01
2014-09-07 00:30:00-06:00,2014,9,7,0,30,0.0,0.0,0.0,27.0,2.8000000000000003,302.0,0.01
2014-09-07 01:30:00-06:00,2014,9,7,1,30,0.0,0.0,0.0,27.0,2.7,308.0,0.01
2014-09-07 02:30:00-06:00,2014,9,7,2,30,0.0,0.0,0.0,26.0,2.7,314.0,0.01
2014-09-07 03:30:00-06:00,2014,9,7,3,30,0.0,0.0,0.0,26.0,2.6,319.0,0.01
2014-09-07 04:30:00-06:00,2014,9,7,4,30,0.0,0.0,0.0,26.0,2.5,323.0,0.01
2014-09-07 05:30:00-06:00,2014,9,7,5,30,0.0,0.0,0.0,26.0,2.3000000000000003,326.0,0.01
2014-09-07 06:30:00-06:00,2014,9,7,6,30,111.0,376.0,47.0,27.0,2.0,329.0,0.01
2014-09-07 07:30:00-06:00,2014,9,7,7,30,267.0,335.0,137.0,27.0,1.5,328.0,0.01
2014-09-07 08:30:00-06:00,2014,9,7,8,30,442.0,366.0,229.0,27.0,1.0,318.0,0.01
2014-09-07 09:30:00-06:00,2014,9,7,9,30,623.0,467.0,275.0,27.0,0.8,290.0,0.01
2014-09-07 10:30:00-06:00,2014,9,7,10,30,769.0,527.0,319.0,28.0,1.1,252.0,0.01
2014-09-07 11:30:00-06:00,2014,9,7,11,30,904.0,854.0,124.0,28.0,1.5,239.0,0.01
2014-09-07 12:30:00-06:00,2014,9,7,12,30,901.0,846.0,129.0,29.0,1.8,240.0,0.01
2014-09-07 13:30:00-06:00,2014,9,7,13,30,832.0,830.0,125.0,29.0,2.1,243.0,0.01
2014-09-07 14:30:00-06:00,2014,9,7,14,30,702.0,794.0,116.0,29.0,2.2,248.0,0.01
2014-09-07 15:30:00-06:00,2014,9,7,15,30,522.0,727.0,103.0,29.0,2.3000000000000003,253.0,0.01
2014-09-07 16:30:00-06:00,2014,9,7,16,30,311.0,604.0,83.0,29.0,2.2,254.0,0.01
2014-09-07 17:30:00-06:00,2014,9,7,17,30,101.0,343.0,47.0,29.0,2.1,254.0,0.01
2014-09-07 18:30:00-06:00,2014,9,7,18,30,0.0,0.0,0.0,29.0,1.9,253.0,0.01
2014-09-07 19:30:00-06:00,2014,9,7,19,30,0.0,0.0,0.0,29.0,1.8,250.0,0.01
2014-09-07 20:30:00-06:00,2014,9,7,20,30,0.0,0.0,0.0,29.0,1.7000000000000002,247.0,0.01
2014-09-07 21:30:00-06:00,2014,9,7,21,30,0.0,0.0,0.0,29.0,1.6,244.0,0.01
2014-09-07 22:30:00-06:00,2014,9,7,22,30,0.0,0.0,0.0,28.0,1.6,239.0,0.01
2014-09-07 23:30:00-06:00,2014,9,7,23,30,0.0,0.0,0.0,28.0,1.8,232.0,0.01
2014-09-08 00:30:00-06:00,2014,9,8,0,30,0.0,0.0,0.0,28.0,2.0,229.0,0.01
2014-09-08 01:30:00-06:00,2014,9,8,1,30,0.0,0.0,0.0,28.0,2.1,229.0,0.01
2014-09-08 02:30:00-06:00,2014,9,8,2,30,0.0,0.0,0.0,28.0,2.2,233.0,0.01
2014-09-08 03:30:00-06:00,2014,9,8,3,30,0.0,0.0,0.0,28.0,2.2,236.0,0.01
2014-09-08 04:30:00-06:00,2014,9,8,4,30,0.0,0.0,0.0,28.0,2.2,241.0,0.01
2014-09-08 05:30:00-06:00,2014,9,8,5,30,0.0,0.0,0.0,28.0,2.2,247.0,0.01
2014-09-08 06:30:00-06:00,2014,9,8,6,30,48.0,0.0,48.0,28.0,2.1,254.0,0.01
2014-09-08 07:30:00-06:00,2014,9,8,7,30,179.0,68.0,153.0,28.0,2.1,261.0,0.01
2014-09-08 08:30:00-06:00,2014,9,8,8,30,475.0,475.0,199.0,28.0,2.1,265.0,0.01
2014-09-08 09:30:00-06:00,2014,9,8,9,30,715.0,828.0,101.0,29.0,2.1,268.0,0.01
2014-09-08 10:30:00-06:00,2014,9,8,10,30,844.0,862.0,107.0,29.0,2.1,271.0,0.01
2014-09-08 11:30:00-06:00,2014,9,8,11,30,910.0,878.0,110.0,29.0,2.1,273.0,0.01
2014-09-08 12:30:00-06:00,2014,9,8,12,30,908.0,879.0,109.0,30.0,2.1,272.0,0.01
2014-09-08 13:30:00-06:00,2014,9,8,13,30,839.0,864.0,105.0,30.0,2.0,267.0,0.01
2014-09-08 14:30:00-06:00,2014,9,8,14,30,610.0,452.0,278.0,30.0,2.0,260.0,0.01
2014-09-08 15:30:00-06:00,2014,9,8,15,30,440.0,391.0,217.0,30.0,2.0,250.0,0.01
2014-09-08 16:30:00-06:00,2014,9,8,16,30,236.0,248.0,143.0,30.0,2.0,238.0,0.01
2014-09-08 17:30:00-06:00,2014,9,8,17,30,101.0,390.0,41.0,29.0,2.1,229.0,0.01
2014-09-08 18:30:00-06:00,2014,9,8,18,30,0.0,0.0,0.0,29.0,2.1,223.0,0.01
2014-09-08 19:30:00-06:00,2014,9,8,19,30,0.0,0.0,0.0,29.0,2.0,218.0,0.01
2014-09-08 20:30:00-06:00,2014,9,8,20,30,0.0,0.0,0.0,29.0,1.9,214.0,0.01
2014-09-08 21:30:00-06:00,2014,9,8,21,30,0.0,0.0,0.0,29.0,1.9,213.0,0.01
2014-09-08 22:30:00-06:00,2014,9,8,22,30,0.0,0.0,0.0,29.0,1.9,210.0,0.01
2014-09-08 23:30:00-06:00,2014,9,8,23,30,0.0,0.0,0.0,29.0,2.1,206.0,0.01
2014-09-09 00:30:00-06:00,2014,9,9,0,30,0.0,0.0,0.0,28.0,2.2,207.0,0.01
2014-09-09 01:30:00-06:00,2014,9,9,1,30,0.0,0.0,0.0,28.0,2.2,212.0,0.01
2014-09-09 02:30:00-06:00,2014,9,9,2,30,0.0,0.0,0.0,28.0,2.2,218.0,0.01
2014-09-09 03:30:00-06:00,2014,9,9,3,30,0.0,0.0,0.0,28.0,2.1,224.0,0.01
2014-09-09 04:30:00-06:00,2014,9,9,4,30,0.0,0.0,0.0,28.0,1.9,230.0,0.01
2014-09-09 05:30:00-06:00,2014,9,9,5,30,0.0,0.0,0.0,28.0,1.6,238.0,0.01
2014-09-09 06:30:00-06:00,2014,9,9,6,30,112.0,420.0,42.0,29.0,1.4,245.0,0.01
2014-09-09 07:30:00-06:00,2014,9,9,7,30,327.0,673.0,69.0,29.0,1.2000000000000002,249.0,0.01
2014-09-09 08:30:00-06:00,2014,9,9,8,30,540.0,790.0,82.0,29.0,1.0,245.0,0.01
2014-09-09 09:30:00-06:00,2014,9,9,9,30,720.0,852.0,90.0,29.0,0.8,239.0,0.01
2014-09-09 10:30:00-06:00,2014,9,9,10,30,849.0,886.0,94.0,30.0,0.8,231.0,0.01
2014-09-09 11:30:00-06:00,2014,9,9,11,30,914.0,901.0,96.0,30.0,1.0,210.0,0.01
2014-09-09 12:30:00-06:00,2014,9,9,12,30,911.0,897.0,98.0,30.0,1.4,190.0,0.01
2014-09-09 13:30:00-06:00,2014,9,9,13,30,841.0,884.0,94.0,30.0,1.7000000000000002,186.0,0.01
2014-09-09 14:30:00-06:00,2014,9,9,14,30,709.0,852.0,88.0,30.0,1.8,186.0,0.01
2014-09-09 15:30:00-06:00,2014,9,9,15,30,468.0,499.0,184.0,30.0,1.9,186.0,0.01
2014-09-09 16:30:00-06:00,2014,9,9,16,30,314.0,678.0,63.0,30.0,2.0,184.0,0.01
2014-09-09 17:30:00-06:00,2014,9,9,17,30,100.0,420.0,37.0,29.0,1.9,182.0,0.01
2014-09-09 18:30:00-06:00,2014,9,9,18,30,0.0,0.0,0.0,29.0,1.8,179.0,0.01
2014-09-09 19:30:00-06:00,2014,9,9,19,30,0.0,0.0,0.0,29.0,1.7000000000000002,174.0,0.01
2014-09-09 20:30:00-06:00,2014,9,9,20,30,0.0,0.0,0.0,29.0,1.8,166.0,0.01
2014-09-09 21:30:00-06:00,2014,9,9,21,30,0.0,0.0,0.0,29.0,2.0,165.0,0.01
2014-09-09 22:30:00-06:00,2014,9,9,22,30,0.0,0.0,0.0,29.0,2.1,168.0,0.01
2014-09-09 23:30:00-06:00,2014,9,9,23,30,0.0,0.0,0.0,29.0,2.0,173.0,0.01
2014-09-10 00:30:00-06:00,2014,9,10,0,30,0.0,0.0,0.0,29.0,1.9,180.0,0.01
2014-09-10 01:30:00-06:00,2014,9,10,1,30,0.0,0.0,0.0,28.0,1.7000000000000002,193.0,0.01
2014-09-10 02:30:00-06:00,2014,9,10,2,30,0.0,0.0,0.0,28.0,1.5,214.0,0.01
2014-09-10 03:30:00-06:00,2014,9,10,3,30,0.0,0.0,0.0,28.0,1.2000000000000002,237.0,0.01
2014-09-10 04:30:00-06:00,2014,9,10,4,30,0.0,0.0,0.0,28.0,1.0,254.0,0.01
2014-09-10 05:30:00-06:00,2014,9,10,5,30,0.0,0.0,0.0,29.0,0.7000000000000001,272.0,0.01
2014-09-10 06:30:00-06:00,2014,9,10,6,30,111.0,440.0,40.0,29.0,0.3,288.0,0.01
2014-09-10 07:30:00-06:00,2014,9,10,7,30,327.0,686.0,65.0,29.0,0.3,330.0,0.01
2014-09-10 08:30:00-06:00,2014,9,10,8,30,538.0,795.0,79.0,29.0,0.7000000000000001,93.0,0.01
2014-09-10 09:30:00-06:00,2014,9,10,9,30,717.0,853.0,87.0,30.0,1.0,100.0,0.01
2014-09-10 10:30:00-06:00,2014,9,10,10,30,844.0,884.0,93.0,30.0,1.4,105.0,0.01
2014-09-10 11:30:00-06:00,2014,9,10,11,30,909.0,897.0,96.0,30.0,1.7000000000000002,114.0,0.01
2014-09-10 12:30:00-06:00,2014,9,10,12,30,907.0,903.0,91.0,30.0,1.8,122.0,0.01
2014-09-10 13:30:00-06:00,2014,9,10,13,30,837.0,888.0,89.0,31.0,1.9,128.0,0.01
2014-09-10 14:30:00-06:00,2014,9,10,14,30,704.0,854.0,84.0,30.0,2.1,130.0,0.01
2014-09-10 15:30:00-06:00,2014,9,10,15,30,518.0,769.0,84.0,30.0,2.4000000000000004,129.0,0.01
2014-09-10 16:30:00-06:00,2014,9,10,16,30,305.0,650.0,68.0,30.0,2.7,130.0,0.01
2014-09-10 17:30:00-06:00,2014,9,10,17,30,94.0,382.0,38.0,30.0,3.0,130.0,0.01
2014-09-10 18:30:00-06:00,2014,9,10,18,30,0.0,0.0,0.0,30.0,3.3000000000000003,132.0,0.01
2014-09-10 19:30:00-06:00,2014,9,10,19,30,0.0,0.0,0.0,29.0,3.6,133.0,0.01
2014-09-10 20:30:00-06:00,2014,9,10,20,30,0.0,0.0,0.0,29.0,3.7,134.0,0.01
2014-09-10 21:30:00-06:00,2014,9,10,21,30,0.0,0.0,0.0,29.0,3.8,137.0,0.01
2014-09-10 22:30:00-06:00,2014,9,10,22,30,0.0,0.0,0.0,29.0,3.8,140.0,0.01
2014-09-10 23:30:00-06:00,2014,9,10,23,30,0.0,0.0,0.0,29.0,3.5,144.0,0.01
2014-09-11 00:30:00-06:00,2014,9,11,0,30,0.0,0.0,0.0,29.0,3.2,146.0,0.01
2014-09-11 01:30:00-06:00,2014,9,11,1,30,0.0,0.0,0.0,29.0,2.7,147.0,0.01
2014-09-11 02:30:00-06:00,2014,9,11,2,30,0.0,0.0,0.0,29.0,2.3000000000000003,142.0,0.01
2014-09-11 03:30:00-06:00,2014,9,11,3,30,0.0,0.0,0.0,29.0,1.9,134.0,0.01
2014-09-11 04:30:00-06:00,2014,9,11,4,30,0.0,0.0,0.0,29.0,1.7000000000000002,126.0,0.01
2014-09-11 05:30:00-06:00,2014,9,11,5,30,0.0,0.0,0.0,29.0,1.7000000000000002,116.0,0.01
2014-09-11 06:30:00-06:00,2014,9,11,6,30,109.0,424.0,40.0,29.0,1.7000000000000002,111.0,0.01
2014-09-11 07:30:00-06:00,2014,9,11,7,30,323.0,677.0,65.0,29.0,1.8,111.0,0.01
2014-09-11 08:30:00-06:00,2014,9,11,8,30,534.0,789.0,79.0,29.0,1.9,111.0,0.01
2014-09-11 09:30:00-06:00,2014,9,11,9,30,712.0,848.0,88.0,30.0,2.1,105.0,0.01
2014-09-11 10:30:00-06:00,2014,9,11,10,30,839.0,880.0,94.0,30.0,2.3000000000000003,98.0,0.01
2014-09-11 11:30:00-06:00,2014,9,11,11,30,904.0,894.0,96.0,30.0,2.5,96.0,0.01
2014-09-11 12:30:00-06:00,2014,9,11,12,30,893.0,865.0,114.0,30.0,2.7,98.0,0.01
2014-09-11 13:30:00-06:00,2014,9,11,13,30,823.0,851.0,109.0,30.0,2.8000000000000003,102.0,0.01
2014-09-11 14:30:00-06:00,2014,9,11,14,30,691.0,817.0,101.0,30.0,3.0,107.0,0.01
2014-09-11 15:30:00-06:00,2014,9,11,15,30,510.0,752.0,89.0,30.0,3.2,111.0,0.01
2014-09-11 16:30:00-06:00,2014,9,11,16,30,298.0,627.0,71.0,30.0,3.5,113.0,0.01
2014-09-11 17:30:00-06:00,2014,9,11,17,30,88.0,345.0,40.0,29.0,3.7,114.0,0.01
2014-09-11 18:30:00-06:00,2014,9,11,18,30,0.0,0.0,0.0,29.0,4.0,114.0,0.01
2014-09-11 19:30:00-06:00,2014,9,11,19,30,0.0,0.0,0.0,29.0,4.3,115.0,0.01
2014-09-11 20:30:00-06:00,2014,9,11,20,30,0.0,0.0,0.0,29.0,4.5,117.0,0.01
2014-09-11 21:30:00-06:00,2014,9,11,21,30,0.0,0.0,0.0,29.0,4.6000000000000005,121.0,0.01
2014-09-11 22:30:00-06:00,2014,9,11,22,30,0.0,0.0,0.0,29.0,4.4,126.0,0.01
2014-09-11 23:30:00-06:00,2014,9,11,23,30,0.0,0.0,0.0,29.0,4.1000000000000005,133.0,0.01
2014-09-12 00:30:00-06:00,2014,9,12,0,30,0.0,0.0,0.0,28.0,3.6,141.0,0.01
2014-09-12 01:30:00-06:00,2014,9,12,1,30,0.0,0.0,0.0,28.0,3.0,149.0,0.01
2014-09-12 02:30:00-06:00,2014,9,12,2,30,0.0,0.0,0.0,28.0,2.4000000000000004,156.0,0.01
2014-09-12 03:30:00-06:00,2014,9,12,3,30,0.0,0.0,0.0,28.0,1.8,160.0,0.01
2014-09-12 04:30:00-06:00,2014,9,12,4,30,0.0,0.0,0.0,28.0,1.3,164.0,0.01
2014-09-12 05:30:00-06:00,2014,9,12,5,30,0.0,0.0,0.0,28.0,1.1,158.0,0.01
2014-09-12 06:30:00-06:00,2014,9,12,6,30,105.0,400.0,42.0,28.0,1.2000000000000002,149.0,0.01
2014-09-12 07:30:00-06:00,2014,9,12,7,30,319.0,666.0,67.0,28.0,1.5,145.0,0.01
2014-09-12 08:30:00-06:00,2014,9,12,8,30,443.0,391.0,218.0,29.0,1.7000000000000002,150.0,0.01
2014-09-12 09:30:00-06:00,2014,9,12,9,30,488.0,190.0,348.0,29.0,1.9,158.0,0.01
2014-09-12 10:30:00-06:00,2014,9,12,10,30,704.0,418.0,351.0,29.0,2.1,167.0,0.01
2014-09-12 11:30:00-06:00,2014,9,12,11,30,761.0,425.0,378.0,29.0,2.2,180.0,0.01
2014-09-12 12:30:00-06:00,2014,9,12,12,30,750.0,407.0,385.0,29.0,2.2,193.0,0.01
2014-09-12 13:30:00-06:00,2014,9,12,13,30,535.0,146.0,412.0,29.0,2.2,206.0,0.01
2014-09-12 14:30:00-06:00,2014,9,12,14,30,560.0,349.0,309.0,29.0,2.1,217.0,0.01
2014-09-12 15:30:00-06:00,2014,9,12,15,30,368.0,231.0,240.0,29.0,1.9,224.0,0.01
2014-09-12 16:30:00-06:00,2014,9,12,16,30,295.0,634.0,68.0,29.0,1.9,232.0,0.01
2014-09-12 17:30:00-06:00,2014,9,12,17,30,85.0,352.0,37.0,29.0,2.1,240.0,0.01
2014-09-12 18:30:00-06:00,2014,9,12,18,30,0.0,0.0,0.0,29.0,2.3000000000000003,247.0,0.01
2014-09-12 19:30:00-06:00,2014,9,12,19,30,0.0,0.0,0.0,29.0,2.4000000000000004,255.0,0.01
2014-09-12 20:30:00-06:00,2014,9,12,20,30,0.0,0.0,0.0,29.0,2.5,265.0,0.01
2014-09-12 21:30:00-06:00,2014,9,12,21,30,0.0,0.0,0.0,28.0,2.6,274.0,0.01
2014-09-12 22:30:00-06:00,2014,9,12,22,30,0.0,0.0,0.0,28.0,2.6,286.0,0.01
2014-09-12 23:30:00-06:00,2014,9,12,23,30,0.0,0.0,0.0,28.0,2.6,299.0,0.01
2014-09-13 00:30:00-06:00,2014,9,13,0,30,0.0,0.0,0.0,28.0,2.7,310.0,0.01
2014-09-13 01:30:00-06:00,2014,9,13,1,30,0.0,0.0,0.0,28.0,2.8000000000000003,320.0,0.01
2014-09-13 02:30:00-06:00,2014,9,13,2,30,0.0,0.0,0.0,28.0,2.9000000000000004,331.0,0.01
2014-09-13 03:30:00-06:00,2014,9,13,3,30,0.0,0.0,0.0,28.0,2.8000000000000003,341.0,0.01
2014-09-13 04:30:00-06:00,2014,9,13,4,30,0.0,0.0,0.0,28.0,2.5,352.0,0.01
2014-09-13 05:30:00-06:00,2014,9,13,5,30,0.0,0.0,0.0,28.0,2.2,8.0,0.01
2014-09-13 06:30:00-06:00,2014,9,13,6,30,103.0,383.0,43.0,28.0,2.0,28.0,0.01
2014-09-13 07:30:00-06:00,2014,9,13,7,30,260.0,339.0,132.0,28.0,1.8,45.0,0.01
2014-09-13 08:30:00-06:00,2014,9,13,8,30,460.0,449.0,203.0,28.0,1.7000000000000002,55.0,0.01
2014-09-13 09:30:00-06:00,2014,9,13,9,30,588.0,387.0,304.0,28.0,1.8,50.0,0.01
2014-09-13 10:30:00-06:00,2014,9,13,10,30,630.0,269.0,403.0,28.0,2.0,40.0,0.01
2014-09-13 11:30:00-06:00,2014,9,13,11,30,323.0,18.0,307.0,28.0,2.5,37.0,0.01
2014-09-13 12:30:00-06:00,2014,9,13,12,30,463.0,59.0,410.0,28.0,3.0,37.0,0.01
2014-09-13 13:30:00-06:00,2014,9,13,13,30,329.0,23.0,310.0,29.0,3.5,39.0,0.01
2014-09-13 14:30:00-06:00,2014,9,13,14,30,293.0,26.0,274.0,29.0,3.9,42.0,0.01
2014-09-13 15:30:00-06:00,2014,9,13,15,30,317.0,133.0,244.0,29.0,4.3,43.0,0.01
2014-09-13 16:30:00-06:00,2014,9,13,16,30,211.0,209.0,137.0,29.0,4.6000000000000005,43.0,0.01
2014-09-13 17:30:00-06:00,2014,9,13,17,30,68.0,182.0,44.0,28.0,5.0,43.0,0.01
2014-09-13 18:30:00-06:00,2014,9,13,18,30,0.0,0.0,0.0,28.0,5.300000000000001,42.0,0.01
2014-09-13 19:30:00-06:00,2014,9,13,19,30,0.0,0.0,0.0,28.0,5.6000000000000005,40.0,0.01
2014-09-13 20:30:00-06:00,2014,9,13,20,30,0.0,0.0,0.0,28.0,5.9,40.0,0.01
2014-09-13 21:30:00-06:00,2014,9,13,21,30,0.0,0.0,0.0,28.0,6.1000000000000005,40.0,0.01
2014-09-13 22:30:00-06:00,2014,9,13,22,30,0.0,0.0,0.0,28.0,6.4,41.0,0.01
2014-09-13 23:30:00-06:00,2014,9,13,23,30,0.0,0.0,0.0,28.0,6.5,42.0,0.01
2014-09-14 00:30:00-06:00,2014,9,14,0,30,0.0,0.0,0.0,27.0,6.5,44.0,0.01
2014-09-14 01:30:00-06:00,2014,9,14,1,30,0.0,0.0,0.0,27.0,6.5,48.0,0.01
2014-09-14 02:30:00-06:00,2014,9,14,2,30,0.0,0.0,0.0,27.0,6.5,51.0,0.01
2014-09-14 03:30:00-06:00,2014,9,14,3,30,0.0,0.0,0.0,27.0,6.5,53.0,0.01
2014-09-14 04:30:00-06:00,2014,9,14,4,30,0.0,0.0,0.0,27.0,6.5,54.0,0.01
2014-09-14 05:30:00-06:00,2014,9,14,5,30,0.0,0.0,0.0,27.0,6.4,53.0,0.01
2014-09-14 06:30:00-06:00,2014,9,14,6,30,36.0,0.0,36.0,27.0,6.300000000000001,53.0,0.01
2014-09-14 07:30:00-06:00,2014,9,14,7,30,297.0,520.0,102.0,27.0,6.1000000000000005,53.0,0.01
2014-09-14 08:30:00-06:00,2014,9,14,8,30,504.0,661.0,127.0,27.0,5.9,55.0,0.01
2014-09-14 09:30:00-06:00,2014,9,14,9,30,686.0,764.0,129.0,28.0,5.6000000000000005,58.0,0.01
2014-09-14 10:30:00-06:00,2014,9,14,10,30,813.0,809.0,133.0,28.0,5.5,60.0,0.01
2014-09-14 11:30:00-06:00,2014,9,14,11,30,877.0,829.0,135.0,28.0,5.300000000000001,62.0,0.01
2014-09-14 12:30:00-06:00,2014,9,14,12,30,755.0,430.0,371.0,29.0,5.300000000000001,64.0,0.01
2014-09-14 13:30:00-06:00,2014,9,14,13,30,713.0,475.0,319.0,29.0,5.300000000000001,67.0,0.01
2014-09-14 14:30:00-06:00,2014,9,14,14,30,579.0,408.0,289.0,29.0,5.5,70.0,0.01
2014-09-14 15:30:00-06:00,2014,9,14,15,30,270.0,70.0,232.0,29.0,5.6000000000000005,72.0,0.01
2014-09-14 16:30:00-06:00,2014,9,14,16,30,271.0,524.0,88.0,29.0,5.9,76.0,0.01
2014-09-14 17:30:00-06:00,2014,9,14,17,30,74.0,252.0,42.0,29.0,6.0,80.0,0.01
2014-09-14 18:30:00-06:00,2014,9,14,18,30,0.0,0.0,0.0,29.0,6.1000000000000005,84.0,0.01
2014-09-14 19:30:00-06:00,2014,9,14,19,30,0.0,0.0,0.0,29.0,6.2,90.0,0.01
2014-09-14 20:30:00-06:00,2014,9,14,20,30,0.0,0.0,0.0,29.0,6.2,95.0,0.01
2014-09-14 21:30:00-06:00,2014,9,14,21,30,0.0,0.0,0.0,29.0,6.1000000000000005,100.0,0.01
2014-09-14 22:30:00-06:00,2014,9,14,22,30,0.0,0.0,0.0,29.0,5.9,103.0,0.01
2014-09-14 23:30:00-06:00,2014,9,14,23,30,0.0,0.0,0.0,28.0,5.6000000000000005,106.0,0.01
2014-09-15 00:30:00-06:00,2014,9,15,0,30,0.0,0.0,0.0,28.0,5.2,106.0,0.01
2014-09-15 01:30:00-06:00,2014,9,15,1,30,0.0,0.0,0.0,28.0,4.9,107.0,0.01
2014-09-15 02:30:00-06:00,2014,9,15,2,30,0.0,0.0,0.0,28.0,4.6000000000000005,106.0,0.01
2014-09-15 03:30:00-06:00,2014,9,15,3,30,0.0,0.0,0.0,28.0,4.5,106.0,0.01
2014-09-15 04:30:00-06:00,2014,9,15,4,30,0.0,0.0,0.0,28.0,4.4,110.0,0.01
2014-09-15 05:30:00-06:00,2014,9,15,5,30,0.0,0.0,0.0,28.0,4.1000000000000005,116.0,0.01
2014-09-15 06:30:00-06:00,2014,9,15,6,30,95.0,305.0,48.0,28.0,4.0,125.0,0.01
2014-09-15 07:30:00-06:00,2014,9,15,7,30,305.0,600.0,81.0,28.0,4.0,136.0,0.01
2014-09-15 08:30:00-06:00,2014,9,15,8,30,516.0,736.0,97.0,28.0,4.0,148.0,0.01
2014-09-15 09:30:00-06:00,2014,9,15,9,30,577.0,370.0,307.0,28.0,4.1000000000000005,158.0,0.01
2014-09-15 10:30:00-06:00,2014,9,15,10,30,165.0,3.0,162.0,28.0,4.1000000000000005,168.0,0.01
2014-09-15 11:30:00-06:00,2014,9,15,11,30,576.0,143.0,448.0,29.0,4.1000000000000005,178.0,0.01
2014-09-15 12:30:00-06:00,2014,9,15,12,30,756.0,439.0,366.0,29.0,4.0,188.0,0.01
2014-09-15 13:30:00-06:00,2014,9,15,13,30,587.0,224.0,402.0,29.0,3.8,196.0,0.01
2014-09-15 14:30:00-06:00,2014,9,15,14,30,530.0,305.0,314.0,29.0,3.6,203.0,0.01
2014-09-15 15:30:00-06:00,2014,9,15,15,30,386.0,302.0,222.0,29.0,3.3000000000000003,206.0,0.01
2014-09-15 16:30:00-06:00,2014,9,15,16,30,250.0,416.0,106.0,29.0,3.0,205.0,0.01
2014-09-15 17:30:00-06:00,2014,9,15,17,30,63.0,181.0,41.0,28.0,2.7,202.0,0.01
2014-09-15 18:30:00-06:00,2014,9,15,18,30,0.0,0.0,0.0,28.0,2.6,196.0,0.01
2014-09-15 19:30:00-06:00,2014,9,15,19,30,0.0,0.0,0.0,28.0,2.6,189.0,0.01
2014-09-15 20:30:00-06:00,2014,9,15,20,30,0.0,0.0,0.0,28.0,2.8000000000000003,183.0,0.01
2014-09-15 21:30:00-06:00,2014,9,15,21,30,0.0,0.0,0.0,28.0,3.0,183.0,0.01
2014-09-15 22:30:00-06:00,2014,9,15,22,30,0.0,0.0,0.0,28.0,3.1,189.0,0.01
2014-09-15 23:30:00-06:00,2014,9,15,23,30,0.0,0.0,0.0,28.0,3.1,197.0,0.01
2014-09-16 00:30:00-06:00,2014,9,16,0,30,0.0,0.0,0.0,28.0,3.2,207.0,0.01
2014-09-16 01:30:00-06:00,2014,9,16,1,30,0.0,0.0,0.0,28.0,3.3000000000000003,216.0,0.01
2014-09-16 02:30:00-06:00,2014,9,16,2,30,0.0,0.0,0.0,28.0,3.4000000000000004,224.0,0.01
2014-09-16 03:30:00-06:00,2014,9,16,3,30,0.0,0.0,0.0,27.0,3.3000000000000003,229.0,0.01
2014-09-16 04:30:00-06:00,2014,9,16,4,30,0.0,0.0,0.0,27.0,3.1,234.0,0.01
2014-09-16 05:30:00-06:00,2014,9,16,5,30,0.0,0.0,0.0,27.0,2.8000000000000003,239.0,0.01
2014-09-16 06:30:00-06:00,2014,9,16,6,30,35.0,0.0,35.0,27.0,2.6,246.0,0.01
2014-09-16 07:30:00-06:00,2014,9,16,7,30,13.0,0.0,13.0,27.0,2.4000000000000004,249.0,0.01
2014-09-16 08:30:00-06:00,2014,9,16,8,30,61.0,0.0,61.0,27.0,2.3000000000000003,253.0,0.01
2014-09-16 09:30:00-06:00,2014,9,16,9,30,93.0,0.0,93.0,27.0,2.5,253.0,0.01
2014-09-16 10:30:00-06:00,2014,9,16,10,30,439.0,66.0,383.0,27.0,2.9000000000000004,244.0,0.01
2014-09-16 11:30:00-06:00,2014,9,16,11,30,531.0,105.0,438.0,27.0,3.4000000000000004,237.0,0.01
2014-09-16 12:30:00-06:00,2014,9,16,12,30,456.0,58.0,404.0,27.0,3.9,235.0,0.01
2014-09-16 13:30:00-06:00,2014,9,16,13,30,660.0,355.0,368.0,27.0,4.3,238.0,0.01
2014-09-16 14:30:00-06:00,2014,9,16,14,30,494.0,241.0,325.0,27.0,4.5,239.0,0.01
2014-09-16 15:30:00-06:00,2014,9,16,15,30,303.0,123.0,237.0,27.0,4.6000000000000005,242.0,0.01
2014-09-16 16:30:00-06:00,2014,9,16,16,30,143.0,41.0,129.0,27.0,4.6000000000000005,246.0,0.01
2014-09-16 17:30:00-06:00,2014,9,16,17,30,29.0,0.0,29.0,27.0,4.800000000000001,247.0,0.01
2014-09-16 18:30:00-06:00,2014,9,16,18,30,0.0,0.0,0.0,27.0,5.1000000000000005,248.0,0.01
2014-09-16 19:30:00-06:00,2014,9,16,19,30,0.0,0.0,0.0,27.0,5.1000000000000005,252.0,0.01
2014-09-16 20:30:00-06:00,2014,9,16,20,30,0.0,0.0,0.0,27.0,4.800000000000001,262.0,0.01
2014-09-16 21:30:00-06:00,2014,9,16,21,30,0.0,0.0,0.0,27.0,4.4,278.0,0.01
2014-09-16 22:30:00-06:00,2014,9,16,22,30,0.0,0.0,0.0,27.0,4.1000000000000005,299.0,0.01
2014-09-16 23:30:00-06:00,2014,9,16,23,30,0.0,0.0,0.0,27.0,3.7,312.0,0.01
2014-09-17 00:30:00-06:00,2014,9,17,0,30,0.0,0.0,0.0,27.0,3.2,319.0,0.01
2014-09-17 01:30:00-06:00,2014,9,17,1,30,0.0,0.0,0.0,27.0,2.8000000000000003,319.0,0.01
2014-09-17 02:30:00-06:00,2014,9,17,2,30,0.0,0.0,0.0,27.0,2.3000000000000003,314.0,0.01
2014-09-17 03:30:00-06:00,2014,9,17,3,30,0.0,0.0,0.0,27.0,1.6,307.0,0.01
2014-09-17 04:30:00-06:00,2014,9,17,4,30,0.0,0.0,0.0,27.0,0.8,302.0,0.01
2014-09-17 05:30:00-06:00,2014,9,17,5,30,0.0,0.0,0.0,27.0,0.8,353.0,0.01
2014-09-17 06:30:00-06:00,2014,9,17,6,30,40.0,0.0,40.0,27.0,1.3,50.0,0.01
2014-09-17 07:30:00-06:00,2014,9,17,7,30,240.0,276.0,138.0,27.0,1.6,69.0,0.01
2014-09-17 08:30:00-06:00,2014,9,17,8,30,406.0,306.0,233.0,27.0,1.6,81.0,0.01
2014-09-17 09:30:00-06:00,2014,9,17,9,30,681.0,767.0,127.0,27.0,1.5,91.0,0.01
2014-09-17 10:30:00-06:00,2014,9,17,10,30,808.0,813.0,131.0,27.0,1.2000000000000002,107.0,0.01
2014-09-17 11:30:00-06:00,2014,9,17,11,30,872.0,836.0,131.0,27.0,1.2000000000000002,139.0,0.01
2014-09-17 12:30:00-06:00,2014,9,17,12,30,874.0,861.0,114.0,28.0,1.5,176.0,0.01
2014-09-17 13:30:00-06:00,2014,9,17,13,30,800.0,842.0,111.0,28.0,1.8,203.0,0.01
2014-09-17 14:30:00-06:00,2014,9,17,14,30,560.0,388.0,288.0,28.0,2.0,221.0,0.01
2014-09-17 15:30:00-06:00,2014,9,17,15,30,424.0,441.0,188.0,28.0,2.0,231.0,0.01
2014-09-17 16:30:00-06:00,2014,9,17,16,30,225.0,325.0,116.0,28.0,2.0,233.0,0.01
2014-09-17 17:30:00-06:00,2014,9,17,17,30,46.0,65.0,38.0,28.0,2.0,234.0,0.01
2014-09-17 18:30:00-06:00,2014,9,17,18,30,0.0,0.0,0.0,28.0,2.0,239.0,0.01
2014-09-17 19:30:00-06:00,2014,9,17,19,30,0.0,0.0,0.0,28.0,2.0,243.0,0.01
2014-09-17 20:30:00-06:00,2014,9,17,20,30,0.0,0.0,0.0,27.0,1.9,247.0,0.01
2014-09-17 21:30:00-06:00,2014,9,17,21,30,0.0,0.0,0.0,27.0,1.8,254.0,0.01
2014-09-17 22:30:00-06:00,2014,9,17,22,30,0.0,0.0,0.0,27.0,1.6,264.0,0.01
2014-09-17 23:30:00-06:00,2014,9,17,23,30,0.0,0.0,0.0,27.0,1.3,275.0,0.01
2014-09-18 00:30:00-06:00,2014,9,18,0,30,0.0,0.0,0.0,27.0,0.9,281.0,0.01
2014-09-18 01:30:00-06:00,2014,9,18,1,30,0.0,0.0,0.0,27.0,0.5,280.0,0.01
2014-09-18 02:30:00-06:00,2014,9,18,2,30,0.0,0.0,0.0,27.0,0.2,282.0,0.01
2014-09-18 03:30:00-06:00,2014,9,18,3,30,0.0,0.0,0.0,27.0,0.5,86.0,0.01
2014-09-18 04:30:00-06:00,2014,9,18,4,30,0.0,0.0,0.0,27.0,1.0,93.0,0.01
2014-09-18 05:30:00-06:00,2014,9,18,5,30,0.0,0.0,0.0,27.0,1.5,95.0,0.01
2014-09-18 06:30:00-06:00,2014,9,18,6,30,54.0,26.0,50.0,27.0,2.0,103.0,0.01
2014-09-18 07:30:00-06:00,2014,9,18,7,30,144.0,24.0,135.0,27.0,2.2,113.0,0.01
2014-09-18 08:30:00-06:00,2014,9,18,8,30,412.0,328.0,228.0,27.0,2.3000000000000003,126.0,0.01
2014-09-18 09:30:00-06:00,2014,9,18,9,30,531.0,282.0,327.0,27.0,2.2,143.0,0.01
2014-09-18 10:30:00-06:00,2014,9,18,10,30,642.0,306.0,388.0,27.0,2.1,164.0,0.01
2014-09-18 11:30:00-06:00,2014,9,18,11,30,543.0,117.0,439.0,27.0,2.1,182.0,0.01
2014-09-18 12:30:00-06:00,2014,9,18,12,30,525.0,105.0,432.0,27.0,2.0,193.0,0.01
2014-09-18 13:30:00-06:00,2014,9,18,13,30,523.0,150.0,400.0,27.0,1.8,201.0,0.01
2014-09-18 14:30:00-06:00,2014,9,18,14,30,513.0,289.0,312.0,27.0,1.5,210.0,0.01
2014-09-18 15:30:00-06:00,2014,9,18,15,30,300.0,126.0,233.0,27.0,1.2000000000000002,216.0,0.01
2014-09-18 16:30:00-06:00,2014,9,18,16,30,113.0,3.0,112.0,27.0,0.7000000000000001,235.0,0.01
2014-09-18 17:30:00-06:00,2014,9,18,17,30,12.0,0.0,12.0,26.0,0.5,248.0,0.01
2014-09-18 18:30:00-06:00,2014,9,18,18,30,0.0,0.0,0.0,26.0,1.0,139.0,0.01
2014-09-18 19:30:00-06:00,2014,9,18,19,30,0.0,0.0,0.0,27.0,1.8,137.0,0.01
2014-09-18 20:30:00-06:00,2014,9,18,20,30,0.0,0.0,0.0,26.0,2.1,143.0,0.01
2014-09-18 21:30:00-06:00,2014,9,18,21,30,0.0,0.0,0.0,26.0,2.2,148.0,0.01
2014-09-18 22:30:00-06:00,2014,9,18,22,30,0.0,0.0,0.0,26.0,2.3000000000000003,144.0,0.01
2014-09-18 23:30:00-06:00,2014,9,18,23,30,0.0,0.0,0.0,25.0,2.6,133.0,0.01
2014-09-19 00:30:00-06:00,2014,9,19,0,30,0.0,0.0,0.0,25.0,3.0,122.0,0.01
2014-09-19 01:30:00-06:00,2014,9,19,1,30,0.0,0.0,0.0,25.0,3.5,114.0,0.01
2014-09-19 02:30:00-06:00,2014,9,19,2,30,0.0,0.0,0.0,25.0,3.8,111.0,0.01
2014-09-19 03:30:00-06:00,2014,9,19,3,30,0.0,0.0,0.0,25.0,4.1000000000000005,112.0,0.01
2014-09-19 04:30:00-06:00,2014,9,19,4,30,0.0,0.0,0.0,25.0,4.2,114.0,0.01
2014-09-19 05:30:00-06:00,2014,9,19,5,30,0.0,0.0,0.0,25.0,4.2,117.0,0.01
2014-09-19 06:30:00-06:00,2014,9,19,6,30,46.0,0.0,46.0,25.0,4.3,120.0,0.01
2014-09-19 07:30:00-06:00,2014,9,19,7,30,189.0,114.0,148.0,25.0,4.5,121.0,0.01
2014-09-19 08:30:00-06:00,2014,9,19,8,30,430.0,385.0,214.0,25.0,4.6000000000000005,119.0,0.01
2014-09-19 09:30:00-06:00,2014,9,19,9,30,478.0,192.0,340.0,26.0,4.3,116.0,0.01
2014-09-19 10:30:00-06:00,2014,9,19,10,30,486.0,103.0,400.0,26.0,4.1000000000000005,113.0,0.01
2014-09-19 11:30:00-06:00,2014,9,19,11,30,170.0,4.0,166.0,26.0,4.0,109.0,0.01
2014-09-19 12:30:00-06:00,2014,9,19,12,30,535.0,115.0,433.0,26.0,3.8,106.0,0.01
2014-09-19 13:30:00-06:00,2014,9,19,13,30,621.0,297.0,379.0,27.0,3.4000000000000004,104.0,0.01
2014-09-19 14:30:00-06:00,2014,9,19,14,30,518.0,306.0,306.0,27.0,3.4000000000000004,97.0,0.01
2014-09-19 15:30:00-06:00,2014,9,19,15,30,268.0,81.0,225.0,27.0,3.7,90.0,0.01
2014-09-19 16:30:00-06:00,2014,9,19,16,30,202.0,246.0,121.0,27.0,4.1000000000000005,88.0,0.01
2014-09-19 17:30:00-06:00,2014,9,19,17,30,41.0,47.0,36.0,27.0,4.7,87.0,0.01
2014-09-19 18:30:00-06:00,2014,9,19,18,30,0.0,0.0,0.0,27.0,5.5,88.0,0.01
2014-09-19 19:30:00-06:00,2014,9,19,19,30,0.0,0.0,0.0,27.0,6.5,91.0,0.01
2014-09-19 20:30:00-06:00,2014,9,19,20,30,0.0,0.0,0.0,27.0,7.4,94.0,0.01
2014-09-19 21:30:00-06:00,2014,9,19,21,30,0.0,0.0,0.0,27.0,7.7,94.0,0.01
2014-09-19 22:30:00-06:00,2014,9,19,22,30,0.0,0.0,0.0,27.0,7.7,93.0,0.01
2014-09-19 23:30:00-06:00,2014,9,19,23,30,0.0,0.0,0.0,27.0,7.5,92.0,0.01
2014-09-20 00:30:00-06:00,2014,9,20,0,30,0.0,0.0,0.0,27.0,7.2,92.0,0.01
2014-09-20 01:30:00-06:00,2014,9,20,1,30,0.0,0.0,0.0,27.0,6.9,91.0,0.01
2014-09-20 02:30:00-06:00,2014,9,20,2,30,0.0,0.0,0.0,27.0,6.800000000000001,88.0,0.01
2014-09-20 03:30:00-06:00,2014,9,20,3,30,0.0,0.0,0.0,27.0,6.800000000000001,83.0,0.01
2014-09-20 04:30:00-06:00,2014,9,20,4,30,0.0,0.0,0.0,27.0,6.9,78.0,0.01
2014-09-20 05:30:00-06:00,2014,9,20,5,30,0.0,0.0,0.0,27.0,7.1000000000000005,73.0,0.01
2014-09-20 06:30:00-06:00,2014,9,20,6,30,83.0,191.0,56.0,27.0,7.5,68.0,0.01
2014-09-20 07:30:00-06:00,2014,9,20,7,30,218.0,209.0,143.0,28.0,7.800000000000001,65.0,0.01
2014-09-20 08:30:00-06:00,2014,9,20,8,30,379.0,250.0,240.0,28.0,8.200000000000001,63.0,0.01
2014-09-20 09:30:00-06:00,2014,9,20,9,30,572.0,381.0,299.0,28.0,8.6,63.0,0.01
2014-09-20 10:30:00-06:00,2014,9,20,10,30,794.0,761.0,166.0,28.0,9.0,64.0,0.01
2014-09-20 11:30:00-06:00,2014,9,20,11,30,582.0,160.0,441.0,28.0,9.3,65.0,0.01
2014-09-20 12:30:00-06:00,2014,9,20,12,30,145.0,0.0,145.0,28.0,9.5,67.0,0.01
2014-09-20 13:30:00-06:00,2014,9,20,13,30,772.0,745.0,170.0,28.0,9.5,70.0,0.01
2014-09-20 14:30:00-06:00,2014,9,20,14,30,278.0,25.0,261.0,28.0,9.4,73.0,0.01
2014-09-20 15:30:00-06:00,2014,9,20,15,30,452.0,601.0,138.0,28.0,9.1,75.0,0.01
2014-09-20 16:30:00-06:00,2014,9,20,16,30,247.0,467.0,96.0,27.0,8.700000000000001,76.0,0.01
2014-09-20 17:30:00-06:00,2014,9,20,17,30,52.0,151.0,37.0,27.0,8.200000000000001,79.0,0.01
2014-09-20 18:30:00-06:00,2014,9,20,18,30,0.0,0.0,0.0,27.0,7.800000000000001,82.0,0.01
2014-09-20 19:30:00-06:00,2014,9,20,19,30,0.0,0.0,0.0,27.0,7.4,86.0,0.01
2014-09-20 20:30:00-06:00,2014,9,20,20,30,0.0,0.0,0.0,27.0,7.0,87.0,0.01
2014-09-20 21:30:00-06:00,2014,9,20,21,30,0.0,0.0,0.0,27.0,6.800000000000001,87.0,0.01
2014-09-20 22:30:00-06:00,2014,9,20,22,30,0.0,0.0,0.0,27.0,6.5,86.0,0.01
2014-09-20 23:30:00-06:00,2014,9,20,23,30,0.0,0.0,0.0,27.0,6.2,84.0,0.01
2014-09-21 00:30:00-06:00,2014,9,21,0,30,0.0,0.0,0.0,26.0,6.0,80.0,0.01
2014-09-21 01:30:00-06:00,2014,9,21,1,30,0.0,0.0,0.0,26.0,5.800000000000001,76.0,0.01
2014-09-21 02:30:00-06:00,2014,9,21,2,30,0.0,0.0,0.0,26.0,5.6000000000000005,71.0,0.01
2014-09-21 03:30:00-06:00,2014,9,21,3,30,0.0,0.0,0.0,26.0,5.5,68.0,0.01
2014-09-21 04:30:00-06:00,2014,9,21,4,30,0.0,0.0,0.0,26.0,5.300000000000001,65.0,0.01
2014-09-21 05:30:00-06:00,2014,9,21,5,30,0.0,0.0,0.0,27.0,5.1000000000000005,64.0,0.01
2014-09-21 06:30:00-06:00,2014,9,21,6,30,92.0,346.0,43.0,27.0,5.0,62.0,0.01
2014-09-21 07:30:00-06:00,2014,9,21,7,30,305.0,634.0,76.0,27.0,4.9,61.0,0.01
2014-09-21 08:30:00-06:00,2014,9,21,8,30,517.0,761.0,94.0,27.0,4.9,59.0,0.01
2014-09-21 09:30:00-06:00,2014,9,21,9,30,695.0,824.0,108.0,28.0,4.9,59.0,0.01
2014-09-21 10:30:00-06:00,2014,9,21,10,30,819.0,856.0,116.0,28.0,4.800000000000001,60.0,0.01
2014-09-21 11:30:00-06:00,2014,9,21,11,30,880.0,867.0,122.0,28.0,4.6000000000000005,63.0,0.01
2014-09-21 12:30:00-06:00,2014,9,21,12,30,871.0,861.0,123.0,28.0,4.5,66.0,0.01
2014-09-21 13:30:00-06:00,2014,9,21,13,30,794.0,839.0,120.0,28.0,4.4,69.0,0.01
2014-09-21 14:30:00-06:00,2014,9,21,14,30,447.0,185.0,320.0,28.0,4.4,71.0,0.01
2014-09-21 15:30:00-06:00,2014,9,21,15,30,374.0,327.0,205.0,28.0,4.4,72.0,0.01
2014-09-21 16:30:00-06:00,2014,9,21,16,30,252.0,544.0,80.0,28.0,4.5,71.0,0.01
2014-09-21 17:30:00-06:00,2014,9,21,17,30,52.0,192.0,33.0,28.0,4.6000000000000005,70.0,0.01
2014-09-21 18:30:00-06:00,2014,9,21,18,30,0.0,0.0,0.0,28.0,4.9,71.0,0.01
2014-09-21 19:30:00-06:00,2014,9,21,19,30,0.0,0.0,0.0,28.0,5.1000000000000005,71.0,0.01
2014-09-21 20:30:00-06:00,2014,9,21,20,30,0.0,0.0,0.0,28.0,5.1000000000000005,74.0,0.01
2014-09-21 21:30:00-06:00,2014,9,21,21,30,0.0,0.0,0.0,27.0,5.0,78.0,0.01
2014-09-21 22:30:00-06:00,2014,9,21,22,30,0.0,0.0,0.0,27.0,4.9,81.0,0.01
2014-09-21 23:30:00-06:00,2014,9,21,23,30,0.0,0.0,0.0,27.0,4.6000000000000005,82.0,0.01
2014-09-22 00:30:00-06:00,2014,9,22,0,30,0.0,0.0,0.0,27.0,4.4,81.0,0.01
2014-09-22 01:30:00-06:00,2014,9,22,1,30,0.0,0.0,0.0,27.0,4.1000000000000005,74.0,0.01
2014-09-22 02:30:00-06:00,2014,9,22,2,30,0.0,0.0,0.0,27.0,3.9,63.0,0.01
2014-09-22 03:30:00-06:00,2014,9,22,3,30,0.0,0.0,0.0,27.0,4.0,48.0,0.01
2014-09-22 04:30:00-06:00,2014,9,22,4,30,0.0,0.0,0.0,27.0,4.2,36.0,0.01
2014-09-22 05:30:00-06:00,2014,9,22,5,30,0.0,0.0,0.0,27.0,4.5,36.0,0.01
2014-09-22 06:30:00-06:00,2014,9,22,6,30,89.0,331.0,43.0,27.0,4.800000000000001,40.0,0.01
2014-09-22 07:30:00-06:00,2014,9,22,7,30,300.0,617.0,79.0,27.0,5.0,43.0,0.01
2014-09-22 08:30:00-06:00,2014,9,22,8,30,513.0,749.0,98.0,27.0,4.9,47.0,0.01
2014-09-22 09:30:00-06:00,2014,9,22,9,30,693.0,823.0,108.0,28.0,4.6000000000000005,48.0,0.01
2014-09-22 10:30:00-06:00,2014,9,22,10,30,823.0,867.0,113.0,28.0,4.5,47.0,0.01
2014-09-22 11:30:00-06:00,2014,9,22,11,30,888.0,888.0,113.0,28.0,4.4,45.0,0.01
2014-09-22 12:30:00-06:00,2014,9,22,12,30,881.0,891.0,111.0,29.0,4.3,42.0,0.01
2014-09-22 13:30:00-06:00,2014,9,22,13,30,803.0,869.0,108.0,29.0,4.3,38.0,0.01
2014-09-22 14:30:00-06:00,2014,9,22,14,30,662.0,823.0,102.0,29.0,4.3,35.0,0.01
2014-09-22 15:30:00-06:00,2014,9,22,15,30,431.0,555.0,146.0,29.0,4.4,34.0,0.01
2014-09-22 16:30:00-06:00,2014,9,22,16,30,160.0,121.0,123.0,29.0,4.5,36.0,0.01
2014-09-22 17:30:00-06:00,2014,9,22,17,30,28.0,0.0,28.0,29.0,4.800000000000001,38.0,0.01
2014-09-22 18:30:00-06:00,2014,9,22,18,30,0.0,0.0,0.0,28.0,5.4,40.0,0.01
2014-09-22 19:30:00-06:00,2014,9,22,19,30,0.0,0.0,0.0,28.0,5.9,43.0,0.01
2014-09-22 20:30:00-06:00,2014,9,22,20,30,0.0,0.0,0.0,28.0,6.300000000000001,45.0,0.01
2014-09-22 21:30:00-06:00,2014,9,22,21,30,0.0,0.0,0.0,28.0,6.6000000000000005,46.0,0.01
2014-09-22 22:30:00-06:00,2014,9,22,22,30,0.0,0.0,0.0,27.0,6.9,48.0,0.01
2014-09-22 23:30:00-06:00,2014,9,22,23,30,0.0,0.0,0.0,27.0,7.1000000000000005,50.0,0.01
2014-09-23 00:30:00-06:00,2014,9,23,0,30,0.0,0.0,0.0,27.0,7.2,52.0,0.01
2014-09-23 01:30:00-06:00,2014,9,23,1,30,0.0,0.0,0.0,26.0,7.300000000000001,52.0,0.01
2014-09-23 02:30:00-06:00,2014,9,23,2,30,0.0,0.0,0.0,26.0,7.4,51.0,0.01
2014-09-23 03:30:00-06:00,2014,9,23,3,30,0.0,0.0,0.0,26.0,7.300000000000001,51.0,0.01
2014-09-23 04:30:00-06:00,2014,9,23,4,30,0.0,0.0,0.0,26.0,7.2,51.0,0.01
2014-09-23 05:30:00-06:00,2014,9,23,5,30,0.0,0.0,0.0,26.0,7.1000000000000005,52.0,0.01
2014-09-23 06:30:00-06:00,2014,9,23,6,30,92.0,349.0,44.0,26.0,6.9,52.0,0.01
2014-09-23 07:30:00-06:00,2014,9,23,7,30,312.0,660.0,77.0,26.0,6.7,52.0,0.01
2014-09-23 08:30:00-06:00,2014,9,23,8,30,534.0,801.0,92.0,26.0,6.4,52.0,0.01
2014-09-23 09:30:00-06:00,2014,9,23,9,30,723.0,885.0,97.0,26.0,6.1000000000000005,48.0,0.01
2014-09-23 10:30:00-06:00,2014,9,23,10,30,855.0,923.0,102.0,26.0,6.0,44.0,0.01
2014-09-23 11:30:00-06:00,2014,9,23,11,30,919.0,940.0,103.0,27.0,6.0,45.0,0.01
2014-09-23 12:30:00-06:00,2014,9,23,12,30,912.0,941.0,101.0,27.0,5.9,49.0,0.01
2014-09-23 13:30:00-06:00,2014,9,23,13,30,832.0,922.0,99.0,27.0,5.800000000000001,51.0,0.01
2014-09-23 14:30:00-06:00,2014,9,23,14,30,688.0,881.0,93.0,27.0,5.800000000000001,50.0,0.01
2014-09-23 15:30:00-06:00,2014,9,23,15,30,493.0,805.0,83.0,27.0,6.0,48.0,0.01
2014-09-23 16:30:00-06:00,2014,9,23,16,30,267.0,656.0,65.0,27.0,6.1000000000000005,47.0,0.01
2014-09-23 17:30:00-06:00,2014,9,23,17,30,53.0,283.0,29.0,26.0,6.4,49.0,0.01
2014-09-23 18:30:00-06:00,2014,9,23,18,30,0.0,0.0,0.0,26.0,6.6000000000000005,53.0,0.01
2014-09-23 19:30:00-06:00,2014,9,23,19,30,0.0,0.0,0.0,26.0,6.7,59.0,0.01
2014-09-23 20:30:00-06:00,2014,9,23,20,30,0.0,0.0,0.0,26.0,6.800000000000001,67.0,0.01
2014-09-23 21:30:00-06:00,2014,9,23,21,30,0.0,0.0,0.0,26.0,6.800000000000001,74.0,0.01
2014-09-23 22:30:00-06:00,2014,9,23,22,30,0.0,0.0,0.0,26.0,6.7,80.0,0.01
2014-09-23 23:30:00-06:00,2014,9,23,23,30,0.0,0.0,0.0,26.0,6.4,84.0,0.01
2014-09-24 00:30:00-06:00,2014,9,24,0,30,0.0,0.0,0.0,26.0,6.1000000000000005,85.0,0.01
2014-09-24 01:30:00-06:00,2014,9,24,1,30,0.0,0.0,0.0,26.0,5.800000000000001,86.0,0.01
2014-09-24 02:30:00-06:00,2014,9,24,2,30,0.0,0.0,0.0,26.0,5.6000000000000005,86.0,0.01
2014-09-24 03:30:00-06:00,2014,9,24,3,30,0.0,0.0,0.0,26.0,5.4,84.0,0.01
2014-09-24 04:30:00-06:00,2014,9,24,4,30,0.0,0.0,0.0,26.0,5.2,82.0,0.01
2014-09-24 05:30:00-06:00,2014,9,24,5,30,0.0,0.0,0.0,26.0,5.2,79.0,0.01
2014-09-24 06:30:00-06:00,2014,9,24,6,30,57.0,69.0,48.0,27.0,5.300000000000001,75.0,0.01
2014-09-24 07:30:00-06:00,2014,9,24,7,30,133.0,16.0,128.0,27.0,5.7,73.0,0.01
2014-09-24 08:30:00-06:00,2014,9,24,8,30,408.0,348.0,217.0,27.0,6.1000000000000005,73.0,0.01
2014-09-24 09:30:00-06:00,2014,9,24,9,30,191.0,4.0,188.0,28.0,6.5,75.0,0.01
2014-09-24 10:30:00-06:00,2014,9,24,10,30,555.0,190.0,400.0,28.0,6.800000000000001,78.0,0.01
2014-09-24 11:30:00-06:00,2014,9,24,11,30,611.0,207.0,432.0,28.0,7.1000000000000005,79.0,0.01
2014-09-24 12:30:00-06:00,2014,9,24,12,30,849.0,819.0,147.0,28.0,7.300000000000001,81.0,0.01
2014-09-24 13:30:00-06:00,2014,9,24,13,30,533.0,184.0,387.0,27.0,7.4,81.0,0.01
2014-09-24 14:30:00-06:00,2014,9,24,14,30,382.0,108.0,310.0,27.0,7.5,81.0,0.01
2014-09-24 15:30:00-06:00,2014,9,24,15,30,243.0,65.0,210.0,27.0,7.6,81.0,0.01
2014-09-24 16:30:00-06:00,2014,9,24,16,30,124.0,35.0,113.0,27.0,7.5,81.0,0.01
2014-09-24 17:30:00-06:00,2014,9,24,17,30,32.0,47.0,28.0,26.0,7.5,81.0,0.01
2014-09-24 18:30:00-06:00,2014,9,24,18,30,0.0,0.0,0.0,26.0,7.4,82.0,0.01
2014-09-24 19:30:00-06:00,2014,9,24,19,30,0.0,0.0,0.0,26.0,7.300000000000001,83.0,0.01
2014-09-24 20:30:00-06:00,2014,9,24,20,30,0.0,0.0,0.0,26.0,7.1000000000000005,85.0,0.01
2014-09-24 21:30:00-06:00,2014,9,24,21,30,0.0,0.0,0.0,26.0,6.9,87.0,0.01
2014-09-24 22:30:00-06:00,2014,9,24,22,30,0.0,0.0,0.0,26.0,6.7,88.0,0.01
2014-09-24 23:30:00-06:00,2014,9,24,23,30,0.0,0.0,0.0,26.0,6.5,89.0,0.01
2014-09-25 00:30:00-06:00,2014,9,25,0,30,0.0,0.0,0.0,26.0,6.300000000000001,90.0,0.01
2014-09-25 01:30:00-06:00,2014,9,25,1,30,0.0,0.0,0.0,26.0,6.300000000000001,91.0,0.01
2014-09-25 02:30:00-06:00,2014,9,25,2,30,0.0,0.0,0.0,26.0,6.2,90.0,0.01
2014-09-25 03:30:00-06:00,2014,9,25,3,30,0.0,0.0,0.0,26.0,6.2,88.0,0.01
2014-09-25 04:30:00-06:00,2014,9,25,4,30,0.0,0.0,0.0,26.0,6.300000000000001,86.0,0.01
2014-09-25 05:30:00-06:00,2014,9,25,5,30,0.0,0.0,0.0,26.0,6.300000000000001,83.0,0.01
2014-09-25 06:30:00-06:00,2014,9,25,6,30,81.0,241.0,48.0,26.0,6.4,80.0,0.01
2014-09-25 07:30:00-06:00,2014,9,25,7,30,226.0,265.0,132.0,26.0,6.5,77.0,0.01
2014-09-25 08:30:00-06:00,2014,9,25,8,30,492.0,657.0,133.0,26.0,6.4,75.0,0.01
2014-09-25 09:30:00-06:00,2014,9,25,9,30,671.0,750.0,144.0,26.0,6.1000000000000005,73.0,0.01
2014-09-25 10:30:00-06:00,2014,9,25,10,30,706.0,497.0,303.0,26.0,5.7,70.0,0.01
2014-09-25 11:30:00-06:00,2014,9,25,11,30,707.0,364.0,393.0,26.0,5.5,67.0,0.01
2014-09-25 12:30:00-06:00,2014,9,25,12,30,717.0,416.0,361.0,26.0,5.300000000000001,63.0,0.01
2014-09-25 13:30:00-06:00,2014,9,25,13,30,625.0,345.0,353.0,26.0,5.2,58.0,0.01
2014-09-25 14:30:00-06:00,2014,9,25,14,30,553.0,455.0,249.0,26.0,5.2,55.0,0.01
2014-09-25 15:30:00-06:00,2014,9,25,15,30,360.0,329.0,196.0,26.0,5.4,54.0,0.01
2014-09-25 16:30:00-06:00,2014,9,25,16,30,148.0,105.0,116.0,25.0,5.5,55.0,0.01
2014-09-25 17:30:00-06:00,2014,9,25,17,30,26.0,5.0,25.0,25.0,5.6000000000000005,55.0,0.01
2014-09-25 18:30:00-06:00,2014,9,25,18,30,0.0,0.0,0.0,25.0,5.7,57.0,0.01
2014-09-25 19:30:00-06:00,2014,9,25,19,30,0.0,0.0,0.0,25.0,5.800000000000001,61.0,0.01
2014-09-25 20:30:00-06:00,2014,9,25,20,30,0.0,0.0,0.0,25.0,5.9,66.0,0.01
2014-09-25 21:30:00-06:00,2014,9,25,21,30,0.0,0.0,0.0,25.0,6.0,71.0,0.01
2014-09-25 22:30:00-06:00,2014,9,25,22,30,0.0,0.0,0.0,25.0,6.1000000000000005,75.0,0.01
2014-09-25 23:30:00-06:00,2014,9,25,23,30,0.0,0.0,0.0,25.0,6.1000000000000005,78.0,0.01
2014-09-26 00:30:00-06:00,2014,9,26,0,30,0.0,0.0,0.0,25.0,6.0,77.0,0.01
2014-09-26 01:30:00-06:00,2014,9,26,1,30,0.0,0.0,0.0,25.0,5.9,74.0,0.01
2014-09-26 02:30:00-06:00,2014,9,26,2,30,0.0,0.0,0.0,25.0,5.9,70.0,0.01
2014-09-26 03:30:00-06:00,2014,9,26,3,30,0.0,0.0,0.0,25.0,6.0,67.0,0.01
2014-09-26 04:30:00-06:00,2014,9,26,4,30,0.0,0.0,0.0,25.0,6.1000000000000005,66.0,0.01
2014-09-26 05:30:00-06:00,2014,9,26,5,30,0.0,0.0,0.0,25.0,6.2,65.0,0.01
2014-09-26 06:30:00-06:00,2014,9,26,6,30,83.0,299.0,43.0,25.0,6.4,64.0,0.01
2014-09-26 07:30:00-06:00,2014,9,26,7,30,200.0,171.0,140.0,25.0,6.5,64.0,0.01
2014-09-26 08:30:00-06:00,2014,9,26,8,30,394.0,317.0,221.0,26.0,6.6000000000000005,64.0,0.01
2014-09-26 09:30:00-06:00,2014,9,26,9,30,408.0,115.0,328.0,26.0,6.5,66.0,0.01
2014-09-26 10:30:00-06:00,2014,9,26,10,30,711.0,512.0,297.0,26.0,6.4,67.0,0.01
2014-09-26 11:30:00-06:00,2014,9,26,11,30,744.0,469.0,341.0,26.0,6.300000000000001,66.0,0.01
2014-09-26 12:30:00-06:00,2014,9,26,12,30,762.0,516.0,323.0,26.0,6.1000000000000005,66.0,0.01
2014-09-26 13:30:00-06:00,2014,9,26,13,30,656.0,434.0,316.0,26.0,6.0,65.0,0.01
2014-09-26 14:30:00-06:00,2014,9,26,14,30,535.0,411.0,263.0,26.0,6.0,64.0,0.01
2014-09-26 15:30:00-06:00,2014,9,26,15,30,456.0,740.0,89.0,26.0,6.0,63.0,0.01
2014-09-26 16:30:00-06:00,2014,9,26,16,30,239.0,579.0,68.0,25.0,6.0,63.0,0.01
2014-09-26 17:30:00-06:00,2014,9,26,17,30,39.0,192.0,25.0,25.0,6.0,64.0,0.01
2014-09-26 18:30:00-06:00,2014,9,26,18,30,0.0,0.0,0.0,25.0,6.0,65.0,0.01
2014-09-26 19:30:00-06:00,2014,9,26,19,30,0.0,0.0,0.0,25.0,5.9,66.0,0.01
2014-09-26 20:30:00-06:00,2014,9,26,20,30,0.0,0.0,0.0,25.0,5.800000000000001,67.0,0.01
2014-09-26 21:30:00-06:00,2014,9,26,21,30,0.0,0.0,0.0,25.0,5.6000000000000005,68.0,0.01
2014-09-26 22:30:00-06:00,2014,9,26,22,30,0.0,0.0,0.0,25.0,5.5,69.0,0.01
2014-09-26 23:30:00-06:00,2014,9,26,23,30,0.0,0.0,0.0,25.0,5.4,70.0,0.01
2014-09-27 00:30:00-06:00,2014,9,27,0,30,0.0,0.0,0.0,25.0,5.1000000000000005,70.0,0.01
2014-09-27 01:30:00-06:00,2014,9,27,1,30,0.0,0.0,0.0,25.0,4.9,69.0,0.01
2014-09-27 02:30:00-06:00,2014,9,27,2,30,0.0,0.0,0.0,25.0,4.6000000000000005,65.0,0.01
2014-09-27 03:30:00-06:00,2014,9,27,3,30,0.0,0.0,0.0,25.0,4.5,62.0,0.01
2014-09-27 04:30:00-06:00,2014,9,27,4,30,0.0,0.0,0.0,25.0,4.3,59.0,0.01
2014-09-27 05:30:00-06:00,2014,9,27,5,30,0.0,0.0,0.0,25.0,4.2,57.0,0.01
2014-09-27 06:30:00-06:00,2014,9,27,6,30,81.0,328.0,39.0,25.0,4.2,53.0,0.01
2014-09-27 07:30:00-06:00,2014,9,27,7,30,178.0,110.0,140.0,26.0,4.3,50.0,0.01
2014-09-27 08:30:00-06:00,2014,9,27,8,30,497.0,752.0,89.0,26.0,4.4,48.0,0.01
2014-09-27 09:30:00-06:00,2014,9,27,9,30,298.0,34.0,274.0,26.0,4.6000000000000005,50.0,0.01
2014-09-27 10:30:00-06:00,2014,9,27,10,30,499.0,130.0,394.0,26.0,4.7,53.0,0.01
2014-09-27 11:30:00-06:00,2014,9,27,11,30,672.0,313.0,404.0,27.0,4.800000000000001,58.0,0.01
2014-09-27 12:30:00-06:00,2014,9,27,12,30,649.0,285.0,407.0,27.0,4.7,66.0,0.01
2014-09-27 13:30:00-06:00,2014,9,27,13,30,580.0,272.0,368.0,27.0,4.6000000000000005,76.0,0.01
2014-09-27 14:30:00-06:00,2014,9,27,14,30,484.0,294.0,290.0,27.0,4.6000000000000005,91.0,0.01
2014-09-27 15:30:00-06:00,2014,9,27,15,30,278.0,133.0,213.0,26.0,4.5,103.0,0.01
2014-09-27 16:30:00-06:00,2014,9,27,16,30,133.0,73.0,111.0,26.0,4.5,108.0,0.01
2014-09-27 17:30:00-06:00,2014,9,27,17,30,20.0,0.0,20.0,26.0,4.6000000000000005,108.0,0.01
2014-09-27 18:30:00-06:00,2014,9,27,18,30,0.0,0.0,0.0,26.0,4.9,101.0,0.01
2014-09-27 19:30:00-06:00,2014,9,27,19,30,0.0,0.0,0.0,26.0,5.4,92.0,0.01
2014-09-27 20:30:00-06:00,2014,9,27,20,30,0.0,0.0,0.0,26.0,5.800000000000001,86.0,0.01
2014-09-27 21:30:00-06:00,2014,9,27,21,30,0.0,0.0,0.0,26.0,5.9,84.0,0.01
2014-09-27 22:30:00-06:00,2014,9,27,22,30,0.0,0.0,0.0,26.0,5.7,87.0,0.01
2014-09-27 23:30:00-06:00,2014,9,27,23,30,0.0,0.0,0.0,26.0,5.4,91.0,0.01
2014-09-28 00:30:00-06:00,2014,9,28,0,30,0.0,0.0,0.0,26.0,5.1000000000000005,95.0,0.01
2014-09-28 01:30:00-06:00,2014,9,28,1,30,0.0,0.0,0.0,26.0,4.9,97.0,0.01
2014-09-28 02:30:00-06:00,2014,9,28,2,30,0.0,0.0,0.0,26.0,4.800000000000001,99.0,0.01
2014-09-28 03:30:00-06:00,2014,9,28,3,30,0.0,0.0,0.0,26.0,4.6000000000000005,103.0,0.01
2014-09-28 04:30:00-06:00,2014,9,28,4,30,0.0,0.0,0.0,26.0,4.4,105.0,0.01
2014-09-28 05:30:00-06:00,2014,9,28,5,30,0.0,0.0,0.0,26.0,4.0,105.0,0.01
2014-09-28 06:30:00-06:00,2014,9,28,6,30,30.0,0.0,30.0,26.0,3.5,106.0,0.01
2014-09-28 07:30:00-06:00,2014,9,28,7,30,4.0,0.0,4.0,26.0,3.0,110.0,0.01
2014-09-28 08:30:00-06:00,2014,9,28,8,30,42.0,0.0,42.0,26.0,2.3000000000000003,115.0,0.01
2014-09-28 09:30:00-06:00,2014,9,28,9,30,97.0,0.0,97.0,26.0,1.7000000000000002,117.0,0.01
2014-09-28 10:30:00-06:00,2014,9,28,10,30,85.0,0.0,85.0,26.0,1.2000000000000002,128.0,0.01
2014-09-28 11:30:00-06:00,2014,9,28,11,30,80.0,0.0,80.0,26.0,1.1,166.0,0.01
2014-09-28 12:30:00-06:00,2014,9,28,12,30,117.0,0.0,117.0,26.0,1.5,224.0,0.01
2014-09-28 13:30:00-06:00,2014,9,28,13,30,109.0,0.0,109.0,26.0,2.2,254.0,0.01
2014-09-28 14:30:00-06:00,2014,9,28,14,30,137.0,0.0,137.0,26.0,2.6,267.0,0.01
2014-09-28 15:30:00-06:00,2014,9,28,15,30,220.0,48.0,196.0,26.0,2.9000000000000004,268.0,0.01
2014-09-28 16:30:00-06:00,2014,9,28,16,30,56.0,0.0,56.0,26.0,3.2,262.0,0.01
2014-09-28 17:30:00-06:00,2014,9,28,17,30,8.0,0.0,8.0,26.0,3.6,255.0,0.01
2014-09-28 18:30:00-06:00,2014,9,28,18,30,0.0,0.0,0.0,26.0,4.0,250.0,0.01
2014-09-28 19:30:00-06:00,2014,9,28,19,30,0.0,0.0,0.0,26.0,4.5,248.0,0.01
2014-09-28 20:30:00-06:00,2014,9,28,20,30,0.0,0.0,0.0,26.0,4.9,247.0,0.01
2014-09-28 21:30:00-06:00,2014,9,28,21,30,0.0,0.0,0.0,26.0,5.0,248.0,0.01
2014-09-28 22:30:00-06:00,2014,9,28,22,30,0.0,0.0,0.0,25.0,5.1000000000000005,249.0,0.01
2014-09-28 23:30:00-06:00,2014,9,28,23,30,0.0,0.0,0.0,25.0,5.0,252.0,0.01
2014-09-29 00:30:00-06:00,2014,9,29,0,30,0.0,0.0,0.0,25.0,4.9,257.0,0.01
2014-09-29 01:30:00-06:00,2014,9,29,1,30,0.0,0.0,0.0,25.0,4.800000000000001,262.0,0.01
2014-09-29 02:30:00-06:00,2014,9,29,2,30,0.0,0.0,0.0,25.0,4.800000000000001,267.0,0.01
2014-09-29 03:30:00-06:00,2014,9,29,3,30,0.0,0.0,0.0,25.0,4.800000000000001,268.0,0.01
2014-09-29 04:30:00-06:00,2014,9,29,4,30,0.0,0.0,0.0,25.0,4.9,268.0,0.01
2014-09-29 05:30:00-06:00,2014,9,29,5,30,0.0,0.0,0.0,25.0,4.9,270.0,0.01
2014-09-29 06:30:00-06:00,2014,9,29,6,30,55.0,93.0,43.0,25.0,4.9,275.0,0.01
2014-09-29 07:30:00-06:00,2014,9,29,7,30,283.0,624.0,68.0,25.0,4.800000000000001,279.0,0.01
2014-09-29 08:30:00-06:00,2014,9,29,8,30,490.0,754.0,85.0,26.0,4.7,280.0,0.01
2014-09-29 09:30:00-06:00,2014,9,29,9,30,501.0,268.0,316.0,26.0,4.6000000000000005,282.0,0.01
2014-09-29 10:30:00-06:00,2014,9,29,10,30,785.0,857.0,101.0,26.0,4.5,284.0,0.01
2014-09-29 11:30:00-06:00,2014,9,29,11,30,560.0,159.0,425.0,27.0,4.2,288.0,0.01
2014-09-29 12:30:00-06:00,2014,9,29,12,30,838.0,889.0,92.0,27.0,3.8,291.0,0.01
2014-09-29 13:30:00-06:00,2014,9,29,13,30,640.0,412.0,322.0,27.0,3.5,294.0,0.01
2014-09-29 14:30:00-06:00,2014,9,29,14,30,622.0,827.0,84.0,27.0,3.2,298.0,0.01
2014-09-29 15:30:00-06:00,2014,9,29,15,30,435.0,746.0,75.0,27.0,3.0,306.0,0.01
2014-09-29 16:30:00-06:00,2014,9,29,16,30,171.0,248.0,101.0,27.0,2.8000000000000003,315.0,0.01
2014-09-29 17:30:00-06:00,2014,9,29,17,30,30.0,178.0,20.0,27.0,2.8000000000000003,326.0,0.01
2014-09-29 18:30:00-06:00,2014,9,29,18,30,0.0,0.0,0.0,27.0,3.0,336.0,0.01
2014-09-29 19:30:00-06:00,2014,9,29,19,30,0.0,0.0,0.0,27.0,3.2,345.0,0.01
2014-09-29 20:30:00-06:00,2014,9,29,20,30,0.0,0.0,0.0,26.0,3.3000000000000003,351.0,0.01
2014-09-29 21:30:00-06:00,2014,9,29,21,30,0.0,0.0,0.0,26.0,3.2,355.0,0.01
2014-09-29 22:30:00-06:00,2014,9,29,22,30,0.0,0.0,0.0,26.0,3.1,358.0,0.01
2014-09-29 23:30:00-06:00,2014,9,29,23,30,0.0,0.0,0.0,26.0,3.0,360.0,0.01
2014-09-30 00:30:00-06:00,2014,9,30,0,30,0.0,0.0,0.0,26.0,2.8000000000000003,1.0,0.01
2014-09-30 01:30:00-06:00,2014,9,30,1,30,0.0,0.0,0.0,26.0,2.8000000000000003,3.0,0.01
2014-09-30 02:30:00-06:00,2014,9,30,2,30,0.0,0.0,0.0,25.0,2.8000000000000003,6.0,0.01
2014-09-30 03:30:00-06:00,2014,9,30,3,30,0.0,0.0,0.0,25.0,2.8000000000000003,8.0,0.01
2014-09-30 04:30:00-06:00,2014,9,30,4,30,0.0,0.0,0.0,25.0,2.9000000000000004,10.0,0.01
2014-09-30 05:30:00-06:00,2014,9,30,5,30,0.0,0.0,0.0,25.0,2.9000000000000004,14.0,0.01
2014-09-30 06:30:00-06:00,2014,9,30,6,30,79.0,363.0,34.0,26.0,2.8000000000000003,19.0,0.01
2014-09-30 07:30:00-06:00,2014,9,30,7,30,288.0,657.0,63.0,26.0,2.6,25.0,0.01
2014-09-30 08:30:00-06:00,2014,9,30,8,30,497.0,783.0,78.0,26.0,2.3000000000000003,34.0,0.01
2014-09-30 09:30:00-06:00,2014,9,30,9,30,667.0,829.0,96.0,26.0,2.1,42.0,0.01
2014-09-30 10:30:00-06:00,2014,9,30,10,30,790.0,866.0,101.0,27.0,1.9,49.0,0.01
2014-09-30 11:30:00-06:00,2014,9,30,11,30,848.0,881.0,104.0,27.0,1.8,53.0,0.01
2014-09-30 12:30:00-06:00,2014,9,30,12,30,840.0,888.0,98.0,28.0,1.8,57.0,0.01
2014-09-30 13:30:00-06:00,2014,9,30,13,30,761.0,868.0,95.0,28.0,1.8,64.0,0.01
2014-09-30 14:30:00-06:00,2014,9,30,14,30,621.0,825.0,88.0,28.0,2.0,73.0,0.01
2014-09-30 15:30:00-06:00,2014,9,30,15,30,433.0,744.0,78.0,28.0,2.5,82.0,0.01
2014-09-30 16:30:00-06:00,2014,9,30,16,30,219.0,579.0,59.0,27.0,3.1,90.0,0.01
2014-09-30 17:30:00-06:00,2014,9,30,17,30,28.0,164.0,19.0,27.0,3.8,96.0,0.01
2014-09-30 18:30:00-06:00,2014,9,30,18,30,0.0,0.0,0.0,24.0,8.4,50.0,0.02
2014-09-30 19:30:00-06:00,2014,9,30,19,30,0.0,0.0,0.0,24.0,8.3,50.0,0.02
2014-09-30 20:30:00-06:00,2014,9,30,20,30,0.0,0.0,0.0,24.0,8.200000000000001,51.0,0.02
2014-09-30 21:30:00-06:00,2014,9,30,21,30,0.0,0.0,0.0,24.0,8.0,53.0,0.02
2014-09-30 22:30:00-06:00,2014,9,30,22,30,0.0,0.0,0.0,24.0,7.7,54.0,0.02
2014-09-30 23:30:00-06:00,2014,9,30,23,30,0.0,0.0,0.0,24.0,7.5,54.0,0.02
2003-10-01 00:30:00-06:00,2003,10,1,0,30,0.0,0.0,0.0,24.0,7.5,51.0,0.02
2003-10-01 01:30:00-06:00,2003,10,1,1,30,0.0,0.0,0.0,24.0,7.6,47.0,0.02
2003-10-01 02:30:00-06:00,2003,10,1,2,30,0.0,0.0,0.0,24.0,7.6,44.0,0.02
2003-10-01 03:30:00-06:00,2003,10,1,3,30,0.0,0.0,0.0,24.0,7.800000000000001,44.0,0.02
2003-10-01 04:30:00-06:00,2003,10,1,4,30,0.0,0.0,0.0,23.0,7.9,44.0,0.02
2003-10-01 05:30:00-06:00,2003,10,1,5,30,0.0,0.0,0.0,23.0,8.0,44.0,0.02
2003-10-01 06:30:00-06:00,2003,10,1,6,30,57.0,126.0,42.0,24.0,8.1,44.0,0.02
2003-10-01 07:30:00-06:00,2003,10,1,7,30,234.0,345.0,117.0,24.0,8.0,47.0,0.02
2003-10-01 08:30:00-06:00,2003,10,1,8,30,440.0,501.0,173.0,24.0,7.800000000000001,49.0,0.02
2003-10-01 09:30:00-06:00,2003,10,1,9,30,581.0,488.0,246.0,24.0,7.7,52.0,0.02
2003-10-01 10:30:00-06:00,2003,10,1,10,30,801.0,866.0,115.0,25.0,7.6,53.0,0.02
2003-10-01 11:30:00-06:00,2003,10,1,11,30,861.0,883.0,117.0,25.0,7.6,53.0,0.02
2003-10-01 12:30:00-06:00,2003,10,1,12,30,846.0,864.0,126.0,25.0,7.6,51.0,0.02
2003-10-01 13:30:00-06:00,2003,10,1,13,30,764.0,836.0,124.0,25.0,7.9,48.0,0.02
2003-10-01 14:30:00-06:00,2003,10,1,14,30,620.0,783.0,117.0,25.0,8.200000000000001,44.0,0.02
2003-10-01 15:30:00-06:00,2003,10,1,15,30,432.0,703.0,98.0,25.0,8.3,42.0,0.02
2003-10-01 16:30:00-06:00,2003,10,1,16,30,216.0,528.0,72.0,24.0,8.200000000000001,42.0,0.02
2003-10-01 17:30:00-06:00,2003,10,1,17,30,25.0,117.0,20.0,24.0,8.1,41.0,0.02
2003-10-01 18:30:00-06:00,2003,10,1,18,30,0.0,0.0,0.0,24.0,7.9,41.0,0.02
2003-10-01 19:30:00-06:00,2003,10,1,19,30,0.0,0.0,0.0,24.0,7.800000000000001,42.0,0.02
2003-10-01 20:30:00-06:00,2003,10,1,20,30,0.0,0.0,0.0,24.0,7.7,42.0,0.02
2003-10-01 21:30:00-06:00,2003,10,1,21,30,0.0,0.0,0.0,24.0,7.7,41.0,0.02
2003-10-01 22:30:00-06:00,2003,10,1,22,30,0.0,0.0,0.0,23.0,7.7,40.0,0.02
2003-10-01 23:30:00-06:00,2003,10,1,23,30,0.0,0.0,0.0,23.0,7.800000000000001,38.0,0.02
2003-10-02 00:30:00-06:00,2003,10,2,0,30,0.0,0.0,0.0,23.0,8.0,37.0,0.02
2003-10-02 01:30:00-06:00,2003,10,2,1,30,0.0,0.0,0.0,22.0,8.3,35.0,0.02
2003-10-02 02:30:00-06:00,2003,10,2,2,30,0.0,0.0,0.0,22.0,8.700000000000001,35.0,0.02
2003-10-02 03:30:00-06:00,2003,10,2,3,30,0.0,0.0,0.0,21.0,9.1,37.0,0.02
2003-10-02 04:30:00-06:00,2003,10,2,4,30,0.0,0.0,0.0,21.0,9.3,39.0,0.02
2003-10-02 05:30:00-06:00,2003,10,2,5,30,0.0,0.0,0.0,21.0,9.4,40.0,0.02
2003-10-02 06:30:00-06:00,2003,10,2,6,30,76.0,284.0,41.0,20.0,9.3,41.0,0.02
2003-10-02 07:30:00-06:00,2003,10,2,7,30,289.0,614.0,81.0,20.0,9.0,42.0,0.02
2003-10-02 08:30:00-06:00,2003,10,2,8,30,506.0,769.0,98.0,21.0,8.5,42.0,0.02
2003-10-02 09:30:00-06:00,2003,10,2,9,30,681.0,815.0,123.0,21.0,8.1,44.0,0.02
2003-10-02 10:30:00-06:00,2003,10,2,10,30,811.0,868.0,125.0,21.0,7.7,44.0,0.02
2003-10-02 11:30:00-06:00,2003,10,2,11,30,873.0,893.0,124.0,21.0,7.4,44.0,0.02
2003-10-02 12:30:00-06:00,2003,10,2,12,30,863.0,894.0,122.0,21.0,7.2,44.0,0.02
2003-10-02 13:30:00-06:00,2003,10,2,13,30,785.0,882.0,113.0,21.0,7.0,42.0,0.02
2003-10-02 14:30:00-06:00,2003,10,2,14,30,642.0,847.0,101.0,21.0,7.0,40.0,0.02
2003-10-02 15:30:00-06:00,2003,10,2,15,30,451.0,783.0,82.0,21.0,7.1000000000000005,37.0,0.02
2003-10-02 16:30:00-06:00,2003,10,2,16,30,229.0,631.0,60.0,22.0,7.1000000000000005,35.0,0.02
2003-10-02 17:30:00-06:00,2003,10,2,17,30,27.0,202.0,17.0,21.0,7.1000000000000005,34.0,0.02
2003-10-02 18:30:00-06:00,2003,10,2,18,30,0.0,0.0,0.0,21.0,7.1000000000000005,35.0,0.02
2003-10-02 19:30:00-06:00,2003,10,2,19,30,0.0,0.0,0.0,22.0,7.0,38.0,0.02
2003-10-02 20:30:00-06:00,2003,10,2,20,30,0.0,0.0,0.0,22.0,7.0,40.0,0.02
2003-10-02 21:30:00-06:00,2003,10,2,21,30,0.0,0.0,0.0,22.0,6.9,42.0,0.02
2003-10-02 22:30:00-06:00,2003,10,2,22,30,0.0,0.0,0.0,22.0,6.7,46.0,0.02
2003-10-02 23:30:00-06:00,2003,10,2,23,30,0.0,0.0,0.0,22.0,6.300000000000001,49.0,0.02
2003-10-03 00:30:00-06:00,2003,10,3,0,30,0.0,0.0,0.0,22.0,5.800000000000001,52.0,0.02
2003-10-03 01:30:00-06:00,2003,10,3,1,30,0.0,0.0,0.0,22.0,5.4,53.0,0.02
2003-10-03 02:30:00-06:00,2003,10,3,2,30,0.0,0.0,0.0,22.0,5.1000000000000005,52.0,0.02
2003-10-03 03:30:00-06:00,2003,10,3,3,30,0.0,0.0,0.0,22.0,4.800000000000001,51.0,0.02
2003-10-03 04:30:00-06:00,2003,10,3,4,30,0.0,0.0,0.0,22.0,4.5,53.0,0.02
2003-10-03 05:30:00-06:00,2003,10,3,5,30,0.0,0.0,0.0,22.0,4.2,58.0,0.02
2003-10-03 06:30:00-06:00,2003,10,3,6,30,80.0,373.0,35.0,22.0,4.0,66.0,0.02
2003-10-03 07:30:00-06:00,2003,10,3,7,30,297.0,685.0,67.0,23.0,3.7,78.0,0.02
2003-10-03 08:30:00-06:00,2003,10,3,8,30,513.0,814.0,83.0,23.0,3.3000000000000003,89.0,0.02
2003-10-03 09:30:00-06:00,2003,10,3,9,30,692.0,879.0,93.0,24.0,2.9000000000000004,94.0,0.02
2003-10-03 10:30:00-06:00,2003,10,3,10,30,816.0,911.0,99.0,24.0,2.7,91.0,0.02
2003-10-03 11:30:00-06:00,2003,10,3,11,30,873.0,922.0,102.0,24.0,2.5,86.0,0.02
2003-10-03 12:30:00-06:00,2003,10,3,12,30,854.0,897.0,114.0,24.0,2.3000000000000003,79.0,0.02
2003-10-03 13:30:00-06:00,2003,10,3,13,30,770.0,871.0,111.0,25.0,2.3000000000000003,70.0,0.02
2003-10-03 14:30:00-06:00,2003,10,3,14,30,624.0,820.0,104.0,25.0,2.5,62.0,0.02
2003-10-03 15:30:00-06:00,2003,10,3,15,30,429.0,721.0,93.0,25.0,2.6,59.0,0.02
2003-10-03 16:30:00-06:00,2003,10,3,16,30,211.0,541.0,68.0,25.0,2.8000000000000003,59.0,0.02
2003-10-03 17:30:00-06:00,2003,10,3,17,30,21.0,109.0,17.0,24.0,3.0,60.0,0.02
2003-10-03 18:30:00-06:00,2003,10,3,18,30,0.0,0.0,0.0,24.0,3.1,66.0,0.02
2003-10-03 19:30:00-06:00,2003,10,3,19,30,0.0,0.0,0.0,24.0,3.1,77.0,0.02
2003-10-03 20:30:00-06:00,2003,10,3,20,30,0.0,0.0,0.0,24.0,3.0,92.0,0.02
2003-10-03 21:30:00-06:00,2003,10,3,21,30,0.0,0.0,0.0,24.0,2.8000000000000003,103.0,0.02
2003-10-03 22:30:00-06:00,2003,10,3,22,30,0.0,0.0,0.0,24.0,2.4000000000000004,106.0,0.02
2003-10-03 23:30:00-06:00,2003,10,3,23,30,0.0,0.0,0.0,24.0,1.9,101.0,0.02
2003-10-04 00:30:00-06:00,2003,10,4,0,30,0.0,0.0,0.0,24.0,1.8,80.0,0.02
2003-10-04 01:30:00-06:00,2003,10,4,1,30,0.0,0.0,0.0,24.0,2.1,52.0,0.02
2003-10-04 02:30:00-06:00,2003,10,4,2,30,0.0,0.0,0.0,24.0,2.5,36.0,0.02
2003-10-04 03:30:00-06:00,2003,10,4,3,30,0.0,0.0,0.0,23.0,3.0,31.0,0.02
2003-10-04 04:30:00-06:00,2003,10,4,4,30,0.0,0.0,0.0,23.0,3.2,32.0,0.02
2003-10-04 05:30:00-06:00,2003,10,4,5,30,0.0,0.0,0.0,23.0,3.3000000000000003,34.0,0.02
2003-10-04 06:30:00-06:00,2003,10,4,6,30,71.0,261.0,40.0,23.0,3.5,36.0,0.02
2003-10-04 07:30:00-06:00,2003,10,4,7,30,277.0,582.0,83.0,23.0,3.5,40.0,0.02
2003-10-04 08:30:00-06:00,2003,10,4,8,30,487.0,726.0,105.0,23.0,3.3000000000000003,45.0,0.02
2003-10-04 09:30:00-06:00,2003,10,4,9,30,656.0,768.0,135.0,24.0,3.1,49.0,0.02
2003-10-04 10:30:00-06:00,2003,10,4,10,30,778.0,810.0,143.0,24.0,2.9000000000000004,50.0,0.02
2003-10-04 11:30:00-06:00,2003,10,4,11,30,835.0,826.0,147.0,24.0,2.7,48.0,0.02
2003-10-04 12:30:00-06:00,2003,10,4,12,30,828.0,846.0,132.0,25.0,2.5,45.0,0.02
2003-10-04 13:30:00-06:00,2003,10,4,13,30,746.0,822.0,127.0,25.0,2.4000000000000004,42.0,0.02
2003-10-04 14:30:00-06:00,2003,10,4,14,30,604.0,773.0,117.0,25.0,2.3000000000000003,40.0,0.02
2003-10-04 15:30:00-06:00,2003,10,4,15,30,414.0,680.0,100.0,25.0,2.1,42.0,0.02
2003-10-04 16:30:00-06:00,2003,10,4,16,30,201.0,499.0,71.0,25.0,2.0,49.0,0.02
2003-10-04 17:30:00-06:00,2003,10,4,17,30,18.0,81.0,15.0,25.0,2.0,58.0,0.02
2003-10-04 18:30:00-06:00,2003,10,4,18,30,0.0,0.0,0.0,25.0,2.1,67.0,0.02
2003-10-04 19:30:00-06:00,2003,10,4,19,30,0.0,0.0,0.0,25.0,2.2,79.0,0.02
2003-10-04 20:30:00-06:00,2003,10,4,20,30,0.0,0.0,0.0,25.0,2.2,94.0,0.02
2003-10-04 21:30:00-06:00,2003,10,4,21,30,0.0,0.0,0.0,25.0,2.2,105.0,0.02
2003-10-04 22:30:00-06:00,2003,10,4,22,30,0.0,0.0,0.0,25.0,2.0,115.0,0.02
2003-10-04 23:30:00-06:00,2003,10,4,23,30,0.0,0.0,0.0,25.0,1.7000000000000002,123.0,0.02
2003-10-05 00:30:00-06:00,2003,10,5,0,30,0.0,0.0,0.0,25.0,1.3,128.0,0.02
2003-10-05 01:30:00-06:00,2003,10,5,1,30,0.0,0.0,0.0,25.0,0.9,124.0,0.02
2003-10-05 02:30:00-06:00,2003,10,5,2,30,0.0,0.0,0.0,24.0,0.7000000000000001,99.0,0.02
2003-10-05 03:30:00-06:00,2003,10,5,3,30,0.0,0.0,0.0,24.0,1.0,55.0,0.02
2003-10-05 04:30:00-06:00,2003,10,5,4,30,0.0,0.0,0.0,24.0,1.5,44.0,0.02
2003-10-05 05:30:00-06:00,2003,10,5,5,30,0.0,0.0,0.0,24.0,2.0,47.0,0.02
2003-10-05 06:30:00-06:00,2003,10,5,6,30,70.0,277.0,38.0,24.0,2.3000000000000003,52.0,0.02
2003-10-05 07:30:00-06:00,2003,10,5,7,30,277.0,599.0,79.0,24.0,2.5,56.0,0.02
2003-10-05 08:30:00-06:00,2003,10,5,8,30,488.0,743.0,99.0,24.0,2.5,61.0,0.02
2003-10-05 09:30:00-06:00,2003,10,5,9,30,663.0,815.0,113.0,25.0,2.4000000000000004,69.0,0.02
2003-10-05 10:30:00-06:00,2003,10,5,10,30,787.0,857.0,118.0,25.0,2.4000000000000004,80.0,0.02
2003-10-05 11:30:00-06:00,2003,10,5,11,30,844.0,874.0,120.0,25.0,2.3000000000000003,94.0,0.02
2003-10-05 12:30:00-06:00,2003,10,5,12,30,617.0,273.0,393.0,25.0,1.7000000000000002,106.0,0.02
2003-10-05 13:30:00-06:00,2003,10,5,13,30,742.0,825.0,124.0,25.0,0.8,109.0,0.02
2003-10-05 14:30:00-06:00,2003,10,5,14,30,599.0,776.0,113.0,26.0,0.6000000000000001,61.0,0.02
2003-10-05 15:30:00-06:00,2003,10,5,15,30,407.0,667.0,102.0,26.0,1.0,26.0,0.02
2003-10-05 16:30:00-06:00,2003,10,5,16,30,195.0,488.0,71.0,25.0,1.5,63.0,0.02
2003-10-05 17:30:00-06:00,2003,10,5,17,30,16.0,75.0,13.0,25.0,2.0,89.0,0.02
2003-10-05 18:30:00-06:00,2003,10,5,18,30,0.0,0.0,0.0,25.0,2.4000000000000004,101.0,0.02
2003-10-05 19:30:00-06:00,2003,10,5,19,30,0.0,0.0,0.0,25.0,2.7,110.0,0.02
2003-10-05 20:30:00-06:00,2003,10,5,20,30,0.0,0.0,0.0,25.0,2.9000000000000004,120.0,0.02
2003-10-05 21:30:00-06:00,2003,10,5,21,30,0.0,0.0,0.0,25.0,3.0,130.0,0.02
2003-10-05 22:30:00-06:00,2003,10,5,22,30,0.0,0.0,0.0,25.0,3.0,139.0,0.02
2003-10-05 23:30:00-06:00,2003,10,5,23,30,0.0,0.0,0.0,25.0,2.9000000000000004,147.0,0.02
2003-10-06 00:30:00-06:00,2003,10,6,0,30,0.0,0.0,0.0,25.0,2.7,152.0,0.02
2003-10-06 01:30:00-06:00,2003,10,6,1,30,0.0,0.0,0.0,25.0,2.2,156.0,0.02
2003-10-06 02:30:00-06:00,2003,10,6,2,30,0.0,0.0,0.0,25.0,1.5,157.0,0.02
2003-10-06 03:30:00-06:00,2003,10,6,3,30,0.0,0.0,0.0,25.0,1.0,148.0,0.02
2003-10-06 04:30:00-06:00,2003,10,6,4,30,0.0,0.0,0.0,25.0,1.0,111.0,0.02
2003-10-06 05:30:00-06:00,2003,10,6,5,30,0.0,0.0,0.0,24.0,1.3,89.0,0.02
2003-10-06 06:30:00-06:00,2003,10,6,6,30,55.0,159.0,37.0,24.0,1.6,85.0,0.02
2003-10-06 07:30:00-06:00,2003,10,6,7,30,215.0,291.0,119.0,25.0,1.8,78.0,0.02
2003-10-06 08:30:00-06:00,2003,10,6,8,30,423.0,481.0,173.0,25.0,2.0,68.0,0.02
2003-10-06 09:30:00-06:00,2003,10,6,9,30,650.0,795.0,115.0,25.0,2.2,60.0,0.02
2003-10-06 10:30:00-06:00,2003,10,6,10,30,770.0,835.0,122.0,25.0,2.5,58.0,0.02
2003-10-06 11:30:00-06:00,2003,10,6,11,30,827.0,851.0,125.0,25.0,2.6,60.0,0.02
2003-10-06 12:30:00-06:00,2003,10,6,12,30,809.0,828.0,135.0,25.0,2.7,62.0,0.02
2003-10-06 13:30:00-06:00,2003,10,6,13,30,726.0,799.0,131.0,25.0,2.7,63.0,0.02
2003-10-06 14:30:00-06:00,2003,10,6,14,30,494.0,399.0,246.0,25.0,2.8000000000000003,64.0,0.02
2003-10-06 15:30:00-06:00,2003,10,6,15,30,252.0,129.0,193.0,25.0,3.0,65.0,0.02
2003-10-06 16:30:00-06:00,2003,10,6,16,30,171.0,376.0,77.0,25.0,3.1,68.0,0.02
2003-10-06 17:30:00-06:00,2003,10,6,17,30,11.0,0.0,11.0,25.0,3.3000000000000003,71.0,0.02
2003-10-06 18:30:00-06:00,2003,10,6,18,30,0.0,0.0,0.0,25.0,3.5,76.0,0.02
2003-10-06 19:30:00-06:00,2003,10,6,19,30,0.0,0.0,0.0,25.0,3.9,82.0,0.02
2003-10-06 20:30:00-06:00,2003,10,6,20,30,0.0,0.0,0.0,25.0,4.1000000000000005,90.0,0.02
2003-10-06 21:30:00-06:00,2003,10,6,21,30,0.0,0.0,0.0,25.0,4.2,97.0,0.02
2003-10-06 22:30:00-06:00,2003,10,6,22,30,0.0,0.0,0.0,25.0,4.0,104.0,0.02
2003-10-06 23:30:00-06:00,2003,10,6,23,30,0.0,0.0,0.0,25.0,3.7,112.0,0.02
2003-10-07 00:30:00-06:00,2003,10,7,0,30,0.0,0.0,0.0,25.0,3.3000000000000003,118.0,0.02
2003-10-07 01:30:00-06:00,2003,10,7,1,30,0.0,0.0,0.0,25.0,3.1,121.0,0.02
2003-10-07 02:30:00-06:00,2003,10,7,2,30,0.0,0.0,0.0,25.0,2.9000000000000004,121.0,0.02
2003-10-07 03:30:00-06:00,2003,10,7,3,30,0.0,0.0,0.0,25.0,2.7,117.0,0.02
2003-10-07 04:30:00-06:00,2003,10,7,4,30,0.0,0.0,0.0,25.0,2.7,107.0,0.02
2003-10-07 05:30:00-06:00,2003,10,7,5,30,0.0,0.0,0.0,25.0,2.9000000000000004,98.0,0.02
2003-10-07 06:30:00-06:00,2003,10,7,6,30,13.0,0.0,13.0,25.0,3.1,92.0,0.02
2003-10-07 07:30:00-06:00,2003,10,7,7,30,117.0,7.0,114.0,25.0,3.2,92.0,0.02
2003-10-07 08:30:00-06:00,2003,10,7,8,30,467.0,705.0,103.0,25.0,3.3000000000000003,96.0,0.02
2003-10-07 09:30:00-06:00,2003,10,7,9,30,479.0,259.0,306.0,26.0,3.3000000000000003,100.0,0.02
2003-10-07 10:30:00-06:00,2003,10,7,10,30,761.0,830.0,119.0,26.0,3.3000000000000003,102.0,0.02
2003-10-07 11:30:00-06:00,2003,10,7,11,30,817.0,849.0,120.0,26.0,3.3000000000000003,103.0,0.02
2003-10-07 12:30:00-06:00,2003,10,7,12,30,692.0,455.0,323.0,26.0,3.4000000000000004,102.0,0.02
2003-10-07 13:30:00-06:00,2003,10,7,13,30,723.0,823.0,114.0,26.0,3.4000000000000004,100.0,0.02
2003-10-07 14:30:00-06:00,2003,10,7,14,30,583.0,777.0,103.0,26.0,3.6,97.0,0.02
2003-10-07 15:30:00-06:00,2003,10,7,15,30,396.0,692.0,86.0,26.0,3.8,94.0,0.02
2003-10-07 16:30:00-06:00,2003,10,7,16,30,186.0,507.0,62.0,25.0,4.2,91.0,0.02
2003-10-07 17:30:00-06:00,2003,10,7,17,30,12.0,64.0,11.0,25.0,4.5,90.0,0.02
2003-10-07 18:30:00-06:00,2003,10,7,18,30,0.0,0.0,0.0,25.0,4.6000000000000005,90.0,0.01
2003-10-07 19:30:00-06:00,2003,10,7,19,30,0.0,0.0,0.0,25.0,4.800000000000001,90.0,0.01
2003-10-07 20:30:00-06:00,2003,10,7,20,30,0.0,0.0,0.0,25.0,4.6000000000000005,89.0,0.01
2003-10-07 21:30:00-06:00,2003,10,7,21,30,0.0,0.0,0.0,25.0,4.4,91.0,0.01
2003-10-07 22:30:00-06:00,2003,10,7,22,30,0.0,0.0,0.0,25.0,4.1000000000000005,96.0,0.01
2003-10-07 23:30:00-06:00,2003,10,7,23,30,0.0,0.0,0.0,25.0,3.7,98.0,0.01
2003-10-08 00:30:00-06:00,2003,10,8,0,30,0.0,0.0,0.0,25.0,3.4000000000000004,102.0,0.01
2003-10-08 01:30:00-06:00,2003,10,8,1,30,0.0,0.0,0.0,25.0,3.2,104.0,0.01
2003-10-08 02:30:00-06:00,2003,10,8,2,30,0.0,0.0,0.0,25.0,3.1,104.0,0.01
2003-10-08 03:30:00-06:00,2003,10,8,3,30,0.0,0.0,0.0,25.0,2.8000000000000003,101.0,0.01
2003-10-08 04:30:00-06:00,2003,10,8,4,30,0.0,0.0,0.0,25.0,2.8000000000000003,90.0,0.01
2003-10-08 05:30:00-06:00,2003,10,8,5,30,0.0,0.0,0.0,25.0,3.0,79.0,0.01
2003-10-08 06:30:00-06:00,2003,10,8,6,30,47.0,92.0,37.0,25.0,3.4000000000000004,72.0,0.01
2003-10-08 07:30:00-06:00,2003,10,8,7,30,114.0,5.0,112.0,25.0,3.7,70.0,0.01
2003-10-08 08:30:00-06:00,2003,10,8,8,30,325.0,196.0,224.0,25.0,4.0,70.0,0.01
2003-10-08 09:30:00-06:00,2003,10,8,9,30,649.0,832.0,94.0,26.0,4.1000000000000005,68.0,0.01
2003-10-08 10:30:00-06:00,2003,10,8,10,30,769.0,869.0,100.0,26.0,4.3,64.0,0.01
2003-10-08 11:30:00-06:00,2003,10,8,11,30,825.0,885.0,102.0,26.0,4.5,62.0,0.01
2003-10-08 12:30:00-06:00,2003,10,8,12,30,802.0,842.0,124.0,26.0,4.7,62.0,0.01
2003-10-08 13:30:00-06:00,2003,10,8,13,30,721.0,817.0,119.0,26.0,5.0,62.0,0.01
2003-10-08 14:30:00-06:00,2003,10,8,14,30,579.0,765.0,110.0,26.0,5.1000000000000005,63.0,0.01
2003-10-08 15:30:00-06:00,2003,10,8,15,30,391.0,672.0,93.0,26.0,5.4,65.0,0.01
2003-10-08 16:30:00-06:00,2003,10,8,16,30,181.0,478.0,65.0,25.0,5.5,67.0,0.01
2003-10-08 17:30:00-06:00,2003,10,8,17,30,10.0,0.0,10.0,25.0,5.6000000000000005,69.0,0.01
2003-10-08 18:30:00-06:00,2003,10,8,18,30,0.0,0.0,0.0,25.0,5.6000000000000005,70.0,0.01
2003-10-08 19:30:00-06:00,2003,10,8,19,30,0.0,0.0,0.0,25.0,5.7,72.0,0.01
2003-10-08 20:30:00-06:00,2003,10,8,20,30,0.0,0.0,0.0,25.0,5.800000000000001,74.0,0.01
2003-10-08 21:30:00-06:00,2003,10,8,21,30,0.0,0.0,0.0,25.0,5.7,77.0,0.01
2003-10-08 22:30:00-06:00,2003,10,8,22,30,0.0,0.0,0.0,25.0,5.6000000000000005,84.0,0.01
2003-10-08 23:30:00-06:00,2003,10,8,23,30,0.0,0.0,0.0,25.0,5.300000000000001,91.0,0.01
2003-10-09 00:30:00-06:00,2003,10,9,0,30,0.0,0.0,0.0,25.0,5.0,97.0,0.01
2003-10-09 01:30:00-06:00,2003,10,9,1,30,0.0,0.0,0.0,25.0,4.6000000000000005,101.0,0.01
2003-10-09 02:30:00-06:00,2003,10,9,2,30,0.0,0.0,0.0,25.0,4.4,103.0,0.01
2003-10-09 03:30:00-06:00,2003,10,9,3,30,0.0,0.0,0.0,25.0,4.1000000000000005,104.0,0.01
2003-10-09 04:30:00-06:00,2003,10,9,4,30,0.0,0.0,0.0,25.0,4.0,104.0,0.01
2003-10-09 05:30:00-06:00,2003,10,9,5,30,0.0,0.0,0.0,25.0,3.8,103.0,0.01
2003-10-09 06:30:00-06:00,2003,10,9,6,30,58.0,205.0,36.0,25.0,3.7,103.0,0.01
2003-10-09 07:30:00-06:00,2003,10,9,7,30,209.0,292.0,116.0,26.0,3.6,103.0,0.01
2003-10-09 08:30:00-06:00,2003,10,9,8,30,401.0,424.0,184.0,26.0,3.6,103.0,0.01
2003-10-09 09:30:00-06:00,2003,10,9,9,30,463.0,236.0,306.0,26.0,3.8,105.0,0.01
2003-10-09 10:30:00-06:00,2003,10,9,10,30,535.0,238.0,352.0,26.0,3.8,108.0,0.01
2003-10-09 11:30:00-06:00,2003,10,9,11,30,580.0,220.0,401.0,26.0,3.6,109.0,0.01
2003-10-09 12:30:00-06:00,2003,10,9,12,30,656.0,372.0,357.0,26.0,3.2,107.0,0.01
2003-10-09 13:30:00-06:00,2003,10,9,13,30,519.0,233.0,348.0,26.0,3.0,102.0,0.01
2003-10-09 14:30:00-06:00,2003,10,9,14,30,448.0,308.0,261.0,26.0,3.0,96.0,0.01
2003-10-09 15:30:00-06:00,2003,10,9,15,30,249.0,140.0,187.0,26.0,3.3000000000000003,90.0,0.01
2003-10-09 16:30:00-06:00,2003,10,9,16,30,67.0,0.0,67.0,26.0,3.7,86.0,0.01
2003-10-09 17:30:00-06:00,2003,10,9,17,30,0.0,0.0,0.0,26.0,4.2,87.0,0.01
2003-10-09 18:30:00-06:00,2003,10,9,18,30,0.0,0.0,0.0,26.0,4.800000000000001,89.0,0.01
2003-10-09 19:30:00-06:00,2003,10,9,19,30,0.0,0.0,0.0,25.0,5.5,94.0,0.01
2003-10-09 20:30:00-06:00,2003,10,9,20,30,0.0,0.0,0.0,25.0,6.1000000000000005,101.0,0.01
2003-10-09 21:30:00-06:00,2003,10,9,21,30,0.0,0.0,0.0,25.0,6.5,110.0,0.01
2003-10-09 22:30:00-06:00,2003,10,9,22,30,0.0,0.0,0.0,25.0,6.2,117.0,0.01
2003-10-09 23:30:00-06:00,2003,10,9,23,30,0.0,0.0,0.0,25.0,6.2,120.0,0.01
2003-10-10 00:30:00-06:00,2003,10,10,0,30,0.0,0.0,0.0,25.0,6.5,126.0,0.01
2003-10-10 01:30:00-06:00,2003,10,10,1,30,0.0,0.0,0.0,25.0,6.800000000000001,132.0,0.01
2003-10-10 02:30:00-06:00,2003,10,10,2,30,0.0,0.0,0.0,25.0,7.0,139.0,0.01
2003-10-10 03:30:00-06:00,2003,10,10,3,30,0.0,0.0,0.0,25.0,7.0,143.0,0.01
2003-10-10 04:30:00-06:00,2003,10,10,4,30,0.0,0.0,0.0,25.0,6.800000000000001,148.0,0.01
2003-10-10 05:30:00-06:00,2003,10,10,5,30,0.0,0.0,0.0,25.0,6.5,153.0,0.01
2003-10-10 06:30:00-06:00,2003,10,10,6,30,2.0,0.0,2.0,25.0,6.2,157.0,0.01
2003-10-10 07:30:00-06:00,2003,10,10,7,30,43.0,0.0,43.0,25.0,5.9,162.0,0.01
2003-10-10 08:30:00-06:00,2003,10,10,8,30,18.0,0.0,18.0,25.0,5.6000000000000005,166.0,0.01
2003-10-10 09:30:00-06:00,2003,10,10,9,30,153.0,0.0,153.0,25.0,5.800000000000001,164.0,0.01
2003-10-10 10:30:00-06:00,2003,10,10,10,30,311.0,24.0,292.0,25.0,6.2,162.0,0.01
2003-10-10 11:30:00-06:00,2003,10,10,11,30,236.0,9.0,228.0,25.0,6.5,165.0,0.01
2003-10-10 12:30:00-06:00,2003,10,10,12,30,76.0,0.0,76.0,25.0,6.6000000000000005,168.0,0.01
2003-10-10 13:30:00-06:00,2003,10,10,13,30,266.0,16.0,254.0,25.0,6.5,168.0,0.01
2003-10-10 14:30:00-06:00,2003,10,10,14,30,138.0,0.0,138.0,25.0,6.300000000000001,165.0,0.01
2003-10-10 15:30:00-06:00,2003,10,10,15,30,111.0,0.0,111.0,25.0,6.0,162.0,0.01
2003-10-10 16:30:00-06:00,2003,10,10,16,30,113.0,105.0,89.0,25.0,5.5,162.0,0.01
2003-10-10 17:30:00-06:00,2003,10,10,17,30,0.0,0.0,0.0,25.0,4.9,168.0,0.01
2003-10-10 18:30:00-06:00,2003,10,10,18,30,0.0,0.0,0.0,25.0,4.7,186.0,0.01
2003-10-10 19:30:00-06:00,2003,10,10,19,30,0.0,0.0,0.0,25.0,5.300000000000001,213.0,0.01
2003-10-10 20:30:00-06:00,2003,10,10,20,30,0.0,0.0,0.0,25.0,5.9,234.0,0.01
2003-10-10 21:30:00-06:00,2003,10,10,21,30,0.0,0.0,0.0,25.0,6.300000000000001,244.0,0.01
2003-10-10 22:30:00-06:00,2003,10,10,22,30,0.0,0.0,0.0,25.0,6.300000000000001,248.0,0.01
2003-10-10 23:30:00-06:00,2003,10,10,23,30,0.0,0.0,0.0,25.0,6.0,251.0,0.01
2003-10-11 00:30:00-06:00,2003,10,11,0,30,0.0,0.0,0.0,25.0,5.800000000000001,256.0,0.01
2003-10-11 01:30:00-06:00,2003,10,11,1,30,0.0,0.0,0.0,25.0,5.6000000000000005,263.0,0.01
2003-10-11 02:30:00-06:00,2003,10,11,2,30,0.0,0.0,0.0,25.0,5.300000000000001,271.0,0.01
2003-10-11 03:30:00-06:00,2003,10,11,3,30,0.0,0.0,0.0,24.0,4.9,277.0,0.01
2003-10-11 04:30:00-06:00,2003,10,11,4,30,0.0,0.0,0.0,24.0,4.5,283.0,0.01
2003-10-11 05:30:00-06:00,2003,10,11,5,30,0.0,0.0,0.0,24.0,4.1000000000000005,288.0,0.01
2003-10-11 06:30:00-06:00,2003,10,11,6,30,19.0,0.0,19.0,24.0,3.9,293.0,0.01
2003-10-11 07:30:00-06:00,2003,10,11,7,30,89.0,0.0,89.0,24.0,3.8,298.0,0.01
2003-10-11 08:30:00-06:00,2003,10,11,8,30,175.0,8.0,171.0,24.0,3.8,299.0,0.01
2003-10-11 09:30:00-06:00,2003,10,11,9,30,233.0,14.0,224.0,25.0,3.9,300.0,0.01
2003-10-11 10:30:00-06:00,2003,10,11,10,30,512.0,201.0,359.0,25.0,3.9,303.0,0.01
2003-10-11 11:30:00-06:00,2003,10,11,11,30,550.0,184.0,401.0,25.0,3.8,306.0,0.01
2003-10-11 12:30:00-06:00,2003,10,11,12,30,538.0,182.0,393.0,25.0,3.8,312.0,0.01
2003-10-11 13:30:00-06:00,2003,10,11,13,30,545.0,293.0,333.0,25.0,3.8,320.0,0.01
2003-10-11 14:30:00-06:00,2003,10,11,14,30,232.0,19.0,220.0,26.0,3.7,331.0,0.01
2003-10-11 15:30:00-06:00,2003,10,11,15,30,392.0,721.0,81.0,25.0,3.8,346.0,0.01
2003-10-11 16:30:00-06:00,2003,10,11,16,30,40.0,0.0,40.0,25.0,4.3,3.0,0.01
2003-10-11 17:30:00-06:00,2003,10,11,17,30,0.0,0.0,0.0,25.0,5.2,19.0,0.01
2003-10-11 18:30:00-06:00,2003,10,11,18,30,0.0,0.0,0.0,24.0,6.1000000000000005,28.0,0.01
2003-10-11 19:30:00-06:00,2003,10,11,19,30,0.0,0.0,0.0,24.0,6.9,34.0,0.01
2003-10-11 20:30:00-06:00,2003,10,11,20,30,0.0,0.0,0.0,24.0,7.4,37.0,0.01
2003-10-11 21:30:00-06:00,2003,10,11,21,30,0.0,0.0,0.0,24.0,7.6,40.0,0.01
2003-10-11 22:30:00-06:00,2003,10,11,22,30,0.0,0.0,0.0,24.0,7.4,42.0,0.01
2003-10-11 23:30:00-06:00,2003,10,11,23,30,0.0,0.0,0.0,23.0,7.1000000000000005,42.0,0.01
2003-10-12 00:30:00-06:00,2003,10,12,0,30,0.0,0.0,0.0,23.0,6.7,40.0,0.01
2003-10-12 01:30:00-06:00,2003,10,12,1,30,0.0,0.0,0.0,23.0,6.4,34.0,0.01
2003-10-12 02:30:00-06:00,2003,10,12,2,30,0.0,0.0,0.0,23.0,6.4,28.0,0.01
2003-10-12 03:30:00-06:00,2003,10,12,3,30,0.0,0.0,0.0,23.0,6.4,23.0,0.01
2003-10-12 04:30:00-06:00,2003,10,12,4,30,0.0,0.0,0.0,23.0,6.300000000000001,21.0,0.01
2003-10-12 05:30:00-06:00,2003,10,12,5,30,0.0,0.0,0.0,23.0,6.300000000000001,20.0,0.01
2003-10-12 06:30:00-06:00,2003,10,12,6,30,62.0,344.0,28.0,23.0,6.300000000000001,18.0,0.01
2003-10-12 07:30:00-06:00,2003,10,12,7,30,165.0,129.0,124.0,23.0,6.2,20.0,0.01
2003-10-12 08:30:00-06:00,2003,10,12,8,30,294.0,147.0,220.0,23.0,6.1000000000000005,23.0,0.01
2003-10-12 09:30:00-06:00,2003,10,12,9,30,655.0,881.0,79.0,23.0,6.0,25.0,0.01
2003-10-12 10:30:00-06:00,2003,10,12,10,30,775.0,914.0,84.0,24.0,6.0,25.0,0.01
2003-10-12 11:30:00-06:00,2003,10,12,11,30,830.0,927.0,86.0,24.0,6.0,25.0,0.01
2003-10-12 12:30:00-06:00,2003,10,12,12,30,497.0,137.0,389.0,24.0,6.0,26.0,0.01
2003-10-12 13:30:00-06:00,2003,10,12,13,30,725.0,875.0,96.0,25.0,6.1000000000000005,25.0,0.01
2003-10-12 14:30:00-06:00,2003,10,12,14,30,580.0,827.0,88.0,25.0,6.2,24.0,0.01
2003-10-12 15:30:00-06:00,2003,10,12,15,30,203.0,65.0,174.0,25.0,6.1000000000000005,25.0,0.01
2003-10-12 16:30:00-06:00,2003,10,12,16,30,142.0,307.0,73.0,25.0,6.0,28.0,0.01
2003-10-12 17:30:00-06:00,2003,10,12,17,30,0.0,0.0,0.0,25.0,5.800000000000001,29.0,0.01
2003-10-12 18:30:00-06:00,2003,10,12,18,30,0.0,0.0,0.0,25.0,5.6000000000000005,31.0,0.01
2003-10-12 19:30:00-06:00,2003,10,12,19,30,0.0,0.0,0.0,25.0,5.5,34.0,0.01
2003-10-12 20:30:00-06:00,2003,10,12,20,30,0.0,0.0,0.0,25.0,5.5,37.0,0.01
2003-10-12 21:30:00-06:00,2003,10,12,21,30,0.0,0.0,0.0,25.0,5.4,42.0,0.01
2003-10-12 22:30:00-06:00,2003,10,12,22,30,0.0,0.0,0.0,25.0,5.300000000000001,46.0,0.01
2003-10-12 23:30:00-06:00,2003,10,12,23,30,0.0,0.0,0.0,24.0,5.1000000000000005,49.0,0.01
2003-10-13 00:30:00-06:00,2003,10,13,0,30,0.0,0.0,0.0,24.0,4.800000000000001,50.0,0.01
2003-10-13 01:30:00-06:00,2003,10,13,1,30,0.0,0.0,0.0,24.0,4.4,51.0,0.01
2003-10-13 02:30:00-06:00,2003,10,13,2,30,0.0,0.0,0.0,24.0,4.1000000000000005,51.0,0.01
2003-10-13 03:30:00-06:00,2003,10,13,3,30,0.0,0.0,0.0,24.0,3.9,50.0,0.01
2003-10-13 04:30:00-06:00,2003,10,13,4,30,0.0,0.0,0.0,24.0,3.7,47.0,0.01
2003-10-13 05:30:00-06:00,2003,10,13,5,30,0.0,0.0,0.0,24.0,3.5,42.0,0.01
2003-10-13 06:30:00-06:00,2003,10,13,6,30,57.0,283.0,30.0,24.0,3.5,36.0,0.01
2003-10-13 07:30:00-06:00,2003,10,13,7,30,258.0,616.0,67.0,24.0,3.5,30.0,0.01
2003-10-13 08:30:00-06:00,2003,10,13,8,30,463.0,756.0,85.0,24.0,3.4000000000000004,25.0,0.01
2003-10-13 09:30:00-06:00,2003,10,13,9,30,634.0,828.0,96.0,24.0,3.3000000000000003,22.0,0.01
2003-10-13 10:30:00-06:00,2003,10,13,10,30,753.0,865.0,101.0,24.0,3.1,22.0,0.01
2003-10-13 11:30:00-06:00,2003,10,13,11,30,334.0,26.0,312.0,25.0,2.9000000000000004,20.0,0.01
2003-10-13 12:30:00-06:00,2003,10,13,12,30,481.0,122.0,385.0,25.0,2.7,14.0,0.01
2003-10-13 13:30:00-06:00,2003,10,13,13,30,190.0,4.0,187.0,25.0,2.6,4.0,0.01
2003-10-13 14:30:00-06:00,2003,10,13,14,30,263.0,39.0,240.0,25.0,2.7,358.0,0.01
2003-10-13 15:30:00-06:00,2003,10,13,15,30,368.0,670.0,86.0,25.0,2.6,1.0,0.01
2003-10-13 16:30:00-06:00,2003,10,13,16,30,155.0,431.0,61.0,25.0,2.5,14.0,0.01
2003-10-13 17:30:00-06:00,2003,10,13,17,30,0.0,0.0,0.0,25.0,2.4000000000000004,32.0,0.01
2003-10-13 18:30:00-06:00,2003,10,13,18,30,0.0,0.0,0.0,25.0,2.3000000000000003,51.0,0.01
2003-10-13 19:30:00-06:00,2003,10,13,19,30,0.0,0.0,0.0,25.0,2.2,67.0,0.01
2003-10-13 20:30:00-06:00,2003,10,13,20,30,0.0,0.0,0.0,25.0,2.1,87.0,0.01
2003-10-13 21:30:00-06:00,2003,10,13,21,30,0.0,0.0,0.0,25.0,2.0,112.0,0.01
2003-10-13 22:30:00-06:00,2003,10,13,22,30,0.0,0.0,0.0,24.0,2.2,139.0,0.01
2003-10-13 23:30:00-06:00,2003,10,13,23,30,0.0,0.0,0.0,24.0,2.5,164.0,0.01
2003-10-14 00:30:00-06:00,2003,10,14,0,30,0.0,0.0,0.0,24.0,2.9000000000000004,184.0,0.01
2003-10-14 01:30:00-06:00,2003,10,14,1,30,0.0,0.0,0.0,24.0,3.3000000000000003,198.0,0.01
2003-10-14 02:30:00-06:00,2003,10,14,2,30,0.0,0.0,0.0,24.0,3.6,210.0,0.01
2003-10-14 03:30:00-06:00,2003,10,14,3,30,0.0,0.0,0.0,24.0,3.7,223.0,0.01
2003-10-14 04:30:00-06:00,2003,10,14,4,30,0.0,0.0,0.0,25.0,3.9,242.0,0.01
2003-10-14 05:30:00-06:00,2003,10,14,5,30,0.0,0.0,0.0,25.0,4.1000000000000005,258.0,0.01
2003-10-14 06:30:00-06:00,2003,10,14,6,30,53.0,237.0,31.0,25.0,4.3,270.0,0.01
2003-10-14 07:30:00-06:00,2003,10,14,7,30,183.0,210.0,118.0,25.0,4.6000000000000005,278.0,0.01
2003-10-14 08:30:00-06:00,2003,10,14,8,30,331.0,245.0,209.0,25.0,4.800000000000001,283.0,0.01
2003-10-14 09:30:00-06:00,2003,10,14,9,30,619.0,783.0,112.0,26.0,5.0,286.0,0.01
2003-10-14 10:30:00-06:00,2003,10,14,10,30,738.0,827.0,118.0,26.0,5.1000000000000005,288.0,0.01
2003-10-14 11:30:00-06:00,2003,10,14,11,30,292.0,17.0,278.0,26.0,5.0,288.0,0.01
2003-10-14 12:30:00-06:00,2003,10,14,12,30,784.0,869.0,105.0,26.0,5.0,288.0,0.01
2003-10-14 13:30:00-06:00,2003,10,14,13,30,703.0,848.0,100.0,26.0,4.9,287.0,0.01
2003-10-14 14:30:00-06:00,2003,10,14,14,30,559.0,792.0,94.0,26.0,4.800000000000001,286.0,0.01
2003-10-14 15:30:00-06:00,2003,10,14,15,30,367.0,673.0,86.0,26.0,4.6000000000000005,285.0,0.01
2003-10-14 16:30:00-06:00,2003,10,14,16,30,94.0,65.0,80.0,26.0,4.3,287.0,0.01
2003-10-14 17:30:00-06:00,2003,10,14,17,30,0.0,0.0,0.0,26.0,4.1000000000000005,295.0,0.01
2003-10-14 18:30:00-06:00,2003,10,14,18,30,0.0,0.0,0.0,26.0,5.2,319.0,0.01
2003-10-14 19:30:00-06:00,2003,10,14,19,30,0.0,0.0,0.0,25.0,7.6,354.0,0.01
2003-10-14 20:30:00-06:00,2003,10,14,20,30,0.0,0.0,0.0,24.0,9.7,12.0,0.01
2003-10-14 21:30:00-06:00,2003,10,14,21,30,0.0,0.0,0.0,22.0,10.3,20.0,0.01
2003-10-14 22:30:00-06:00,2003,10,14,22,30,0.0,0.0,0.0,22.0,10.0,22.0,0.01
2003-10-14 23:30:00-06:00,2003,10,14,23,30,0.0,0.0,0.0,22.0,9.8,25.0,0.01
2003-10-15 00:30:00-06:00,2003,10,15,0,30,0.0,0.0,0.0,21.0,9.7,30.0,0.01
2003-10-15 01:30:00-06:00,2003,10,15,1,30,0.0,0.0,0.0,21.0,9.6,36.0,0.01
2003-10-15 02:30:00-06:00,2003,10,15,2,30,0.0,0.0,0.0,21.0,9.4,41.0,0.01
2003-10-15 03:30:00-06:00,2003,10,15,3,30,0.0,0.0,0.0,21.0,9.1,46.0,0.01
2003-10-15 04:30:00-06:00,2003,10,15,4,30,0.0,0.0,0.0,21.0,8.8,50.0,0.01
2003-10-15 05:30:00-06:00,2003,10,15,5,30,0.0,0.0,0.0,21.0,8.3,53.0,0.01
2003-10-15 06:30:00-06:00,2003,10,15,6,30,60.0,347.0,29.0,21.0,8.1,56.0,0.01
2003-10-15 07:30:00-06:00,2003,10,15,7,30,220.0,411.0,94.0,21.0,7.9,60.0,0.01
2003-10-15 08:30:00-06:00,2003,10,15,8,30,489.0,837.0,76.0,22.0,7.6,64.0,0.01
2003-10-15 09:30:00-06:00,2003,10,15,9,30,668.0,906.0,84.0,22.0,7.1000000000000005,66.0,0.01
2003-10-15 10:30:00-06:00,2003,10,15,10,30,789.0,939.0,90.0,22.0,6.5,69.0,0.01
2003-10-15 11:30:00-06:00,2003,10,15,11,30,739.0,605.0,260.0,23.0,6.1000000000000005,70.0,0.01
2003-10-15 12:30:00-06:00,2003,10,15,12,30,751.0,686.0,217.0,23.0,5.7,70.0,0.01
2003-10-15 13:30:00-06:00,2003,10,15,13,30,617.0,529.0,243.0,23.0,5.300000000000001,69.0,0.01
2003-10-15 14:30:00-06:00,2003,10,15,14,30,492.0,516.0,191.0,23.0,5.1000000000000005,68.0,0.01
2003-10-15 15:30:00-06:00,2003,10,15,15,30,299.0,363.0,149.0,23.0,4.800000000000001,66.0,0.01
2003-10-15 16:30:00-06:00,2003,10,15,16,30,134.0,312.0,68.0,22.0,4.6000000000000005,63.0,0.01
2003-10-15 17:30:00-06:00,2003,10,15,17,30,0.0,0.0,0.0,22.0,4.6000000000000005,62.0,0.01
2003-10-15 18:30:00-06:00,2003,10,15,18,30,0.0,0.0,0.0,22.0,4.5,62.0,0.01
2003-10-15 19:30:00-06:00,2003,10,15,19,30,0.0,0.0,0.0,22.0,4.4,64.0,0.01
2003-10-15 20:30:00-06:00,2003,10,15,20,30,0.0,0.0,0.0,22.0,4.3,66.0,0.01
2003-10-15 21:30:00-06:00,2003,10,15,21,30,0.0,0.0,0.0,22.0,4.1000000000000005,69.0,0.01
2003-10-15 22:30:00-06:00,2003,10,15,22,30,0.0,0.0,0.0,22.0,4.0,74.0,0.01
2003-10-15 23:30:00-06:00,2003,10,15,23,30,0.0,0.0,0.0,22.0,3.9,78.0,0.01
2003-10-16 00:30:00-06:00,2003,10,16,0,30,0.0,0.0,0.0,22.0,3.9,81.0,0.01
2003-10-16 01:30:00-06:00,2003,10,16,1,30,0.0,0.0,0.0,22.0,3.9,80.0,0.01
2003-10-16 02:30:00-06:00,2003,10,16,2,30,0.0,0.0,0.0,22.0,4.1000000000000005,78.0,0.01
2003-10-16 03:30:00-06:00,2003,10,16,3,30,0.0,0.0,0.0,22.0,4.2,75.0,0.01
2003-10-16 04:30:00-06:00,2003,10,16,4,30,0.0,0.0,0.0,22.0,4.2,71.0,0.01
2003-10-16 05:30:00-06:00,2003,10,16,5,30,0.0,0.0,0.0,22.0,4.3,67.0,0.01
2003-10-16 06:30:00-06:00,2003,10,16,6,30,57.0,332.0,27.0,22.0,4.4,65.0,0.01
2003-10-16 07:30:00-06:00,2003,10,16,7,30,265.0,678.0,60.0,23.0,4.5,66.0,0.01
2003-10-16 08:30:00-06:00,2003,10,16,8,30,476.0,813.0,76.0,23.0,4.4,71.0,0.01
2003-10-16 09:30:00-06:00,2003,10,16,9,30,651.0,883.0,85.0,23.0,4.4,78.0,0.01
2003-10-16 10:30:00-06:00,2003,10,16,10,30,771.0,916.0,91.0,24.0,4.3,85.0,0.01
2003-10-16 11:30:00-06:00,2003,10,16,11,30,824.0,929.0,94.0,24.0,4.0,90.0,0.01
2003-10-16 12:30:00-06:00,2003,10,16,12,30,808.0,925.0,92.0,24.0,3.8,93.0,0.01
2003-10-16 13:30:00-06:00,2003,10,16,13,30,723.0,903.0,89.0,24.0,3.8,94.0,0.01
2003-10-16 14:30:00-06:00,2003,10,16,14,30,576.0,855.0,82.0,24.0,3.8,96.0,0.01
2003-10-16 15:30:00-06:00,2003,10,16,15,30,382.0,766.0,69.0,24.0,3.7,98.0,0.01
2003-10-16 16:30:00-06:00,2003,10,16,16,30,165.0,567.0,48.0,24.0,3.7,100.0,0.01
2003-10-16 17:30:00-06:00,2003,10,16,17,30,0.0,0.0,0.0,24.0,3.7,102.0,0.01
2003-10-16 18:30:00-06:00,2003,10,16,18,30,0.0,0.0,0.0,24.0,3.7,104.0,0.01
2003-10-16 19:30:00-06:00,2003,10,16,19,30,0.0,0.0,0.0,24.0,3.6,106.0,0.01
2003-10-16 20:30:00-06:00,2003,10,16,20,30,0.0,0.0,0.0,24.0,3.5,109.0,0.01
2003-10-16 21:30:00-06:00,2003,10,16,21,30,0.0,0.0,0.0,24.0,3.5,113.0,0.01
2003-10-16 22:30:00-06:00,2003,10,16,22,30,0.0,0.0,0.0,24.0,3.4000000000000004,119.0,0.01
2003-10-16 23:30:00-06:00,2003,10,16,23,30,0.0,0.0,0.0,24.0,3.2,128.0,0.01
2003-10-17 00:30:00-06:00,2003,10,17,0,30,0.0,0.0,0.0,24.0,3.0,138.0,0.01
2003-10-17 01:30:00-06:00,2003,10,17,1,30,0.0,0.0,0.0,24.0,2.6,149.0,0.01
2003-10-17 02:30:00-06:00,2003,10,17,2,30,0.0,0.0,0.0,24.0,2.0,161.0,0.01
2003-10-17 03:30:00-06:00,2003,10,17,3,30,0.0,0.0,0.0,24.0,1.2000000000000002,176.0,0.01
2003-10-17 04:30:00-06:00,2003,10,17,4,30,0.0,0.0,0.0,23.0,0.7000000000000001,205.0,0.01
2003-10-17 05:30:00-06:00,2003,10,17,5,30,0.0,0.0,0.0,23.0,0.9,302.0,0.01
2003-10-17 06:30:00-06:00,2003,10,17,6,30,53.0,303.0,27.0,23.0,1.0,330.0,0.01
2003-10-17 07:30:00-06:00,2003,10,17,7,30,259.0,665.0,60.0,23.0,0.6000000000000001,333.0,0.01
2003-10-17 08:30:00-06:00,2003,10,17,8,30,468.0,808.0,74.0,24.0,0.5,270.0,0.01
2003-10-17 09:30:00-06:00,2003,10,17,9,30,640.0,875.0,83.0,24.0,1.0,255.0,0.01
2003-10-17 10:30:00-06:00,2003,10,17,10,30,756.0,903.0,89.0,24.0,1.5,292.0,0.01
2003-10-17 11:30:00-06:00,2003,10,17,11,30,806.0,909.0,94.0,25.0,1.9,301.0,0.01
2003-10-17 12:30:00-06:00,2003,10,17,12,30,782.0,882.0,104.0,25.0,2.3000000000000003,311.0,0.01
2003-10-17 13:30:00-06:00,2003,10,17,13,30,693.0,843.0,105.0,25.0,2.5,315.0,0.01
2003-10-17 14:30:00-06:00,2003,10,17,14,30,546.0,779.0,100.0,25.0,2.4000000000000004,313.0,0.01
2003-10-17 15:30:00-06:00,2003,10,17,15,30,354.0,659.0,88.0,25.0,2.4000000000000004,305.0,0.01
2003-10-17 16:30:00-06:00,2003,10,17,16,30,146.0,424.0,60.0,25.0,2.4000000000000004,300.0,0.01
2003-10-17 17:30:00-06:00,2003,10,17,17,30,0.0,0.0,0.0,25.0,2.5,298.0,0.01
2003-10-17 18:30:00-06:00,2003,10,17,18,30,0.0,0.0,0.0,25.0,2.7,302.0,0.01
2003-10-17 19:30:00-06:00,2003,10,17,19,30,0.0,0.0,0.0,24.0,3.3000000000000003,313.0,0.01
2003-10-17 20:30:00-06:00,2003,10,17,20,30,0.0,0.0,0.0,24.0,4.7,337.0,0.01
2003-10-17 21:30:00-06:00,2003,10,17,21,30,0.0,0.0,0.0,23.0,6.7,360.0,0.01
2003-10-17 22:30:00-06:00,2003,10,17,22,30,0.0,0.0,0.0,22.0,8.1,12.0,0.01
2003-10-17 23:30:00-06:00,2003,10,17,23,30,0.0,0.0,0.0,21.0,8.4,18.0,0.01
2003-10-18 00:30:00-06:00,2003,10,18,0,30,0.0,0.0,0.0,21.0,8.0,20.0,0.01
2003-10-18 01:30:00-06:00,2003,10,18,1,30,0.0,0.0,0.0,20.0,7.7,19.0,0.01
2003-10-18 02:30:00-06:00,2003,10,18,2,30,0.0,0.0,0.0,20.0,7.5,18.0,0.01
2003-10-18 03:30:00-06:00,2003,10,18,3,30,0.0,0.0,0.0,19.0,7.300000000000001,17.0,0.01
2003-10-18 04:30:00-06:00,2003,10,18,4,30,0.0,0.0,0.0,19.0,7.300000000000001,18.0,0.01
2003-10-18 05:30:00-06:00,2003,10,18,5,30,0.0,0.0,0.0,19.0,7.300000000000001,19.0,0.01
2003-10-18 06:30:00-06:00,2003,10,18,6,30,19.0,0.0,19.0,19.0,7.300000000000001,21.0,0.01
2003-10-18 07:30:00-06:00,2003,10,18,7,30,93.0,0.0,93.0,19.0,7.4,24.0,0.01
2003-10-18 08:30:00-06:00,2003,10,18,8,30,172.0,8.0,168.0,20.0,7.300000000000001,28.0,0.01
2003-10-18 09:30:00-06:00,2003,10,18,9,30,225.0,12.0,217.0,20.0,7.2,32.0,0.01
2003-10-18 10:30:00-06:00,2003,10,18,10,30,416.0,94.0,347.0,20.0,7.0,35.0,0.01
2003-10-18 11:30:00-06:00,2003,10,18,11,30,669.0,468.0,304.0,21.0,6.800000000000001,36.0,0.01
2003-10-18 12:30:00-06:00,2003,10,18,12,30,793.0,894.0,109.0,21.0,6.6000000000000005,36.0,0.01
2003-10-18 13:30:00-06:00,2003,10,18,13,30,707.0,870.0,104.0,21.0,6.300000000000001,36.0,0.01
2003-10-18 14:30:00-06:00,2003,10,18,14,30,561.0,821.0,93.0,21.0,6.0,35.0,0.01
2003-10-18 15:30:00-06:00,2003,10,18,15,30,367.0,716.0,80.0,21.0,5.800000000000001,34.0,0.01
2003-10-18 16:30:00-06:00,2003,10,18,16,30,153.0,501.0,54.0,22.0,5.800000000000001,31.0,0.01
2003-10-18 17:30:00-06:00,2003,10,18,17,30,0.0,0.0,0.0,21.0,5.800000000000001,29.0,0.01
2003-10-18 18:30:00-06:00,2003,10,18,18,30,0.0,0.0,0.0,21.0,5.800000000000001,27.0,0.01
2003-10-18 19:30:00-06:00,2003,10,18,19,30,0.0,0.0,0.0,22.0,5.9,26.0,0.01
2003-10-18 20:30:00-06:00,2003,10,18,20,30,0.0,0.0,0.0,22.0,5.9,27.0,0.01
2003-10-18 21:30:00-06:00,2003,10,18,21,30,0.0,0.0,0.0,22.0,5.9,30.0,0.01
2003-10-18 22:30:00-06:00,2003,10,18,22,30,0.0,0.0,0.0,22.0,5.9,32.0,0.01
2003-10-18 23:30:00-06:00,2003,10,18,23,30,0.0,0.0,0.0,21.0,6.0,35.0,0.01
2003-10-19 00:30:00-06:00,2003,10,19,0,30,0.0,0.0,0.0,21.0,6.0,38.0,0.01
2003-10-19 01:30:00-06:00,2003,10,19,1,30,0.0,0.0,0.0,21.0,5.9,41.0,0.01
2003-10-19 02:30:00-06:00,2003,10,19,2,30,0.0,0.0,0.0,21.0,5.800000000000001,42.0,0.01
2003-10-19 03:30:00-06:00,2003,10,19,3,30,0.0,0.0,0.0,21.0,5.6000000000000005,40.0,0.01
2003-10-19 04:30:00-06:00,2003,10,19,4,30,0.0,0.0,0.0,20.0,5.5,38.0,0.01
2003-10-19 05:30:00-06:00,2003,10,19,5,30,0.0,0.0,0.0,20.0,5.4,36.0,0.01
2003-10-19 06:30:00-06:00,2003,10,19,6,30,51.0,307.0,26.0,20.0,5.4,35.0,0.01
2003-10-19 07:30:00-06:00,2003,10,19,7,30,257.0,669.0,60.0,21.0,5.300000000000001,35.0,0.01
2003-10-19 08:30:00-06:00,2003,10,19,8,30,468.0,811.0,77.0,21.0,5.1000000000000005,36.0,0.01
2003-10-19 09:30:00-06:00,2003,10,19,9,30,642.0,879.0,88.0,21.0,5.0,37.0,0.01
2003-10-19 10:30:00-06:00,2003,10,19,10,30,761.0,913.0,94.0,22.0,5.0,37.0,0.01
2003-10-19 11:30:00-06:00,2003,10,19,11,30,815.0,925.0,98.0,22.0,5.1000000000000005,36.0,0.01
2003-10-19 12:30:00-06:00,2003,10,19,12,30,795.0,908.0,104.0,22.0,5.2,36.0,0.01
2003-10-19 13:30:00-06:00,2003,10,19,13,30,710.0,885.0,99.0,22.0,5.300000000000001,39.0,0.01
2003-10-19 14:30:00-06:00,2003,10,19,14,30,563.0,837.0,90.0,22.0,5.300000000000001,42.0,0.01
2003-10-19 15:30:00-06:00,2003,10,19,15,30,369.0,746.0,74.0,23.0,5.1000000000000005,45.0,0.01
2003-10-19 16:30:00-06:00,2003,10,19,16,30,153.0,535.0,49.0,22.0,5.0,46.0,0.01
2003-10-19 17:30:00-06:00,2003,10,19,17,30,0.0,0.0,0.0,22.0,5.0,47.0,0.01
2003-10-19 18:30:00-06:00,2003,10,19,18,30,0.0,0.0,0.0,22.0,4.9,49.0,0.01
2003-10-19 19:30:00-06:00,2003,10,19,19,30,0.0,0.0,0.0,22.0,4.6000000000000005,51.0,0.01
2003-10-19 20:30:00-06:00,2003,10,19,20,30,0.0,0.0,0.0,22.0,4.4,55.0,0.01
2003-10-19 21:30:00-06:00,2003,10,19,21,30,0.0,0.0,0.0,22.0,4.1000000000000005,59.0,0.01
2003-10-19 22:30:00-06:00,2003,10,19,22,30,0.0,0.0,0.0,22.0,4.0,64.0,0.01
2003-10-19 23:30:00-06:00,2003,10,19,23,30,0.0,0.0,0.0,22.0,4.0,67.0,0.01
2003-10-20 00:30:00-06:00,2003,10,20,0,30,0.0,0.0,0.0,22.0,4.0,69.0,0.01
2003-10-20 01:30:00-06:00,2003,10,20,1,30,0.0,0.0,0.0,22.0,4.1000000000000005,68.0,0.01
2003-10-20 02:30:00-06:00,2003,10,20,2,30,0.0,0.0,0.0,22.0,4.2,66.0,0.01
2003-10-20 03:30:00-06:00,2003,10,20,3,30,0.0,0.0,0.0,22.0,4.3,63.0,0.01
2003-10-20 04:30:00-06:00,2003,10,20,4,30,0.0,0.0,0.0,22.0,4.3,60.0,0.01
2003-10-20 05:30:00-06:00,2003,10,20,5,30,0.0,0.0,0.0,22.0,4.1000000000000005,56.0,0.01
2003-10-20 06:30:00-06:00,2003,10,20,6,30,49.0,290.0,26.0,22.0,4.0,53.0,0.01
2003-10-20 07:30:00-06:00,2003,10,20,7,30,253.0,654.0,62.0,23.0,3.8,50.0,0.01
2003-10-20 08:30:00-06:00,2003,10,20,8,30,463.0,800.0,80.0,23.0,3.7,46.0,0.01
2003-10-20 09:30:00-06:00,2003,10,20,9,30,637.0,872.0,91.0,23.0,3.6,46.0,0.01
2003-10-20 10:30:00-06:00,2003,10,20,10,30,757.0,909.0,96.0,24.0,3.6,47.0,0.01
2003-10-20 11:30:00-06:00,2003,10,20,11,30,811.0,924.0,99.0,24.0,3.8,46.0,0.01
2003-10-20 12:30:00-06:00,2003,10,20,12,30,795.0,921.0,97.0,24.0,3.9,46.0,0.01
2003-10-20 13:30:00-06:00,2003,10,20,13,30,708.0,897.0,93.0,24.0,4.0,47.0,0.01
2003-10-20 14:30:00-06:00,2003,10,20,14,30,560.0,846.0,85.0,24.0,3.9,47.0,0.01
2003-10-20 15:30:00-06:00,2003,10,20,15,30,365.0,749.0,71.0,24.0,3.8,48.0,0.01
2003-10-20 16:30:00-06:00,2003,10,20,16,30,150.0,534.0,47.0,24.0,3.6,49.0,0.01
2003-10-20 17:30:00-06:00,2003,10,20,17,30,0.0,0.0,0.0,24.0,3.3000000000000003,50.0,0.01
2003-10-20 18:30:00-06:00,2003,10,20,18,30,0.0,0.0,0.0,24.0,3.0,52.0,0.01
2003-10-20 19:30:00-06:00,2003,10,20,19,30,0.0,0.0,0.0,24.0,2.7,58.0,0.01
2003-10-20 20:30:00-06:00,2003,10,20,20,30,0.0,0.0,0.0,24.0,2.3000000000000003,67.0,0.01
2003-10-20 21:30:00-06:00,2003,10,20,21,30,0.0,0.0,0.0,23.0,1.9,78.0,0.01
2003-10-20 22:30:00-06:00,2003,10,20,22,30,0.0,0.0,0.0,23.0,1.6,88.0,0.01
2003-10-20 23:30:00-06:00,2003,10,20,23,30,0.0,0.0,0.0,23.0,1.3,97.0,0.01
2003-10-21 00:30:00-06:00,2003,10,21,0,30,0.0,0.0,0.0,23.0,0.9,98.0,0.01
2003-10-21 01:30:00-06:00,2003,10,21,1,30,0.0,0.0,0.0,22.0,0.7000000000000001,78.0,0.01
2003-10-21 02:30:00-06:00,2003,10,21,2,30,0.0,0.0,0.0,22.0,0.9,23.0,0.01
2003-10-21 03:30:00-06:00,2003,10,21,3,30,0.0,0.0,0.0,22.0,1.3,4.0,0.01
2003-10-21 04:30:00-06:00,2003,10,21,4,30,0.0,0.0,0.0,22.0,1.8,360.0,0.01
2003-10-21 05:30:00-06:00,2003,10,21,5,30,0.0,0.0,0.0,22.0,2.4000000000000004,359.0,0.01
2003-10-21 06:30:00-06:00,2003,10,21,6,30,46.0,286.0,25.0,22.0,2.8000000000000003,359.0,0.01
2003-10-21 07:30:00-06:00,2003,10,21,7,30,249.0,652.0,61.0,23.0,2.9000000000000004,359.0,0.01
2003-10-21 08:30:00-06:00,2003,10,21,8,30,458.0,798.0,79.0,23.0,2.7,360.0,0.01
2003-10-21 09:30:00-06:00,2003,10,21,9,30,632.0,871.0,89.0,23.0,2.6,356.0,0.01
2003-10-21 10:30:00-06:00,2003,10,21,10,30,752.0,909.0,95.0,24.0,2.6,350.0,0.01
2003-10-21 11:30:00-06:00,2003,10,21,11,30,806.0,923.0,98.0,24.0,2.6,344.0,0.01
2003-10-21 12:30:00-06:00,2003,10,21,12,30,790.0,921.0,97.0,24.0,2.6,335.0,0.01
2003-10-21 13:30:00-06:00,2003,10,21,13,30,704.0,895.0,94.0,25.0,2.6,326.0,0.01
2003-10-21 14:30:00-06:00,2003,10,21,14,30,556.0,843.0,86.0,25.0,2.7,315.0,0.01
2003-10-21 15:30:00-06:00,2003,10,21,15,30,360.0,737.0,74.0,25.0,2.9000000000000004,304.0,0.01
2003-10-21 16:30:00-06:00,2003,10,21,16,30,145.0,515.0,49.0,25.0,3.2,288.0,0.01
2003-10-21 17:30:00-06:00,2003,10,21,17,30,0.0,0.0,0.0,24.0,3.9,274.0,0.01
2003-10-21 18:30:00-06:00,2003,10,21,18,30,0.0,0.0,0.0,24.0,4.6000000000000005,268.0,0.01
2003-10-21 19:30:00-06:00,2003,10,21,19,30,0.0,0.0,0.0,24.0,5.1000000000000005,268.0,0.01
2003-10-21 20:30:00-06:00,2003,10,21,20,30,0.0,0.0,0.0,24.0,5.5,271.0,0.01
2003-10-21 21:30:00-06:00,2003,10,21,21,30,0.0,0.0,0.0,23.0,5.800000000000001,274.0,0.01
2003-10-21 22:30:00-06:00,2003,10,21,22,30,0.0,0.0,0.0,23.0,6.1000000000000005,278.0,0.01
2003-10-21 23:30:00-06:00,2003,10,21,23,30,0.0,0.0,0.0,23.0,6.2,282.0,0.01
2003-10-22 00:30:00-06:00,2003,10,22,0,30,0.0,0.0,0.0,23.0,6.2,284.0,0.01
2003-10-22 01:30:00-06:00,2003,10,22,1,30,0.0,0.0,0.0,23.0,6.2,286.0,0.01
2003-10-22 02:30:00-06:00,2003,10,22,2,30,0.0,0.0,0.0,23.0,6.300000000000001,288.0,0.01
2003-10-22 03:30:00-06:00,2003,10,22,3,30,0.0,0.0,0.0,23.0,6.300000000000001,291.0,0.01
2003-10-22 04:30:00-06:00,2003,10,22,4,30,0.0,0.0,0.0,23.0,6.300000000000001,295.0,0.01
2003-10-22 05:30:00-06:00,2003,10,22,5,30,0.0,0.0,0.0,23.0,6.300000000000001,299.0,0.01
2003-10-22 06:30:00-06:00,2003,10,22,6,30,46.0,296.0,24.0,23.0,6.2,302.0,0.01
2003-10-22 07:30:00-06:00,2003,10,22,7,30,249.0,669.0,58.0,23.0,6.1000000000000005,304.0,0.01
2003-10-22 08:30:00-06:00,2003,10,22,8,30,458.0,813.0,74.0,23.0,6.0,304.0,0.01
2003-10-22 09:30:00-06:00,2003,10,22,9,30,632.0,886.0,83.0,24.0,5.9,301.0,0.01
2003-10-22 10:30:00-06:00,2003,10,22,10,30,752.0,923.0,88.0,24.0,5.9,297.0,0.01
2003-10-22 11:30:00-06:00,2003,10,22,11,30,807.0,938.0,91.0,24.0,6.0,293.0,0.01
2003-10-22 12:30:00-06:00,2003,10,22,12,30,793.0,947.0,83.0,25.0,6.1000000000000005,288.0,0.01
2003-10-22 13:30:00-06:00,2003,10,22,13,30,706.0,923.0,82.0,25.0,6.300000000000001,284.0,0.01
2003-10-22 14:30:00-06:00,2003,10,22,14,30,558.0,872.0,76.0,25.0,6.5,279.0,0.01
2003-10-22 15:30:00-06:00,2003,10,22,15,30,362.0,770.0,66.0,24.0,6.7,275.0,0.01
2003-10-22 16:30:00-06:00,2003,10,22,16,30,145.0,549.0,44.0,24.0,6.9,272.0,0.01
2003-10-22 17:30:00-06:00,2003,10,22,17,30,0.0,0.0,0.0,24.0,7.2,271.0,0.01
2003-10-22 18:30:00-06:00,2003,10,22,18,30,0.0,0.0,0.0,24.0,7.4,273.0,0.01
2003-10-22 19:30:00-06:00,2003,10,22,19,30,0.0,0.0,0.0,24.0,7.300000000000001,276.0,0.01
2003-10-22 20:30:00-06:00,2003,10,22,20,30,0.0,0.0,0.0,24.0,7.300000000000001,277.0,0.01
2003-10-22 21:30:00-06:00,2003,10,22,21,30,0.0,0.0,0.0,24.0,7.2,276.0,0.01
2003-10-22 22:30:00-06:00,2003,10,22,22,30,0.0,0.0,0.0,24.0,7.1000000000000005,275.0,0.01
2003-10-22 23:30:00-06:00,2003,10,22,23,30,0.0,0.0,0.0,24.0,7.0,276.0,0.01
2003-10-23 00:30:00-06:00,2003,10,23,0,30,0.0,0.0,0.0,23.0,6.7,279.0,0.01
2003-10-23 01:30:00-06:00,2003,10,23,1,30,0.0,0.0,0.0,23.0,6.4,282.0,0.01
2003-10-23 02:30:00-06:00,2003,10,23,2,30,0.0,0.0,0.0,23.0,6.1000000000000005,287.0,0.01
2003-10-23 03:30:00-06:00,2003,10,23,3,30,0.0,0.0,0.0,23.0,5.9,293.0,0.01
2003-10-23 04:30:00-06:00,2003,10,23,4,30,0.0,0.0,0.0,23.0,5.6000000000000005,299.0,0.01
2003-10-23 05:30:00-06:00,2003,10,23,5,30,0.0,0.0,0.0,23.0,5.2,305.0,0.01
2003-10-23 06:30:00-06:00,2003,10,23,6,30,41.0,211.0,26.0,23.0,4.7,311.0,0.01
2003-10-23 07:30:00-06:00,2003,10,23,7,30,237.0,602.0,66.0,23.0,4.1000000000000005,319.0,0.01
2003-10-23 08:30:00-06:00,2003,10,23,8,30,444.0,769.0,84.0,23.0,3.3000000000000003,325.0,0.01
2003-10-23 09:30:00-06:00,2003,10,23,9,30,618.0,852.0,93.0,24.0,2.5,330.0,0.01
2003-10-23 10:30:00-06:00,2003,10,23,10,30,737.0,894.0,97.0,24.0,1.7000000000000002,335.0,0.01
2003-10-23 11:30:00-06:00,2003,10,23,11,30,791.0,911.0,99.0,24.0,1.1,339.0,0.01
2003-10-23 12:30:00-06:00,2003,10,23,12,30,769.0,886.0,109.0,25.0,0.7000000000000001,338.0,0.01
2003-10-23 13:30:00-06:00,2003,10,23,13,30,683.0,860.0,105.0,25.0,0.5,329.0,0.01
2003-10-23 14:30:00-06:00,2003,10,23,14,30,537.0,804.0,95.0,25.0,0.4,317.0,0.01
2003-10-23 15:30:00-06:00,2003,10,23,15,30,345.0,703.0,78.0,25.0,0.6000000000000001,302.0,0.01
2003-10-23 16:30:00-06:00,2003,10,23,16,30,135.0,470.0,50.0,25.0,0.7000000000000001,304.0,0.01
2003-10-23 17:30:00-06:00,2003,10,23,17,30,0.0,0.0,0.0,25.0,0.6000000000000001,311.0,0.01
2003-10-23 18:30:00-06:00,2003,10,23,18,30,0.0,0.0,0.0,25.0,0.4,308.0,0.01
2003-10-23 19:30:00-06:00,2003,10,23,19,30,0.0,0.0,0.0,25.0,0.4,284.0,0.01
2003-10-23 20:30:00-06:00,2003,10,23,20,30,0.0,0.0,0.0,24.0,0.6000000000000001,225.0,0.01
2003-10-23 21:30:00-06:00,2003,10,23,21,30,0.0,0.0,0.0,24.0,1.0,204.0,0.01
2003-10-23 22:30:00-06:00,2003,10,23,22,30,0.0,0.0,0.0,24.0,1.3,200.0,0.01
2003-10-23 23:30:00-06:00,2003,10,23,23,30,0.0,0.0,0.0,24.0,1.6,202.0,0.01
2003-10-24 00:30:00-06:00,2003,10,24,0,30,0.0,0.0,0.0,23.0,1.9,205.0,0.01
2003-10-24 01:30:00-06:00,2003,10,24,1,30,0.0,0.0,0.0,23.0,2.0,208.0,0.01
2003-10-24 02:30:00-06:00,2003,10,24,2,30,0.0,0.0,0.0,23.0,2.0,211.0,0.01
2003-10-24 03:30:00-06:00,2003,10,24,3,30,0.0,0.0,0.0,23.0,1.9,212.0,0.01
2003-10-24 04:30:00-06:00,2003,10,24,4,30,0.0,0.0,0.0,23.0,1.7000000000000002,212.0,0.01
2003-10-24 05:30:00-06:00,2003,10,24,5,30,0.0,0.0,0.0,23.0,1.5,208.0,0.01
2003-10-24 06:30:00-06:00,2003,10,24,6,30,41.0,236.0,24.0,23.0,1.5,199.0,0.01
2003-10-24 07:30:00-06:00,2003,10,24,7,30,239.0,625.0,64.0,23.0,1.5,191.0,0.01
2003-10-24 08:30:00-06:00,2003,10,24,8,30,339.0,342.0,180.0,24.0,1.7000000000000002,189.0,0.01
2003-10-24 09:30:00-06:00,2003,10,24,9,30,616.0,846.0,98.0,24.0,1.9,178.0,0.01
2003-10-24 10:30:00-06:00,2003,10,24,10,30,735.0,888.0,103.0,24.0,2.1,173.0,0.01
2003-10-24 11:30:00-06:00,2003,10,24,11,30,787.0,904.0,104.0,24.0,2.2,176.0,0.01
2003-10-24 12:30:00-06:00,2003,10,24,12,30,766.0,884.0,110.0,24.0,2.4000000000000004,174.0,0.01
2003-10-24 13:30:00-06:00,2003,10,24,13,30,569.0,482.0,246.0,24.0,2.6,170.0,0.01
2003-10-24 14:30:00-06:00,2003,10,24,14,30,497.0,685.0,124.0,24.0,2.8000000000000003,165.0,0.01
2003-10-24 15:30:00-06:00,2003,10,24,15,30,263.0,332.0,138.0,24.0,2.9000000000000004,162.0,0.01
2003-10-24 16:30:00-06:00,2003,10,24,16,30,93.0,161.0,65.0,24.0,3.0,157.0,0.01
2003-10-24 17:30:00-06:00,2003,10,24,17,30,0.0,0.0,0.0,24.0,3.2,149.0,0.01
2003-10-24 18:30:00-06:00,2003,10,24,18,30,0.0,0.0,0.0,24.0,3.5,147.0,0.01
2003-10-24 19:30:00-06:00,2003,10,24,19,30,0.0,0.0,0.0,24.0,3.7,148.0,0.01
2003-10-24 20:30:00-06:00,2003,10,24,20,30,0.0,0.0,0.0,24.0,3.8,148.0,0.01
2003-10-24 21:30:00-06:00,2003,10,24,21,30,0.0,0.0,0.0,24.0,4.0,147.0,0.01
2003-10-24 22:30:00-06:00,2003,10,24,22,30,0.0,0.0,0.0,24.0,4.1000000000000005,148.0,0.01
2003-10-24 23:30:00-06:00,2003,10,24,23,30,0.0,0.0,0.0,24.0,4.3,152.0,0.01
2003-10-25 00:30:00-06:00,2003,10,25,0,30,0.0,0.0,0.0,24.0,4.4,152.0,0.01
2003-10-25 01:30:00-06:00,2003,10,25,1,30,0.0,0.0,0.0,24.0,4.4,150.0,0.01
2003-10-25 02:30:00-06:00,2003,10,25,2,30,0.0,0.0,0.0,24.0,4.3,148.0,0.01
2003-10-25 03:30:00-06:00,2003,10,25,3,30,0.0,0.0,0.0,24.0,4.1000000000000005,148.0,0.01
2003-10-25 04:30:00-06:00,2003,10,25,4,30,0.0,0.0,0.0,24.0,3.9,147.0,0.01
2003-10-25 05:30:00-06:00,2003,10,25,5,30,0.0,0.0,0.0,24.0,3.8,144.0,0.01
2003-10-25 06:30:00-06:00,2003,10,25,6,30,6.0,0.0,6.0,24.0,3.8,141.0,0.01
2003-10-25 07:30:00-06:00,2003,10,25,7,30,84.0,0.0,84.0,25.0,3.8,141.0,0.01
2003-10-25 08:30:00-06:00,2003,10,25,8,30,32.0,0.0,32.0,25.0,3.7,143.0,0.01
2003-10-25 09:30:00-06:00,2003,10,25,9,30,173.0,1.0,172.0,25.0,3.6,144.0,0.01
2003-10-25 10:30:00-06:00,2003,10,25,10,30,414.0,109.0,337.0,25.0,3.7,147.0,0.01
2003-10-25 11:30:00-06:00,2003,10,25,11,30,415.0,82.0,353.0,25.0,3.6,148.0,0.01
2003-10-25 12:30:00-06:00,2003,10,25,12,30,310.0,27.0,290.0,25.0,3.3000000000000003,146.0,0.01
2003-10-25 13:30:00-06:00,2003,10,25,13,30,553.0,432.0,266.0,25.0,3.1,143.0,0.01
2003-10-25 14:30:00-06:00,2003,10,25,14,30,427.0,413.0,203.0,25.0,3.0,137.0,0.01
2003-10-25 15:30:00-06:00,2003,10,25,15,30,234.0,228.0,149.0,25.0,3.3000000000000003,129.0,0.01
2003-10-25 16:30:00-06:00,2003,10,25,16,30,68.0,33.0,63.0,25.0,4.2,124.0,0.01
2003-10-25 17:30:00-06:00,2003,10,25,17,30,0.0,0.0,0.0,25.0,5.0,124.0,0.01
2003-10-25 18:30:00-06:00,2003,10,25,18,30,0.0,0.0,0.0,25.0,5.300000000000001,128.0,0.01
2003-10-25 19:30:00-06:00,2003,10,25,19,30,0.0,0.0,0.0,25.0,5.1000000000000005,132.0,0.01
2003-10-25 20:30:00-06:00,2003,10,25,20,30,0.0,0.0,0.0,25.0,4.6000000000000005,135.0,0.01
2003-10-25 21:30:00-06:00,2003,10,25,21,30,0.0,0.0,0.0,25.0,4.2,139.0,0.01
2003-10-25 22:30:00-06:00,2003,10,25,22,30,0.0,0.0,0.0,24.0,4.0,144.0,0.01
2003-10-25 23:30:00-06:00,2003,10,25,23,30,0.0,0.0,0.0,24.0,3.9,147.0,0.01
2003-10-26 00:30:00-06:00,2003,10,26,0,30,0.0,0.0,0.0,24.0,3.8,151.0,0.01
2003-10-26 01:30:00-06:00,2003,10,26,1,30,0.0,0.0,0.0,24.0,3.6,153.0,0.01
2003-10-26 02:30:00-06:00,2003,10,26,2,30,0.0,0.0,0.0,24.0,3.0,156.0,0.01
2003-10-26 03:30:00-06:00,2003,10,26,3,30,0.0,0.0,0.0,24.0,2.4000000000000004,164.0,0.01
2003-10-26 04:30:00-06:00,2003,10,26,4,30,0.0,0.0,0.0,24.0,1.9,175.0,0.01
2003-10-26 05:30:00-06:00,2003,10,26,5,30,0.0,0.0,0.0,24.0,1.5,189.0,0.01
2003-10-26 06:30:00-06:00,2003,10,26,6,30,33.0,168.0,23.0,24.0,1.4,217.0,0.01
2003-10-26 07:30:00-06:00,2003,10,26,7,30,218.0,557.0,66.0,24.0,1.5,248.0,0.01
2003-10-26 08:30:00-06:00,2003,10,26,8,30,315.0,280.0,187.0,24.0,1.6,269.0,0.01
2003-10-26 09:30:00-06:00,2003,10,26,9,30,529.0,563.0,187.0,24.0,1.8,286.0,0.01
2003-10-26 10:30:00-06:00,2003,10,26,10,30,306.0,31.0,283.0,24.0,2.2,304.0,0.01
2003-10-26 11:30:00-06:00,2003,10,26,11,30,405.0,76.0,348.0,24.0,2.9000000000000004,319.0,0.01
2003-10-26 12:30:00-06:00,2003,10,26,12,30,382.0,65.0,333.0,24.0,3.4000000000000004,332.0,0.01
2003-10-26 13:30:00-06:00,2003,10,26,13,30,495.0,300.0,296.0,24.0,3.5,346.0,0.01
2003-10-26 14:30:00-06:00,2003,10,26,14,30,409.0,367.0,212.0,24.0,3.5,346.0,0.01
2003-10-26 15:30:00-06:00,2003,10,26,15,30,289.0,484.0,110.0,24.0,3.6,346.0,0.01
2003-10-26 16:30:00-06:00,2003,10,26,16,30,44.0,0.0,44.0,24.0,4.0,344.0,0.01
2003-10-26 17:30:00-06:00,2003,10,26,17,30,0.0,0.0,0.0,23.0,4.2,345.0,0.01
2003-10-26 18:30:00-06:00,2003,10,26,18,30,0.0,0.0,0.0,23.0,4.1000000000000005,352.0,0.01
2003-10-26 19:30:00-06:00,2003,10,26,19,30,0.0,0.0,0.0,23.0,4.1000000000000005,360.0,0.01
2003-10-26 20:30:00-06:00,2003,10,26,20,30,0.0,0.0,0.0,23.0,4.5,0.0,0.01
2003-10-26 21:30:00-06:00,2003,10,26,21,30,0.0,0.0,0.0,22.0,5.1000000000000005,357.0,0.01
2003-10-26 22:30:00-06:00,2003,10,26,22,30,0.0,0.0,0.0,21.0,5.5,357.0,0.01
2003-10-26 23:30:00-06:00,2003,10,26,23,30,0.0,0.0,0.0,21.0,5.6000000000000005,357.0,0.01
2003-10-27 00:30:00-06:00,2003,10,27,0,30,0.0,0.0,0.0,21.0,5.5,360.0,0.01
2003-10-27 01:30:00-06:00,2003,10,27,1,30,0.0,0.0,0.0,20.0,5.4,359.0,0.01
2003-10-27 02:30:00-06:00,2003,10,27,2,30,0.0,0.0,0.0,20.0,5.4,358.0,0.01
2003-10-27 03:30:00-06:00,2003,10,27,3,30,0.0,0.0,0.0,20.0,5.6000000000000005,358.0,0.01
2003-10-27 04:30:00-06:00,2003,10,27,4,30,0.0,0.0,0.0,19.0,5.800000000000001,356.0,0.01
2003-10-27 05:30:00-06:00,2003,10,27,5,30,0.0,0.0,0.0,19.0,5.9,354.0,0.01
2003-10-27 06:30:00-06:00,2003,10,27,6,30,0.0,0.0,0.0,19.0,6.1000000000000005,354.0,0.01
2003-10-27 07:30:00-06:00,2003,10,27,7,30,24.0,0.0,24.0,18.0,6.300000000000001,357.0,0.01
2003-10-27 08:30:00-06:00,2003,10,27,8,30,36.0,0.0,36.0,18.0,6.4,357.0,0.01
2003-10-27 09:30:00-06:00,2003,10,27,9,30,75.0,0.0,75.0,18.0,6.4,357.0,0.01
2003-10-27 10:30:00-06:00,2003,10,27,10,30,156.0,0.0,156.0,18.0,6.0,1.0,0.01
2003-10-27 11:30:00-06:00,2003,10,27,11,30,76.0,0.0,76.0,18.0,5.5,5.0,0.01
2003-10-27 12:30:00-06:00,2003,10,27,12,30,72.0,0.0,72.0,18.0,5.2,6.0,0.01
2003-10-27 13:30:00-06:00,2003,10,27,13,30,170.0,1.0,170.0,19.0,5.300000000000001,2.0,0.01
2003-10-27 14:30:00-06:00,2003,10,27,14,30,273.0,77.0,232.0,19.0,5.5,360.0,0.01
2003-10-27 15:30:00-06:00,2003,10,27,15,30,96.0,0.0,96.0,19.0,5.800000000000001,360.0,0.01
2003-10-27 16:30:00-06:00,2003,10,27,16,30,33.0,0.0,33.0,19.0,5.9,4.0,0.01
2003-10-27 17:30:00-06:00,2003,10,27,17,30,0.0,0.0,0.0,19.0,6.0,8.0,0.01
2003-10-27 18:30:00-06:00,2003,10,27,18,30,0.0,0.0,0.0,18.0,6.0,16.0,0.01
2003-10-27 19:30:00-06:00,2003,10,27,19,30,0.0,0.0,0.0,18.0,5.7,21.0,0.01
2003-10-27 20:30:00-06:00,2003,10,27,20,30,0.0,0.0,0.0,19.0,5.4,19.0,0.01
2003-10-27 21:30:00-06:00,2003,10,27,21,30,0.0,0.0,0.0,18.0,5.1000000000000005,16.0,0.01
2003-10-27 22:30:00-06:00,2003,10,27,22,30,0.0,0.0,0.0,18.0,4.6000000000000005,12.0,0.01
2003-10-27 23:30:00-06:00,2003,10,27,23,30,0.0,0.0,0.0,18.0,4.3,4.0,0.01
2003-10-28 00:30:00-06:00,2003,10,28,0,30,0.0,0.0,0.0,18.0,4.5,355.0,0.01
2003-10-28 01:30:00-06:00,2003,10,28,1,30,0.0,0.0,0.0,18.0,4.9,352.0,0.01
2003-10-28 02:30:00-06:00,2003,10,28,2,30,0.0,0.0,0.0,18.0,5.300000000000001,351.0,0.01
2003-10-28 03:30:00-06:00,2003,10,28,3,30,0.0,0.0,0.0,18.0,5.6000000000000005,350.0,0.01
2003-10-28 04:30:00-06:00,2003,10,28,4,30,0.0,0.0,0.0,18.0,5.5,352.0,0.01
2003-10-28 05:30:00-06:00,2003,10,28,5,30,0.0,0.0,0.0,18.0,5.2,360.0,0.01
2003-10-28 06:30:00-06:00,2003,10,28,6,30,12.0,0.0,12.0,18.0,4.800000000000001,9.0,0.01
2003-10-28 07:30:00-06:00,2003,10,28,7,30,7.0,0.0,7.0,19.0,4.6000000000000005,10.0,0.01
2003-10-28 08:30:00-06:00,2003,10,28,8,30,191.0,32.0,176.0,19.0,4.6000000000000005,1.0,0.01
2003-10-28 09:30:00-06:00,2003,10,28,9,30,105.0,0.0,105.0,19.0,4.6000000000000005,354.0,0.01
2003-10-28 10:30:00-06:00,2003,10,28,10,30,330.0,45.0,298.0,19.0,4.1000000000000005,353.0,0.01
2003-10-28 11:30:00-06:00,2003,10,28,11,30,680.0,592.0,242.0,19.0,3.5,354.0,0.01
2003-10-28 12:30:00-06:00,2003,10,28,12,30,672.0,616.0,226.0,19.0,3.2,354.0,0.01
2003-10-28 13:30:00-06:00,2003,10,28,13,30,671.0,894.0,88.0,20.0,3.3000000000000003,347.0,0.01
2003-10-28 14:30:00-06:00,2003,10,28,14,30,527.0,843.0,80.0,20.0,3.8,333.0,0.01
2003-10-28 15:30:00-06:00,2003,10,28,15,30,335.0,740.0,67.0,20.0,4.1000000000000005,325.0,0.01
2003-10-28 16:30:00-06:00,2003,10,28,16,30,124.0,501.0,42.0,20.0,4.2,319.0,0.01
2003-10-28 17:30:00-06:00,2003,10,28,17,30,0.0,0.0,0.0,20.0,4.1000000000000005,319.0,0.01
2003-10-28 18:30:00-06:00,2003,10,28,18,30,0.0,0.0,0.0,20.0,4.0,318.0,0.01
2003-10-28 19:30:00-06:00,2003,10,28,19,30,0.0,0.0,0.0,20.0,3.8,313.0,0.01
2003-10-28 20:30:00-06:00,2003,10,28,20,30,0.0,0.0,0.0,20.0,3.4000000000000004,309.0,0.01
2003-10-28 21:30:00-06:00,2003,10,28,21,30,0.0,0.0,0.0,20.0,3.3000000000000003,301.0,0.01
2003-10-28 22:30:00-06:00,2003,10,28,22,30,0.0,0.0,0.0,20.0,3.5,296.0,0.01
2003-10-28 23:30:00-06:00,2003,10,28,23,30,0.0,0.0,0.0,20.0,3.6,294.0,0.01
2003-10-29 00:30:00-06:00,2003,10,29,0,30,0.0,0.0,0.0,20.0,3.5,293.0,0.01
2003-10-29 01:30:00-06:00,2003,10,29,1,30,0.0,0.0,0.0,20.0,3.2,291.0,0.01
2003-10-29 02:30:00-06:00,2003,10,29,2,30,0.0,0.0,0.0,20.0,3.0,291.0,0.01
2003-10-29 03:30:00-06:00,2003,10,29,3,30,0.0,0.0,0.0,20.0,2.7,298.0,0.01
2003-10-29 04:30:00-06:00,2003,10,29,4,30,0.0,0.0,0.0,21.0,2.3000000000000003,307.0,0.01
2003-10-29 05:30:00-06:00,2003,10,29,5,30,0.0,0.0,0.0,21.0,1.9,318.0,0.01
2003-10-29 06:30:00-06:00,2003,10,29,6,30,21.0,18.0,20.0,21.0,1.3,330.0,0.01
2003-10-29 07:30:00-06:00,2003,10,29,7,30,169.0,285.0,93.0,21.0,0.7000000000000001,344.0,0.01
2003-10-29 08:30:00-06:00,2003,10,29,8,30,348.0,424.0,157.0,21.0,0.5,21.0,0.01
2003-10-29 09:30:00-06:00,2003,10,29,9,30,516.0,552.0,187.0,22.0,0.8,94.0,0.01
2003-10-29 10:30:00-06:00,2003,10,29,10,30,730.0,936.0,81.0,22.0,1.3,116.0,0.01
2003-10-29 11:30:00-06:00,2003,10,29,11,30,781.0,948.0,84.0,22.0,1.8,132.0,0.01
2003-10-29 12:30:00-06:00,2003,10,29,12,30,759.0,926.0,91.0,23.0,2.3000000000000003,142.0,0.01
2003-10-29 13:30:00-06:00,2003,10,29,13,30,570.0,554.0,210.0,23.0,2.7,146.0,0.01
2003-10-29 14:30:00-06:00,2003,10,29,14,30,522.0,835.0,83.0,23.0,3.0,145.0,0.01
2003-10-29 15:30:00-06:00,2003,10,29,15,30,330.0,734.0,67.0,23.0,3.2,144.0,0.01
2003-10-29 16:30:00-06:00,2003,10,29,16,30,119.0,481.0,43.0,22.0,3.4000000000000004,142.0,0.01
2003-10-29 17:30:00-06:00,2003,10,29,17,30,0.0,0.0,0.0,22.0,3.8,141.0,0.01
2003-10-29 18:30:00-06:00,2003,10,29,18,30,0.0,0.0,0.0,22.0,4.1000000000000005,141.0,0.01
2003-10-29 19:30:00-06:00,2003,10,29,19,30,0.0,0.0,0.0,22.0,4.5,141.0,0.01
2003-10-29 20:30:00-06:00,2003,10,29,20,30,0.0,0.0,0.0,22.0,5.0,143.0,0.01
2003-10-29 21:30:00-06:00,2003,10,29,21,30,0.0,0.0,0.0,22.0,5.5,145.0,0.01
2003-10-29 22:30:00-06:00,2003,10,29,22,30,0.0,0.0,0.0,23.0,5.9,148.0,0.01
2003-10-29 23:30:00-06:00,2003,10,29,23,30,0.0,0.0,0.0,23.0,6.1000000000000005,151.0,0.01
2003-10-30 00:30:00-06:00,2003,10,30,0,30,0.0,0.0,0.0,23.0,6.1000000000000005,153.0,0.01
2003-10-30 01:30:00-06:00,2003,10,30,1,30,0.0,0.0,0.0,23.0,6.0,155.0,0.01
2003-10-30 02:30:00-06:00,2003,10,30,2,30,0.0,0.0,0.0,23.0,5.9,156.0,0.01
2003-10-30 03:30:00-06:00,2003,10,30,3,30,0.0,0.0,0.0,23.0,5.7,157.0,0.01
2003-10-30 04:30:00-06:00,2003,10,30,4,30,0.0,0.0,0.0,23.0,5.6000000000000005,157.0,0.01
2003-10-30 05:30:00-06:00,2003,10,30,5,30,0.0,0.0,0.0,23.0,5.6000000000000005,156.0,0.01
2003-10-30 06:30:00-06:00,2003,10,30,6,30,30.0,175.0,20.0,23.0,5.6000000000000005,154.0,0.01
2003-10-30 07:30:00-06:00,2003,10,30,7,30,219.0,603.0,60.0,24.0,5.5,152.0,0.01
2003-10-30 08:30:00-06:00,2003,10,30,8,30,420.0,763.0,80.0,24.0,5.4,151.0,0.01
2003-10-30 09:30:00-06:00,2003,10,30,9,30,590.0,843.0,90.0,24.0,5.1000000000000005,150.0,0.01
2003-10-30 10:30:00-06:00,2003,10,30,10,30,704.0,878.0,99.0,24.0,4.800000000000001,148.0,0.01
2003-10-30 11:30:00-06:00,2003,10,30,11,30,754.0,890.0,103.0,24.0,4.5,146.0,0.01
2003-10-30 12:30:00-06:00,2003,10,30,12,30,740.0,900.0,94.0,24.0,4.4,143.0,0.01
2003-10-30 13:30:00-06:00,2003,10,30,13,30,654.0,875.0,90.0,25.0,4.4,138.0,0.01
2003-10-30 14:30:00-06:00,2003,10,30,14,30,509.0,820.0,82.0,24.0,4.6000000000000005,134.0,0.01
2003-10-30 15:30:00-06:00,2003,10,30,15,30,321.0,723.0,65.0,24.0,4.7,131.0,0.01
2003-10-30 16:30:00-06:00,2003,10,30,16,30,114.0,471.0,41.0,24.0,4.6000000000000005,131.0,0.01
2003-10-30 17:30:00-06:00,2003,10,30,17,30,0.0,0.0,0.0,24.0,4.5,131.0,0.01
2003-10-30 18:30:00-06:00,2003,10,30,18,30,0.0,0.0,0.0,24.0,4.4,132.0,0.01
2003-10-30 19:30:00-06:00,2003,10,30,19,30,0.0,0.0,0.0,24.0,4.3,133.0,0.01
2003-10-30 20:30:00-06:00,2003,10,30,20,30,0.0,0.0,0.0,24.0,4.1000000000000005,134.0,0.01
2003-10-30 21:30:00-06:00,2003,10,30,21,30,0.0,0.0,0.0,24.0,4.0,133.0,0.01
2003-10-30 22:30:00-06:00,2003,10,30,22,30,0.0,0.0,0.0,24.0,4.0,132.0,0.01
2003-10-30 23:30:00-06:00,2003,10,30,23,30,0.0,0.0,0.0,24.0,4.0,130.0,0.01
2003-10-31 00:30:00-06:00,2003,10,31,0,30,0.0,0.0,0.0,24.0,4.1000000000000005,129.0,0.01
2003-10-31 01:30:00-06:00,2003,10,31,1,30,0.0,0.0,0.0,24.0,4.2,128.0,0.01
2003-10-31 02:30:00-06:00,2003,10,31,2,30,0.0,0.0,0.0,24.0,4.2,127.0,0.01
2003-10-31 03:30:00-06:00,2003,10,31,3,30,0.0,0.0,0.0,24.0,4.2,124.0,0.01
2003-10-31 04:30:00-06:00,2003,10,31,4,30,0.0,0.0,0.0,24.0,4.3,120.0,0.01
2003-10-31 05:30:00-06:00,2003,10,31,5,30,0.0,0.0,0.0,24.0,4.3,117.0,0.01
2003-10-31 06:30:00-06:00,2003,10,31,6,30,27.0,148.0,20.0,24.0,4.3,115.0,0.01
2003-10-31 07:30:00-06:00,2003,10,31,7,30,214.0,582.0,63.0,24.0,4.1000000000000005,114.0,0.01
2003-10-31 08:30:00-06:00,2003,10,31,8,30,417.0,754.0,83.0,25.0,3.7,112.0,0.01
2003-10-31 09:30:00-06:00,2003,10,31,9,30,586.0,837.0,94.0,25.0,3.4000000000000004,108.0,0.01
2003-10-31 10:30:00-06:00,2003,10,31,10,30,701.0,876.0,100.0,25.0,3.2,104.0,0.01
2003-10-31 11:30:00-06:00,2003,10,31,11,30,751.0,889.0,104.0,25.0,3.2,96.0,0.01
2003-10-31 12:30:00-06:00,2003,10,31,12,30,735.0,892.0,98.0,25.0,3.5,86.0,0.01
2003-10-31 13:30:00-06:00,2003,10,31,13,30,648.0,863.0,95.0,25.0,4.2,79.0,0.01
2003-10-31 14:30:00-06:00,2003,10,31,14,30,502.0,804.0,86.0,25.0,5.2,75.0,0.01
2003-10-31 15:30:00-06:00,2003,10,31,15,30,312.0,680.0,73.0,25.0,6.0,74.0,0.01
2003-10-31 16:30:00-06:00,2003,10,31,16,30,108.0,410.0,45.0,24.0,6.6000000000000005,76.0,0.01
2003-10-31 17:30:00-06:00,2003,10,31,17,30,0.0,0.0,0.0,24.0,6.9,77.0,0.01
2003-10-31 18:30:00-06:00,2003,10,31,18,30,0.0,0.0,0.0,23.0,2.9000000000000004,131.0,0.01
2003-10-31 19:30:00-06:00,2003,10,31,19,30,0.0,0.0,0.0,23.0,3.2,137.0,0.01
2003-10-31 20:30:00-06:00,2003,10,31,20,30,0.0,0.0,0.0,23.0,3.5,144.0,0.01
2003-10-31 21:30:00-06:00,2003,10,31,21,30,0.0,0.0,0.0,23.0,3.6,151.0,0.01
2003-10-31 22:30:00-06:00,2003,10,31,22,30,0.0,0.0,0.0,23.0,3.6,159.0,0.01
2003-10-31 23:30:00-06:00,2003,10,31,23,30,0.0,0.0,0.0,23.0,3.5,165.0,0.01
2010-11-01 00:30:00-06:00,2010,11,1,0,30,0.0,0.0,0.0,23.0,3.2,171.0,0.01
2010-11-01 01:30:00-06:00,2010,11,1,1,30,0.0,0.0,0.0,23.0,2.9000000000000004,175.0,0.01
2010-11-01 02:30:00-06:00,2010,11,1,2,30,0.0,0.0,0.0,23.0,2.5,178.0,0.01
2010-11-01 03:30:00-06:00,2010,11,1,3,30,0.0,0.0,0.0,23.0,2.2,178.0,0.01
2010-11-01 04:30:00-06:00,2010,11,1,4,30,0.0,0.0,0.0,23.0,1.8,175.0,0.01
2010-11-01 05:30:00-06:00,2010,11,1,5,30,0.0,0.0,0.0,23.0,1.7000000000000002,164.0,0.01
2010-11-01 06:30:00-06:00,2010,11,1,6,30,27.0,0.0,27.0,23.0,1.9,147.0,0.01
2010-11-01 07:30:00-06:00,2010,11,1,7,30,169.0,332.0,84.0,23.0,2.3000000000000003,134.0,0.01
2010-11-01 08:30:00-06:00,2010,11,1,8,30,314.0,333.0,168.0,23.0,2.8000000000000003,130.0,0.01
2010-11-01 09:30:00-06:00,2010,11,1,9,30,493.0,500.0,202.0,24.0,3.1,129.0,0.01
2010-11-01 10:30:00-06:00,2010,11,1,10,30,695.0,901.0,81.0,24.0,3.4000000000000004,129.0,0.01
2010-11-01 11:30:00-06:00,2010,11,1,11,30,745.0,916.0,82.0,24.0,3.5,130.0,0.01
2010-11-01 12:30:00-06:00,2010,11,1,12,30,724.0,900.0,87.0,24.0,3.6,132.0,0.01
2010-11-01 13:30:00-06:00,2010,11,1,13,30,639.0,874.0,83.0,24.0,3.6,135.0,0.01
2010-11-01 14:30:00-06:00,2010,11,1,14,30,496.0,820.0,75.0,24.0,3.6,136.0,0.01
2010-11-01 15:30:00-06:00,2010,11,1,15,30,189.0,135.0,142.0,24.0,3.5,136.0,0.01
2010-11-01 16:30:00-06:00,2010,11,1,16,30,72.0,130.0,52.0,24.0,3.5,135.0,0.01
2010-11-01 17:30:00-06:00,2010,11,1,17,30,0.0,0.0,0.0,24.0,3.6,136.0,0.01
2010-11-01 18:30:00-06:00,2010,11,1,18,30,0.0,0.0,0.0,24.0,3.8,138.0,0.01
2010-11-01 19:30:00-06:00,2010,11,1,19,30,0.0,0.0,0.0,24.0,4.1000000000000005,142.0,0.01
2010-11-01 20:30:00-06:00,2010,11,1,20,30,0.0,0.0,0.0,23.0,4.5,147.0,0.01
2010-11-01 21:30:00-06:00,2010,11,1,21,30,0.0,0.0,0.0,23.0,4.800000000000001,150.0,0.01
2010-11-01 22:30:00-06:00,2010,11,1,22,30,0.0,0.0,0.0,23.0,5.0,152.0,0.01
2010-11-01 23:30:00-06:00,2010,11,1,23,30,0.0,0.0,0.0,23.0,4.9,156.0,0.01
2010-11-02 00:30:00-06:00,2010,11,2,0,30,0.0,0.0,0.0,23.0,4.6000000000000005,162.0,0.01
2010-11-02 01:30:00-06:00,2010,11,2,1,30,0.0,0.0,0.0,23.0,4.2,168.0,0.01
2010-11-02 02:30:00-06:00,2010,11,2,2,30,0.0,0.0,0.0,23.0,3.8,174.0,0.01
2010-11-02 03:30:00-06:00,2010,11,2,3,30,0.0,0.0,0.0,24.0,3.7,180.0,0.01
2010-11-02 04:30:00-06:00,2010,11,2,4,30,0.0,0.0,0.0,24.0,3.8,182.0,0.01
2010-11-02 05:30:00-06:00,2010,11,2,5,30,0.0,0.0,0.0,24.0,4.4,179.0,0.01
2010-11-02 06:30:00-06:00,2010,11,2,6,30,24.0,0.0,24.0,24.0,5.2,173.0,0.01
2010-11-02 07:30:00-06:00,2010,11,2,7,30,206.0,610.0,53.0,24.0,5.7,170.0,0.01
2010-11-02 08:30:00-06:00,2010,11,2,8,30,203.0,56.0,178.0,24.0,5.800000000000001,175.0,0.01
2010-11-02 09:30:00-06:00,2010,11,2,9,30,103.0,0.0,103.0,24.0,6.0,176.0,0.01
2010-11-02 10:30:00-06:00,2010,11,2,10,30,69.0,0.0,69.0,24.0,6.1000000000000005,176.0,0.01
2010-11-02 11:30:00-06:00,2010,11,2,11,30,42.0,0.0,42.0,24.0,6.4,178.0,0.01
2010-11-02 12:30:00-06:00,2010,11,2,12,30,77.0,0.0,77.0,24.0,6.5,179.0,0.01
2010-11-02 13:30:00-06:00,2010,11,2,13,30,176.0,1.0,175.0,24.0,6.5,181.0,0.01
2010-11-02 14:30:00-06:00,2010,11,2,14,30,221.0,35.0,203.0,24.0,6.6000000000000005,184.0,0.01
2010-11-02 15:30:00-06:00,2010,11,2,15,30,117.0,0.0,117.0,23.0,6.7,185.0,0.01
2010-11-02 16:30:00-06:00,2010,11,2,16,30,33.0,0.0,33.0,23.0,6.7,176.0,0.01
2010-11-02 17:30:00-06:00,2010,11,2,17,30,0.0,0.0,0.0,24.0,6.800000000000001,166.0,0.01
2010-11-02 18:30:00-06:00,2010,11,2,18,30,0.0,0.0,0.0,24.0,6.9,162.0,0.01
2010-11-02 19:30:00-06:00,2010,11,2,19,30,0.0,0.0,0.0,24.0,6.800000000000001,164.0,0.01
2010-11-02 20:30:00-06:00,2010,11,2,20,30,0.0,0.0,0.0,24.0,6.6000000000000005,170.0,0.01
2010-11-02 21:30:00-06:00,2010,11,2,21,30,0.0,0.0,0.0,24.0,6.4,179.0,0.01
2010-11-02 22:30:00-06:00,2010,11,2,22,30,0.0,0.0,0.0,23.0,6.1000000000000005,188.0,0.01
2010-11-02 23:30:00-06:00,2010,11,2,23,30,0.0,0.0,0.0,23.0,5.7,193.0,0.01
2010-11-03 00:30:00-06:00,2010,11,3,0,30,0.0,0.0,0.0,23.0,5.2,194.0,0.01
2010-11-03 01:30:00-06:00,2010,11,3,1,30,0.0,0.0,0.0,23.0,4.800000000000001,192.0,0.01
2010-11-03 02:30:00-06:00,2010,11,3,2,30,0.0,0.0,0.0,23.0,4.3,187.0,0.01
2010-11-03 03:30:00-06:00,2010,11,3,3,30,0.0,0.0,0.0,23.0,3.8,184.0,0.01
2010-11-03 04:30:00-06:00,2010,11,3,4,30,0.0,0.0,0.0,23.0,3.1,188.0,0.01
2010-11-03 05:30:00-06:00,2010,11,3,5,30,0.0,0.0,0.0,23.0,2.5,193.0,0.01
2010-11-03 06:30:00-06:00,2010,11,3,6,30,2.0,0.0,2.0,23.0,1.9,197.0,0.01
2010-11-03 07:30:00-06:00,2010,11,3,7,30,159.0,293.0,86.0,23.0,1.5,204.0,0.01
2010-11-03 08:30:00-06:00,2010,11,3,8,30,317.0,360.0,161.0,23.0,1.4,213.0,0.01
2010-11-03 09:30:00-06:00,2010,11,3,9,30,543.0,734.0,120.0,23.0,1.6,231.0,0.01
2010-11-03 10:30:00-06:00,2010,11,3,10,30,423.0,148.0,323.0,22.0,2.0,248.0,0.01
2010-11-03 11:30:00-06:00,2010,11,3,11,30,615.0,477.0,274.0,22.0,2.5,254.0,0.01
2010-11-03 12:30:00-06:00,2010,11,3,12,30,618.0,534.0,244.0,22.0,3.2,258.0,0.01
2010-11-03 13:30:00-06:00,2010,11,3,13,30,618.0,807.0,110.0,22.0,3.8,263.0,0.01
2010-11-03 14:30:00-06:00,2010,11,3,14,30,475.0,739.0,102.0,22.0,4.0,268.0,0.01
2010-11-03 15:30:00-06:00,2010,11,3,15,30,291.0,615.0,82.0,22.0,4.1000000000000005,270.0,0.01
2010-11-03 16:30:00-06:00,2010,11,3,16,30,96.0,363.0,45.0,22.0,4.1000000000000005,274.0,0.01
2010-11-03 17:30:00-06:00,2010,11,3,17,30,0.0,0.0,0.0,22.0,4.2,279.0,0.01
2010-11-03 18:30:00-06:00,2010,11,3,18,30,0.0,0.0,0.0,22.0,4.3,285.0,0.01
2010-11-03 19:30:00-06:00,2010,11,3,19,30,0.0,0.0,0.0,22.0,4.1000000000000005,287.0,0.01
2010-11-03 20:30:00-06:00,2010,11,3,20,30,0.0,0.0,0.0,22.0,3.9,285.0,0.01
2010-11-03 21:30:00-06:00,2010,11,3,21,30,0.0,0.0,0.0,22.0,4.0,280.0,0.01
2010-11-03 22:30:00-06:00,2010,11,3,22,30,0.0,0.0,0.0,21.0,4.4,275.0,0.01
2010-11-03 23:30:00-06:00,2010,11,3,23,30,0.0,0.0,0.0,21.0,4.800000000000001,274.0,0.01
2010-11-04 00:30:00-06:00,2010,11,4,0,30,0.0,0.0,0.0,21.0,5.2,278.0,0.01
2010-11-04 01:30:00-06:00,2010,11,4,1,30,0.0,0.0,0.0,20.0,5.7,288.0,0.01
2010-11-04 02:30:00-06:00,2010,11,4,2,30,0.0,0.0,0.0,20.0,6.6000000000000005,306.0,0.01
2010-11-04 03:30:00-06:00,2010,11,4,3,30,0.0,0.0,0.0,20.0,7.9,329.0,0.01
2010-11-04 04:30:00-06:00,2010,11,4,4,30,0.0,0.0,0.0,19.0,9.0,349.0,0.01
2010-11-04 05:30:00-06:00,2010,11,4,5,30,0.0,0.0,0.0,19.0,9.7,7.0,0.01
2010-11-04 06:30:00-06:00,2010,11,4,6,30,9.0,0.0,9.0,19.0,10.6,16.0,0.01
2010-11-04 07:30:00-06:00,2010,11,4,7,30,183.0,473.0,67.0,18.0,11.3,20.0,0.01
2010-11-04 08:30:00-06:00,2010,11,4,8,30,199.0,56.0,175.0,18.0,11.5,18.0,0.01
2010-11-04 09:30:00-06:00,2010,11,4,9,30,567.0,835.0,88.0,18.0,11.1,15.0,0.01
2010-11-04 10:30:00-06:00,2010,11,4,10,30,688.0,889.0,93.0,19.0,10.6,12.0,0.01
2010-11-04 11:30:00-06:00,2010,11,4,11,30,747.0,921.0,91.0,19.0,10.0,8.0,0.01
2010-11-04 12:30:00-06:00,2010,11,4,12,30,737.0,934.0,86.0,19.0,9.5,2.0,0.01
2010-11-04 13:30:00-06:00,2010,11,4,13,30,660.0,931.0,78.0,19.0,9.2,355.0,0.01
2010-11-04 14:30:00-06:00,2010,11,4,14,30,520.0,901.0,67.0,20.0,9.2,348.0,0.01
2010-11-04 15:30:00-06:00,2010,11,4,15,30,326.0,799.0,57.0,19.0,9.3,344.0,0.01
2010-11-04 16:30:00-06:00,2010,11,4,16,30,112.0,560.0,34.0,19.0,9.5,345.0,0.01
2010-11-04 17:30:00-06:00,2010,11,4,17,30,0.0,0.0,0.0,19.0,9.8,347.0,0.01
2010-11-04 18:30:00-06:00,2010,11,4,18,30,0.0,0.0,0.0,19.0,10.1,346.0,0.01
2010-11-04 19:30:00-06:00,2010,11,4,19,30,0.0,0.0,0.0,18.0,10.3,346.0,0.01
2010-11-04 20:30:00-06:00,2010,11,4,20,30,0.0,0.0,0.0,17.0,10.5,345.0,0.01
2010-11-04 21:30:00-06:00,2010,11,4,21,30,0.0,0.0,0.0,17.0,10.3,347.0,0.01
2010-11-04 22:30:00-06:00,2010,11,4,22,30,0.0,0.0,0.0,17.0,9.8,350.0,0.01
2010-11-04 23:30:00-06:00,2010,11,4,23,30,0.0,0.0,0.0,17.0,9.2,351.0,0.01
2010-11-05 00:30:00-06:00,2010,11,5,0,30,0.0,0.0,0.0,17.0,8.4,351.0,0.01
2010-11-05 01:30:00-06:00,2010,11,5,1,30,0.0,0.0,0.0,17.0,8.0,347.0,0.01
2010-11-05 02:30:00-06:00,2010,11,5,2,30,0.0,0.0,0.0,16.0,7.9,342.0,0.01
2010-11-05 03:30:00-06:00,2010,11,5,3,30,0.0,0.0,0.0,16.0,7.800000000000001,338.0,0.01
2010-11-05 04:30:00-06:00,2010,11,5,4,30,0.0,0.0,0.0,16.0,7.6,338.0,0.01
2010-11-05 05:30:00-06:00,2010,11,5,5,30,0.0,0.0,0.0,16.0,7.4,341.0,0.01
2010-11-05 06:30:00-06:00,2010,11,5,6,30,24.0,288.0,14.0,16.0,7.300000000000001,343.0,0.01
2010-11-05 07:30:00-06:00,2010,11,5,7,30,173.0,421.0,71.0,16.0,7.5,343.0,0.01
2010-11-05 08:30:00-06:00,2010,11,5,8,30,431.0,883.0,56.0,16.0,7.6,341.0,0.01
2010-11-05 09:30:00-06:00,2010,11,5,9,30,606.0,952.0,65.0,16.0,7.6,340.0,0.01
2010-11-05 10:30:00-06:00,2010,11,5,10,30,726.0,986.0,70.0,16.0,7.4,337.0,0.01
2010-11-05 11:30:00-06:00,2010,11,5,11,30,779.0,998.0,73.0,16.0,7.300000000000001,333.0,0.01
2010-11-05 12:30:00-06:00,2010,11,5,12,30,760.0,986.0,77.0,16.0,7.2,330.0,0.01
2010-11-05 13:30:00-06:00,2010,11,5,13,30,671.0,962.0,73.0,16.0,7.2,330.0,0.01
2010-11-05 14:30:00-06:00,2010,11,5,14,30,521.0,910.0,67.0,17.0,7.1000000000000005,333.0,0.01
2010-11-05 15:30:00-06:00,2010,11,5,15,30,324.0,805.0,55.0,17.0,7.0,337.0,0.01
2010-11-05 16:30:00-06:00,2010,11,5,16,30,109.0,552.0,34.0,16.0,6.9,341.0,0.01
2010-11-05 17:30:00-06:00,2010,11,5,17,30,0.0,0.0,0.0,16.0,7.0,346.0,0.01
2010-11-05 18:30:00-06:00,2010,11,5,18,30,0.0,0.0,0.0,16.0,7.1000000000000005,351.0,0.01
2010-11-05 19:30:00-06:00,2010,11,5,19,30,0.0,0.0,0.0,16.0,7.2,355.0,0.01
2010-11-05 20:30:00-06:00,2010,11,5,20,30,0.0,0.0,0.0,16.0,7.2,358.0,0.01
2010-11-05 21:30:00-06:00,2010,11,5,21,30,0.0,0.0,0.0,15.0,7.1000000000000005,2.0,0.01
2010-11-05 22:30:00-06:00,2010,11,5,22,30,0.0,0.0,0.0,15.0,6.9,7.0,0.01
2010-11-05 23:30:00-06:00,2010,11,5,23,30,0.0,0.0,0.0,15.0,6.7,10.0,0.01
2010-11-06 00:30:00-06:00,2010,11,6,0,30,0.0,0.0,0.0,14.0,6.5,13.0,0.01
2010-11-06 01:30:00-06:00,2010,11,6,1,30,0.0,0.0,0.0,14.0,6.5,15.0,0.01
2010-11-06 02:30:00-06:00,2010,11,6,2,30,0.0,0.0,0.0,14.0,6.4,17.0,0.01
2010-11-06 03:30:00-06:00,2010,11,6,3,30,0.0,0.0,0.0,14.0,6.300000000000001,18.0,0.01
2010-11-06 04:30:00-06:00,2010,11,6,4,30,0.0,0.0,0.0,14.0,6.300000000000001,18.0,0.01
2010-11-06 05:30:00-06:00,2010,11,6,5,30,0.0,0.0,0.0,14.0,6.300000000000001,18.0,0.01
2010-11-06 06:30:00-06:00,2010,11,6,6,30,21.0,259.0,13.0,14.0,6.4,18.0,0.01
2010-11-06 07:30:00-06:00,2010,11,6,7,30,216.0,716.0,45.0,14.0,6.5,18.0,0.01
2010-11-06 08:30:00-06:00,2010,11,6,8,30,424.0,869.0,58.0,15.0,6.4,18.0,0.01
2010-11-06 09:30:00-06:00,2010,11,6,9,30,598.0,939.0,67.0,15.0,6.1000000000000005,20.0,0.01
2010-11-06 10:30:00-06:00,2010,11,6,10,30,716.0,973.0,72.0,15.0,6.0,21.0,0.01
2010-11-06 11:30:00-06:00,2010,11,6,11,30,768.0,985.0,74.0,15.0,5.800000000000001,22.0,0.01
2010-11-06 12:30:00-06:00,2010,11,6,12,30,749.0,977.0,75.0,16.0,5.6000000000000005,21.0,0.01
2010-11-06 13:30:00-06:00,2010,11,6,13,30,660.0,951.0,72.0,16.0,5.5,19.0,0.01
2010-11-06 14:30:00-06:00,2010,11,6,14,30,511.0,897.0,66.0,16.0,5.5,17.0,0.01
2010-11-06 15:30:00-06:00,2010,11,6,15,30,316.0,787.0,56.0,16.0,5.6000000000000005,16.0,0.01
2010-11-06 16:30:00-06:00,2010,11,6,16,30,104.0,524.0,34.0,16.0,5.6000000000000005,14.0,0.01
2010-11-06 17:30:00-06:00,2010,11,6,17,30,0.0,0.0,0.0,16.0,5.7,14.0,0.01
2010-11-06 18:30:00-06:00,2010,11,6,18,30,0.0,0.0,0.0,16.0,5.800000000000001,16.0,0.01
2010-11-06 19:30:00-06:00,2010,11,6,19,30,0.0,0.0,0.0,16.0,5.9,17.0,0.01
2010-11-06 20:30:00-06:00,2010,11,6,20,30,0.0,0.0,0.0,17.0,6.1000000000000005,20.0,0.01
2010-11-06 21:30:00-06:00,2010,11,6,21,30,0.0,0.0,0.0,17.0,6.6000000000000005,24.0,0.01
2010-11-06 22:30:00-06:00,2010,11,6,22,30,0.0,0.0,0.0,17.0,7.1000000000000005,31.0,0.01
2010-11-06 23:30:00-06:00,2010,11,6,23,30,0.0,0.0,0.0,16.0,7.300000000000001,39.0,0.01
2010-11-07 00:30:00-06:00,2010,11,7,0,30,0.0,0.0,0.0,16.0,7.300000000000001,45.0,0.01
2010-11-07 01:30:00-06:00,2010,11,7,1,30,0.0,0.0,0.0,15.0,7.0,48.0,0.01
2010-11-07 02:30:00-06:00,2010,11,7,2,30,0.0,0.0,0.0,15.0,6.7,48.0,0.01
2010-11-07 03:30:00-06:00,2010,11,7,3,30,0.0,0.0,0.0,15.0,6.5,48.0,0.01
2010-11-07 04:30:00-06:00,2010,11,7,4,30,0.0,0.0,0.0,15.0,6.5,45.0,0.01
2010-11-07 05:30:00-06:00,2010,11,7,5,30,0.0,0.0,0.0,15.0,6.6000000000000005,43.0,0.01
2010-11-07 06:30:00-06:00,2010,11,7,6,30,19.0,198.0,13.0,15.0,6.5,43.0,0.01
2010-11-07 07:30:00-06:00,2010,11,7,7,30,208.0,678.0,48.0,16.0,6.5,44.0,0.01
2010-11-07 08:30:00-06:00,2010,11,7,8,30,415.0,841.0,64.0,16.0,6.4,45.0,0.01
2010-11-07 09:30:00-06:00,2010,11,7,9,30,588.0,917.0,72.0,16.0,6.300000000000001,46.0,0.01
2010-11-07 10:30:00-06:00,2010,11,7,10,30,706.0,954.0,77.0,17.0,6.2,47.0,0.01
2010-11-07 11:30:00-06:00,2010,11,7,11,30,758.0,969.0,79.0,17.0,6.1000000000000005,47.0,0.01
2010-11-07 12:30:00-06:00,2010,11,7,12,30,740.0,962.0,80.0,17.0,5.9,47.0,0.01
2010-11-07 13:30:00-06:00,2010,11,7,13,30,653.0,937.0,77.0,17.0,5.800000000000001,47.0,0.01
2010-11-07 14:30:00-06:00,2010,11,7,14,30,505.0,882.0,70.0,17.0,5.6000000000000005,47.0,0.01
2010-11-07 15:30:00-06:00,2010,11,7,15,30,311.0,774.0,57.0,17.0,5.6000000000000005,46.0,0.01
2010-11-07 16:30:00-06:00,2010,11,7,16,30,101.0,505.0,35.0,16.0,5.6000000000000005,44.0,0.01
2010-11-07 17:30:00-06:00,2010,11,7,17,30,0.0,0.0,0.0,16.0,5.6000000000000005,44.0,0.01
2010-11-07 18:30:00-06:00,2010,11,7,18,30,0.0,0.0,0.0,16.0,5.5,45.0,0.01
2010-11-07 19:30:00-06:00,2010,11,7,19,30,0.0,0.0,0.0,16.0,5.300000000000001,47.0,0.01
2010-11-07 20:30:00-06:00,2010,11,7,20,30,0.0,0.0,0.0,16.0,5.0,51.0,0.01
2010-11-07 21:30:00-06:00,2010,11,7,21,30,0.0,0.0,0.0,16.0,4.7,56.0,0.01
2010-11-07 22:30:00-06:00,2010,11,7,22,30,0.0,0.0,0.0,16.0,4.4,62.0,0.01
2010-11-07 23:30:00-06:00,2010,11,7,23,30,0.0,0.0,0.0,16.0,4.1000000000000005,68.0,0.01
2010-11-08 00:30:00-06:00,2010,11,8,0,30,0.0,0.0,0.0,16.0,3.8,72.0,0.01
2010-11-08 01:30:00-06:00,2010,11,8,1,30,0.0,0.0,0.0,16.0,3.4000000000000004,75.0,0.01
2010-11-08 02:30:00-06:00,2010,11,8,2,30,0.0,0.0,0.0,16.0,2.9000000000000004,76.0,0.01
2010-11-08 03:30:00-06:00,2010,11,8,3,30,0.0,0.0,0.0,16.0,2.5,73.0,0.01
2010-11-08 04:30:00-06:00,2010,11,8,4,30,0.0,0.0,0.0,16.0,2.2,64.0,0.01
2010-11-08 05:30:00-06:00,2010,11,8,5,30,0.0,0.0,0.0,16.0,2.2,51.0,0.01
2010-11-08 06:30:00-06:00,2010,11,8,6,30,17.0,182.0,12.0,16.0,2.4000000000000004,40.0,0.01
2010-11-08 07:30:00-06:00,2010,11,8,7,30,202.0,662.0,47.0,17.0,2.6,35.0,0.01
2010-11-08 08:30:00-06:00,2010,11,8,8,30,405.0,827.0,63.0,17.0,2.7,35.0,0.01
2010-11-08 09:30:00-06:00,2010,11,8,9,30,574.0,894.0,74.0,18.0,2.6,39.0,0.01
2010-11-08 10:30:00-06:00,2010,11,8,10,30,690.0,933.0,79.0,18.0,2.3000000000000003,45.0,0.01
2010-11-08 11:30:00-06:00,2010,11,8,11,30,741.0,947.0,81.0,18.0,2.0,48.0,0.01
2010-11-08 12:30:00-06:00,2010,11,8,12,30,722.0,937.0,82.0,19.0,1.8,53.0,0.01
2010-11-08 13:30:00-06:00,2010,11,8,13,30,636.0,912.0,78.0,19.0,1.6,59.0,0.01
2010-11-08 14:30:00-06:00,2010,11,8,14,30,491.0,858.0,71.0,19.0,1.5,64.0,0.01
2010-11-08 15:30:00-06:00,2010,11,8,15,30,301.0,749.0,58.0,19.0,1.6,68.0,0.01
2010-11-08 16:30:00-06:00,2010,11,8,16,30,96.0,485.0,34.0,19.0,1.8,69.0,0.01
2010-11-08 17:30:00-06:00,2010,11,8,17,30,0.0,0.0,0.0,19.0,2.0,71.0,0.01
2010-11-08 18:30:00-06:00,2010,11,8,18,30,0.0,0.0,0.0,19.0,2.1,77.0,0.01
2010-11-08 19:30:00-06:00,2010,11,8,19,30,0.0,0.0,0.0,19.0,2.1,87.0,0.01
2010-11-08 20:30:00-06:00,2010,11,8,20,30,0.0,0.0,0.0,19.0,2.1,103.0,0.01
2010-11-08 21:30:00-06:00,2010,11,8,21,30,0.0,0.0,0.0,19.0,2.1,118.0,0.01
2010-11-08 22:30:00-06:00,2010,11,8,22,30,0.0,0.0,0.0,19.0,2.1,128.0,0.01
2010-11-08 23:30:00-06:00,2010,11,8,23,30,0.0,0.0,0.0,18.0,2.0,132.0,0.01
2010-11-09 00:30:00-06:00,2010,11,9,0,30,0.0,0.0,0.0,18.0,1.8,131.0,0.01
2010-11-09 01:30:00-06:00,2010,11,9,1,30,0.0,0.0,0.0,18.0,1.6,124.0,0.01
2010-11-09 02:30:00-06:00,2010,11,9,2,30,0.0,0.0,0.0,18.0,1.5,114.0,0.01
2010-11-09 03:30:00-06:00,2010,11,9,3,30,0.0,0.0,0.0,18.0,1.6,99.0,0.01
2010-11-09 04:30:00-06:00,2010,11,9,4,30,0.0,0.0,0.0,18.0,1.8,92.0,0.01
2010-11-09 05:30:00-06:00,2010,11,9,5,30,0.0,0.0,0.0,19.0,2.0,95.0,0.01
2010-11-09 06:30:00-06:00,2010,11,9,6,30,16.0,171.0,12.0,19.0,2.2,102.0,0.01
2010-11-09 07:30:00-06:00,2010,11,9,7,30,198.0,658.0,46.0,19.0,2.3000000000000003,108.0,0.01
2010-11-09 08:30:00-06:00,2010,11,9,8,30,400.0,823.0,61.0,20.0,2.4000000000000004,113.0,0.01
2010-11-09 09:30:00-06:00,2010,11,9,9,30,569.0,900.0,69.0,20.0,2.6,117.0,0.01
2010-11-09 10:30:00-06:00,2010,11,9,10,30,684.0,938.0,73.0,20.0,2.8000000000000003,114.0,0.01
2010-11-09 11:30:00-06:00,2010,11,9,11,30,735.0,953.0,75.0,21.0,2.9000000000000004,110.0,0.01
2010-11-09 12:30:00-06:00,2010,11,9,12,30,717.0,949.0,73.0,21.0,2.9000000000000004,108.0,0.01
2010-11-09 13:30:00-06:00,2010,11,9,13,30,632.0,923.0,70.0,21.0,2.9000000000000004,105.0,0.01
2010-11-09 14:30:00-06:00,2010,11,9,14,30,487.0,868.0,65.0,21.0,2.9000000000000004,102.0,0.01
2010-11-09 15:30:00-06:00,2010,11,9,15,30,297.0,749.0,56.0,21.0,2.9000000000000004,102.0,0.01
2010-11-09 16:30:00-06:00,2010,11,9,16,30,94.0,483.0,33.0,20.0,3.0,103.0,0.01
2010-11-09 17:30:00-06:00,2010,11,9,17,30,0.0,0.0,0.0,20.0,3.1,106.0,0.01
2010-11-09 18:30:00-06:00,2010,11,9,18,30,0.0,0.0,0.0,20.0,3.2,109.0,0.01
2010-11-09 19:30:00-06:00,2010,11,9,19,30,0.0,0.0,0.0,20.0,3.1,113.0,0.01
2010-11-09 20:30:00-06:00,2010,11,9,20,30,0.0,0.0,0.0,20.0,3.0,119.0,0.01
2010-11-09 21:30:00-06:00,2010,11,9,21,30,0.0,0.0,0.0,20.0,2.8000000000000003,128.0,0.01
2010-11-09 22:30:00-06:00,2010,11,9,22,30,0.0,0.0,0.0,20.0,2.6,135.0,0.01
2010-11-09 23:30:00-06:00,2010,11,9,23,30,0.0,0.0,0.0,20.0,2.6,137.0,0.01
2010-11-10 00:30:00-06:00,2010,11,10,0,30,0.0,0.0,0.0,20.0,2.7,134.0,0.01
2010-11-10 01:30:00-06:00,2010,11,10,1,30,0.0,0.0,0.0,20.0,2.6,131.0,0.01
2010-11-10 02:30:00-06:00,2010,11,10,2,30,0.0,0.0,0.0,20.0,2.3000000000000003,130.0,0.01
2010-11-10 03:30:00-06:00,2010,11,10,3,30,0.0,0.0,0.0,20.0,1.8,133.0,0.01
2010-11-10 04:30:00-06:00,2010,11,10,4,30,0.0,0.0,0.0,20.0,1.5,133.0,0.01
2010-11-10 05:30:00-06:00,2010,11,10,5,30,0.0,0.0,0.0,20.0,1.5,116.0,0.01
2010-11-10 06:30:00-06:00,2010,11,10,6,30,14.0,164.0,11.0,20.0,1.8,97.0,0.01
2010-11-10 07:30:00-06:00,2010,11,10,7,30,193.0,654.0,45.0,20.0,2.3000000000000003,89.0,0.01
2010-11-10 08:30:00-06:00,2010,11,10,8,30,314.0,435.0,137.0,20.0,2.6,89.0,0.01
2010-11-10 09:30:00-06:00,2010,11,10,9,30,561.0,896.0,67.0,21.0,2.7,92.0,0.01
2010-11-10 10:30:00-06:00,2010,11,10,10,30,579.0,581.0,202.0,21.0,2.8000000000000003,96.0,0.01
2010-11-10 11:30:00-06:00,2010,11,10,11,30,726.0,947.0,73.0,21.0,2.7,99.0,0.01
2010-11-10 12:30:00-06:00,2010,11,10,12,30,707.0,932.0,77.0,22.0,2.6,99.0,0.01
2010-11-10 13:30:00-06:00,2010,11,10,13,30,622.0,906.0,74.0,22.0,2.6,96.0,0.01
2010-11-10 14:30:00-06:00,2010,11,10,14,30,478.0,849.0,67.0,22.0,2.7,92.0,0.01
2010-11-10 15:30:00-06:00,2010,11,10,15,30,291.0,737.0,56.0,22.0,2.8000000000000003,90.0,0.01
2010-11-10 16:30:00-06:00,2010,11,10,16,30,90.0,466.0,32.0,21.0,3.0,88.0,0.01
2010-11-10 17:30:00-06:00,2010,11,10,17,30,0.0,0.0,0.0,21.0,3.2,85.0,0.01
2010-11-10 18:30:00-06:00,2010,11,10,18,30,0.0,0.0,0.0,21.0,3.3000000000000003,83.0,0.01
2010-11-10 19:30:00-06:00,2010,11,10,19,30,0.0,0.0,0.0,21.0,3.3000000000000003,82.0,0.01
2010-11-10 20:30:00-06:00,2010,11,10,20,30,0.0,0.0,0.0,21.0,3.3000000000000003,83.0,0.01
2010-11-10 21:30:00-06:00,2010,11,10,21,30,0.0,0.0,0.0,21.0,3.2,84.0,0.01
2010-11-10 22:30:00-06:00,2010,11,10,22,30,0.0,0.0,0.0,20.0,3.1,84.0,0.01
2010-11-10 23:30:00-06:00,2010,11,10,23,30,0.0,0.0,0.0,20.0,2.9000000000000004,84.0,0.01
2010-11-11 00:30:00-06:00,2010,11,11,0,30,0.0,0.0,0.0,20.0,2.8000000000000003,83.0,0.01
2010-11-11 01:30:00-06:00,2010,11,11,1,30,0.0,0.0,0.0,20.0,2.8000000000000003,78.0,0.01
2010-11-11 02:30:00-06:00,2010,11,11,2,30,0.0,0.0,0.0,20.0,2.9000000000000004,69.0,0.01
2010-11-11 03:30:00-06:00,2010,11,11,3,30,0.0,0.0,0.0,20.0,3.1,61.0,0.01
2010-11-11 04:30:00-06:00,2010,11,11,4,30,0.0,0.0,0.0,20.0,3.5,56.0,0.01
2010-11-11 05:30:00-06:00,2010,11,11,5,30,0.0,0.0,0.0,20.0,3.8,55.0,0.01
2010-11-11 06:30:00-06:00,2010,11,11,6,30,0.0,0.0,0.0,20.0,4.0,57.0,0.01
2010-11-11 07:30:00-06:00,2010,11,11,7,30,187.0,615.0,49.0,20.0,4.0,61.0,0.01
2010-11-11 08:30:00-06:00,2010,11,11,8,30,386.0,789.0,67.0,20.0,4.1000000000000005,66.0,0.01
2010-11-11 09:30:00-06:00,2010,11,11,9,30,555.0,871.0,77.0,21.0,4.0,71.0,0.01
2010-11-11 10:30:00-06:00,2010,11,11,10,30,670.0,910.0,84.0,21.0,3.7,75.0,0.01
2010-11-11 11:30:00-06:00,2010,11,11,11,30,632.0,618.0,208.0,21.0,3.5,79.0,0.01
2010-11-11 12:30:00-06:00,2010,11,11,12,30,537.0,370.0,289.0,22.0,3.3000000000000003,82.0,0.01
2010-11-11 13:30:00-06:00,2010,11,11,13,30,437.0,280.0,268.0,22.0,3.3000000000000003,82.0,0.01
2010-11-11 14:30:00-06:00,2010,11,11,14,30,346.0,316.0,194.0,22.0,3.5,79.0,0.01
2010-11-11 15:30:00-06:00,2010,11,11,15,30,130.0,30.0,120.0,22.0,3.7,76.0,0.01
2010-11-11 16:30:00-06:00,2010,11,11,16,30,9.0,0.0,9.0,21.0,4.0,74.0,0.01
2010-11-11 17:30:00-06:00,2010,11,11,17,30,0.0,0.0,0.0,21.0,4.3,74.0,0.01
2010-11-11 18:30:00-06:00,2010,11,11,18,30,0.0,0.0,0.0,21.0,4.5,76.0,0.01
2010-11-11 19:30:00-06:00,2010,11,11,19,30,0.0,0.0,0.0,21.0,4.6000000000000005,78.0,0.01
2010-11-11 20:30:00-06:00,2010,11,11,20,30,0.0,0.0,0.0,21.0,4.5,82.0,0.01
2010-11-11 21:30:00-06:00,2010,11,11,21,30,0.0,0.0,0.0,21.0,4.4,86.0,0.01
2010-11-11 22:30:00-06:00,2010,11,11,22,30,0.0,0.0,0.0,21.0,4.3,90.0,0.01
2010-11-11 23:30:00-06:00,2010,11,11,23,30,0.0,0.0,0.0,21.0,4.3,92.0,0.01
2010-11-12 00:30:00-06:00,2010,11,12,0,30,0.0,0.0,0.0,21.0,4.4,95.0,0.01
2010-11-12 01:30:00-06:00,2010,11,12,1,30,0.0,0.0,0.0,21.0,4.4,97.0,0.01
2010-11-12 02:30:00-06:00,2010,11,12,2,30,0.0,0.0,0.0,21.0,4.5,98.0,0.01
2010-11-12 03:30:00-06:00,2010,11,12,3,30,0.0,0.0,0.0,21.0,4.5,101.0,0.01
2010-11-12 04:30:00-06:00,2010,11,12,4,30,0.0,0.0,0.0,21.0,4.5,103.0,0.01
2010-11-12 05:30:00-06:00,2010,11,12,5,30,0.0,0.0,0.0,21.0,4.5,106.0,0.01
2010-11-12 06:30:00-06:00,2010,11,12,6,30,0.0,0.0,0.0,21.0,4.5,110.0,0.01
2010-11-12 07:30:00-06:00,2010,11,12,7,30,183.0,591.0,53.0,22.0,4.5,114.0,0.01
2010-11-12 08:30:00-06:00,2010,11,12,8,30,382.0,770.0,74.0,22.0,4.5,119.0,0.01
2010-11-12 09:30:00-06:00,2010,11,12,9,30,550.0,855.0,85.0,22.0,4.4,123.0,0.01
2010-11-12 10:30:00-06:00,2010,11,12,10,30,665.0,896.0,91.0,23.0,4.2,126.0,0.01
2010-11-12 11:30:00-06:00,2010,11,12,11,30,715.0,909.0,94.0,23.0,3.9,127.0,0.01
2010-11-12 12:30:00-06:00,2010,11,12,12,30,699.0,911.0,90.0,23.0,3.5,128.0,0.01
2010-11-12 13:30:00-06:00,2010,11,12,13,30,613.0,880.0,87.0,23.0,3.2,127.0,0.01
2010-11-12 14:30:00-06:00,2010,11,12,14,30,469.0,815.0,79.0,23.0,3.0,124.0,0.01
2010-11-12 15:30:00-06:00,2010,11,12,15,30,282.0,688.0,65.0,23.0,3.0,120.0,0.01
2010-11-12 16:30:00-06:00,2010,11,12,16,30,83.0,387.0,37.0,22.0,3.2,114.0,0.01
2010-11-12 17:30:00-06:00,2010,11,12,17,30,0.0,0.0,0.0,22.0,3.6,109.0,0.01
2010-11-12 18:30:00-06:00,2010,11,12,18,30,0.0,0.0,0.0,22.0,3.9,106.0,0.01
2010-11-12 19:30:00-06:00,2010,11,12,19,30,0.0,0.0,0.0,22.0,4.2,105.0,0.01
2010-11-12 20:30:00-06:00,2010,11,12,20,30,0.0,0.0,0.0,22.0,4.5,105.0,0.01
2010-11-12 21:30:00-06:00,2010,11,12,21,30,0.0,0.0,0.0,21.0,4.7,106.0,0.01
2010-11-12 22:30:00-06:00,2010,11,12,22,30,0.0,0.0,0.0,21.0,4.800000000000001,108.0,0.01
2010-11-12 23:30:00-06:00,2010,11,12,23,30,0.0,0.0,0.0,21.0,4.7,109.0,0.01
2010-11-13 00:30:00-06:00,2010,11,13,0,30,0.0,0.0,0.0,21.0,4.6000000000000005,111.0,0.01
2010-11-13 01:30:00-06:00,2010,11,13,1,30,0.0,0.0,0.0,21.0,4.4,112.0,0.01
2010-11-13 02:30:00-06:00,2010,11,13,2,30,0.0,0.0,0.0,21.0,4.0,112.0,0.01
2010-11-13 03:30:00-06:00,2010,11,13,3,30,0.0,0.0,0.0,21.0,3.8,114.0,0.01
2010-11-13 04:30:00-06:00,2010,11,13,4,30,0.0,0.0,0.0,21.0,3.5,117.0,0.01
2010-11-13 05:30:00-06:00,2010,11,13,5,30,0.0,0.0,0.0,21.0,3.3000000000000003,120.0,0.01
2010-11-13 06:30:00-06:00,2010,11,13,6,30,0.0,0.0,0.0,21.0,3.1,122.0,0.01
2010-11-13 07:30:00-06:00,2010,11,13,7,30,181.0,601.0,51.0,21.0,2.9000000000000004,126.0,0.01
2010-11-13 08:30:00-06:00,2010,11,13,8,30,380.0,782.0,69.0,22.0,2.7,131.0,0.01
2010-11-13 09:30:00-06:00,2010,11,13,9,30,547.0,864.0,79.0,22.0,2.4000000000000004,138.0,0.01
2010-11-13 10:30:00-06:00,2010,11,13,10,30,660.0,904.0,85.0,22.0,2.1,144.0,0.01
2010-11-13 11:30:00-06:00,2010,11,13,11,30,711.0,920.0,86.0,22.0,1.9,147.0,0.01
2010-11-13 12:30:00-06:00,2010,11,13,12,30,623.0,659.0,184.0,22.0,1.9,144.0,0.01
2010-11-13 13:30:00-06:00,2010,11,13,13,30,458.0,347.0,251.0,22.0,2.1,136.0,0.01
2010-11-13 14:30:00-06:00,2010,11,13,14,30,272.0,131.0,209.0,22.0,2.2,130.0,0.01
2010-11-13 15:30:00-06:00,2010,11,13,15,30,111.0,4.0,110.0,22.0,2.2,131.0,0.01
2010-11-13 16:30:00-06:00,2010,11,13,16,30,14.0,0.0,14.0,22.0,2.3000000000000003,123.0,0.01
2010-11-13 17:30:00-06:00,2010,11,13,17,30,0.0,0.0,0.0,22.0,2.5,124.0,0.01
2010-11-13 18:30:00-06:00,2010,11,13,18,30,0.0,0.0,0.0,21.0,2.8000000000000003,125.0,0.01
2010-11-13 19:30:00-06:00,2010,11,13,19,30,0.0,0.0,0.0,21.0,3.2,128.0,0.01
2010-11-13 20:30:00-06:00,2010,11,13,20,30,0.0,0.0,0.0,21.0,3.5,132.0,0.01
2010-11-13 21:30:00-06:00,2010,11,13,21,30,0.0,0.0,0.0,21.0,3.7,140.0,0.01
2010-11-13 22:30:00-06:00,2010,11,13,22,30,0.0,0.0,0.0,21.0,3.8,149.0,0.01
2010-11-13 23:30:00-06:00,2010,11,13,23,30,0.0,0.0,0.0,21.0,3.8,157.0,0.01
2010-11-14 00:30:00-06:00,2010,11,14,0,30,0.0,0.0,0.0,21.0,3.7,164.0,0.01
2010-11-14 01:30:00-06:00,2010,11,14,1,30,0.0,0.0,0.0,21.0,3.6,170.0,0.01
2010-11-14 02:30:00-06:00,2010,11,14,2,30,0.0,0.0,0.0,21.0,3.5,176.0,0.01
2010-11-14 03:30:00-06:00,2010,11,14,3,30,0.0,0.0,0.0,21.0,3.3000000000000003,179.0,0.01
2010-11-14 04:30:00-06:00,2010,11,14,4,30,0.0,0.0,0.0,21.0,3.1,180.0,0.01
2010-11-14 05:30:00-06:00,2010,11,14,5,30,0.0,0.0,0.0,21.0,2.9000000000000004,182.0,0.01
2010-11-14 06:30:00-06:00,2010,11,14,6,30,0.0,0.0,0.0,21.0,2.8000000000000003,180.0,0.01
2010-11-14 07:30:00-06:00,2010,11,14,7,30,121.0,197.0,78.0,21.0,2.8000000000000003,178.0,0.01
2010-11-14 08:30:00-06:00,2010,11,14,8,30,180.0,52.0,159.0,22.0,3.0,177.0,0.01
2010-11-14 09:30:00-06:00,2010,11,14,9,30,396.0,317.0,225.0,22.0,3.3000000000000003,178.0,0.01
2010-11-14 10:30:00-06:00,2010,11,14,10,30,637.0,866.0,88.0,22.0,3.4000000000000004,184.0,0.01
2010-11-14 11:30:00-06:00,2010,11,14,11,30,687.0,882.0,91.0,22.0,3.5,190.0,0.01
2010-11-14 12:30:00-06:00,2010,11,14,12,30,482.0,264.0,308.0,22.0,3.6,195.0,0.01
2010-11-14 13:30:00-06:00,2010,11,14,13,30,378.0,172.0,276.0,22.0,3.5,198.0,0.01
2010-11-14 14:30:00-06:00,2010,11,14,14,30,443.0,752.0,88.0,22.0,3.4000000000000004,200.0,0.01
2010-11-14 15:30:00-06:00,2010,11,14,15,30,263.0,621.0,71.0,22.0,3.2,200.0,0.01
2010-11-14 16:30:00-06:00,2010,11,14,16,30,75.0,328.0,37.0,22.0,2.9000000000000004,199.0,0.01
2010-11-14 17:30:00-06:00,2010,11,14,17,30,0.0,0.0,0.0,22.0,2.5,198.0,0.01
2010-11-14 18:30:00-06:00,2010,11,14,18,30,0.0,0.0,0.0,22.0,2.0,197.0,0.01
2010-11-14 19:30:00-06:00,2010,11,14,19,30,0.0,0.0,0.0,22.0,1.9,192.0,0.01
2010-11-14 20:30:00-06:00,2010,11,14,20,30,0.0,0.0,0.0,22.0,2.4000000000000004,173.0,0.01
2010-11-14 21:30:00-06:00,2010,11,14,21,30,0.0,0.0,0.0,22.0,3.3000000000000003,160.0,0.01
2010-11-14 22:30:00-06:00,2010,11,14,22,30,0.0,0.0,0.0,22.0,4.4,160.0,0.01
2010-11-14 23:30:00-06:00,2010,11,14,23,30,0.0,0.0,0.0,22.0,5.6000000000000005,165.0,0.01
2010-11-15 00:30:00-06:00,2010,11,15,0,30,0.0,0.0,0.0,22.0,6.4,171.0,0.01
2010-11-15 01:30:00-06:00,2010,11,15,1,30,0.0,0.0,0.0,22.0,6.7,176.0,0.01
2010-11-15 02:30:00-06:00,2010,11,15,2,30,0.0,0.0,0.0,22.0,6.6000000000000005,181.0,0.01
2010-11-15 03:30:00-06:00,2010,11,15,3,30,0.0,0.0,0.0,22.0,6.6000000000000005,184.0,0.01
2010-11-15 04:30:00-06:00,2010,11,15,4,30,0.0,0.0,0.0,22.0,6.7,186.0,0.01
2010-11-15 05:30:00-06:00,2010,11,15,5,30,0.0,0.0,0.0,22.0,6.800000000000001,187.0,0.01
2010-11-15 06:30:00-06:00,2010,11,15,6,30,0.0,0.0,0.0,23.0,7.1000000000000005,189.0,0.01
2010-11-15 07:30:00-06:00,2010,11,15,7,30,7.0,0.0,7.0,23.0,7.5,192.0,0.01
2010-11-15 08:30:00-06:00,2010,11,15,8,30,12.0,0.0,12.0,23.0,7.7,195.0,0.01
2010-11-15 09:30:00-06:00,2010,11,15,9,30,10.0,0.0,10.0,23.0,7.6,198.0,0.01
2010-11-15 10:30:00-06:00,2010,11,15,10,30,32.0,0.0,32.0,23.0,7.4,200.0,0.01
2010-11-15 11:30:00-06:00,2010,11,15,11,30,101.0,0.0,101.0,23.0,7.300000000000001,201.0,0.01
2010-11-15 12:30:00-06:00,2010,11,15,12,30,138.0,0.0,138.0,23.0,7.300000000000001,203.0,0.01
2010-11-15 13:30:00-06:00,2010,11,15,13,30,19.0,0.0,19.0,22.0,7.0,206.0,0.01
2010-11-15 14:30:00-06:00,2010,11,15,14,30,16.0,0.0,16.0,22.0,6.4,207.0,0.01
2010-11-15 15:30:00-06:00,2010,11,15,15,30,72.0,0.0,72.0,22.0,6.0,206.0,0.01
2010-11-15 16:30:00-06:00,2010,11,15,16,30,36.0,0.0,36.0,22.0,6.2,200.0,0.01
2010-11-15 17:30:00-06:00,2010,11,15,17,30,0.0,0.0,0.0,22.0,6.9,188.0,0.01
2010-11-15 18:30:00-06:00,2010,11,15,18,30,0.0,0.0,0.0,22.0,7.300000000000001,180.0,0.01
2010-11-15 19:30:00-06:00,2010,11,15,19,30,0.0,0.0,0.0,22.0,7.300000000000001,180.0,0.01
2010-11-15 20:30:00-06:00,2010,11,15,20,30,0.0,0.0,0.0,22.0,7.4,184.0,0.01
2010-11-15 21:30:00-06:00,2010,11,15,21,30,0.0,0.0,0.0,22.0,7.7,188.0,0.01
2010-11-15 22:30:00-06:00,2010,11,15,22,30,0.0,0.0,0.0,22.0,7.800000000000001,191.0,0.01
2010-11-15 23:30:00-06:00,2010,11,15,23,30,0.0,0.0,0.0,22.0,7.9,194.0,0.01
2010-11-16 00:30:00-06:00,2010,11,16,0,30,0.0,0.0,0.0,22.0,7.9,199.0,0.01
2010-11-16 01:30:00-06:00,2010,11,16,1,30,0.0,0.0,0.0,22.0,7.9,206.0,0.01
2010-11-16 02:30:00-06:00,2010,11,16,2,30,0.0,0.0,0.0,22.0,7.800000000000001,212.0,0.01
2010-11-16 03:30:00-06:00,2010,11,16,3,30,0.0,0.0,0.0,22.0,7.9,226.0,0.01
2010-11-16 04:30:00-06:00,2010,11,16,4,30,0.0,0.0,0.0,21.0,8.200000000000001,249.0,0.01
2010-11-16 05:30:00-06:00,2010,11,16,5,30,0.0,0.0,0.0,20.0,7.800000000000001,270.0,0.01
2010-11-16 06:30:00-06:00,2010,11,16,6,30,0.0,0.0,0.0,20.0,6.800000000000001,282.0,0.01
2010-11-16 07:30:00-06:00,2010,11,16,7,30,159.0,432.0,69.0,20.0,6.2,283.0,0.01
2010-11-16 08:30:00-06:00,2010,11,16,8,30,348.0,626.0,105.0,20.0,6.300000000000001,279.0,0.01
2010-11-16 09:30:00-06:00,2010,11,16,9,30,426.0,428.0,199.0,20.0,6.5,277.0,0.01
2010-11-16 10:30:00-06:00,2010,11,16,10,30,545.0,528.0,214.0,21.0,6.800000000000001,275.0,0.01
2010-11-16 11:30:00-06:00,2010,11,16,11,30,419.0,144.0,322.0,21.0,7.300000000000001,275.0,0.01
2010-11-16 12:30:00-06:00,2010,11,16,12,30,467.0,243.0,308.0,21.0,7.800000000000001,275.0,0.01
2010-11-16 13:30:00-06:00,2010,11,16,13,30,491.0,463.0,219.0,21.0,8.200000000000001,277.0,0.01
2010-11-16 14:30:00-06:00,2010,11,16,14,30,457.0,788.0,89.0,20.0,8.200000000000001,278.0,0.01
2010-11-16 15:30:00-06:00,2010,11,16,15,30,277.0,689.0,67.0,20.0,8.0,280.0,0.01
2010-11-16 16:30:00-06:00,2010,11,16,16,30,80.0,413.0,34.0,19.0,7.7,284.0,0.01
2010-11-16 17:30:00-06:00,2010,11,16,17,30,0.0,0.0,0.0,19.0,7.300000000000001,293.0,0.01
2010-11-16 18:30:00-06:00,2010,11,16,18,30,0.0,0.0,0.0,19.0,6.800000000000001,304.0,0.01
2010-11-16 19:30:00-06:00,2010,11,16,19,30,0.0,0.0,0.0,19.0,6.5,317.0,0.01
2010-11-16 20:30:00-06:00,2010,11,16,20,30,0.0,0.0,0.0,18.0,6.5,331.0,0.01
2010-11-16 21:30:00-06:00,2010,11,16,21,30,0.0,0.0,0.0,18.0,6.7,341.0,0.01
2010-11-16 22:30:00-06:00,2010,11,16,22,30,0.0,0.0,0.0,17.0,6.6000000000000005,353.0,0.01
2010-11-16 23:30:00-06:00,2010,11,16,23,30,0.0,0.0,0.0,16.0,6.4,6.0,0.01
2010-11-17 00:30:00-06:00,2010,11,17,0,30,0.0,0.0,0.0,16.0,6.1000000000000005,16.0,0.01
2010-11-17 01:30:00-06:00,2010,11,17,1,30,0.0,0.0,0.0,16.0,5.800000000000001,26.0,0.01
2010-11-17 02:30:00-06:00,2010,11,17,2,30,0.0,0.0,0.0,16.0,5.6000000000000005,35.0,0.01
2010-11-17 03:30:00-06:00,2010,11,17,3,30,0.0,0.0,0.0,16.0,5.300000000000001,44.0,0.01
2010-11-17 04:30:00-06:00,2010,11,17,4,30,0.0,0.0,0.0,16.0,5.1000000000000005,54.0,0.01
2010-11-17 05:30:00-06:00,2010,11,17,5,30,0.0,0.0,0.0,16.0,4.9,62.0,0.01
2010-11-17 06:30:00-06:00,2010,11,17,6,30,0.0,0.0,0.0,16.0,4.800000000000001,72.0,0.01
2010-11-17 07:30:00-06:00,2010,11,17,7,30,179.0,656.0,44.0,17.0,4.800000000000001,82.0,0.01
2010-11-17 08:30:00-06:00,2010,11,17,8,30,382.0,833.0,62.0,17.0,4.7,92.0,0.01
2010-11-17 09:30:00-06:00,2010,11,17,9,30,553.0,917.0,70.0,18.0,4.5,100.0,0.01
2010-11-17 10:30:00-06:00,2010,11,17,10,30,670.0,954.0,75.0,19.0,4.1000000000000005,104.0,0.01
2010-11-17 11:30:00-06:00,2010,11,17,11,30,722.0,967.0,78.0,19.0,3.6,105.0,0.01
2010-11-17 12:30:00-06:00,2010,11,17,12,30,705.0,962.0,77.0,19.0,3.0,104.0,0.01
2010-11-17 13:30:00-06:00,2010,11,17,13,30,430.0,298.0,256.0,20.0,2.7,101.0,0.01
2010-11-17 14:30:00-06:00,2010,11,17,14,30,367.0,435.0,164.0,20.0,2.5,97.0,0.01
2010-11-17 15:30:00-06:00,2010,11,17,15,30,285.0,756.0,55.0,20.0,2.6,95.0,0.01
2010-11-17 16:30:00-06:00,2010,11,17,16,30,82.0,463.0,31.0,20.0,2.8000000000000003,95.0,0.01
2010-11-17 17:30:00-06:00,2010,11,17,17,30,0.0,0.0,0.0,19.0,3.2,97.0,0.01
2010-11-17 18:30:00-06:00,2010,11,17,18,30,0.0,0.0,0.0,19.0,3.5,100.0,0.01
2010-11-17 19:30:00-06:00,2010,11,17,19,30,0.0,0.0,0.0,19.0,3.7,104.0,0.01
2010-11-17 20:30:00-06:00,2010,11,17,20,30,0.0,0.0,0.0,20.0,3.9,110.0,0.01
2010-11-17 21:30:00-06:00,2010,11,17,21,30,0.0,0.0,0.0,20.0,3.9,118.0,0.01
2010-11-17 22:30:00-06:00,2010,11,17,22,30,0.0,0.0,0.0,20.0,3.5,126.0,0.01
2010-11-17 23:30:00-06:00,2010,11,17,23,30,0.0,0.0,0.0,20.0,2.9000000000000004,134.0,0.01
2010-11-18 00:30:00-06:00,2010,11,18,0,30,0.0,0.0,0.0,20.0,2.4000000000000004,146.0,0.01
2010-11-18 01:30:00-06:00,2010,11,18,1,30,0.0,0.0,0.0,20.0,2.1,162.0,0.01
2010-11-18 02:30:00-06:00,2010,11,18,2,30,0.0,0.0,0.0,20.0,2.0,181.0,0.01
2010-11-18 03:30:00-06:00,2010,11,18,3,30,0.0,0.0,0.0,20.0,1.9,208.0,0.01
2010-11-18 04:30:00-06:00,2010,11,18,4,30,0.0,0.0,0.0,20.0,2.1,230.0,0.01
2010-11-18 05:30:00-06:00,2010,11,18,5,30,0.0,0.0,0.0,21.0,2.3000000000000003,237.0,0.01
2010-11-18 06:30:00-06:00,2010,11,18,6,30,0.0,0.0,0.0,21.0,2.7,245.0,0.01
2010-11-18 07:30:00-06:00,2010,11,18,7,30,97.0,106.0,76.0,20.0,3.3000000000000003,263.0,0.01
2010-11-18 08:30:00-06:00,2010,11,18,8,30,356.0,755.0,68.0,20.0,3.8,282.0,0.01
2010-11-18 09:30:00-06:00,2010,11,18,9,30,525.0,851.0,79.0,20.0,4.3,298.0,0.01
2010-11-18 10:30:00-06:00,2010,11,18,10,30,644.0,901.0,85.0,19.0,4.6000000000000005,309.0,0.01
2010-11-18 11:30:00-06:00,2010,11,18,11,30,700.0,923.0,87.0,19.0,4.800000000000001,313.0,0.01
2010-11-18 12:30:00-06:00,2010,11,18,12,30,687.0,921.0,88.0,19.0,5.0,314.0,0.01
2010-11-18 13:30:00-06:00,2010,11,18,13,30,605.0,893.0,86.0,19.0,5.2,316.0,0.01
2010-11-18 14:30:00-06:00,2010,11,18,14,30,465.0,839.0,76.0,19.0,5.300000000000001,318.0,0.01
2010-11-18 15:30:00-06:00,2010,11,18,15,30,278.0,721.0,61.0,18.0,5.4,323.0,0.01
2010-11-18 16:30:00-06:00,2010,11,18,16,30,78.0,421.0,33.0,18.0,5.4,329.0,0.01
2010-11-18 17:30:00-06:00,2010,11,18,17,30,0.0,0.0,0.0,18.0,5.6000000000000005,339.0,0.01
2010-11-18 18:30:00-06:00,2010,11,18,18,30,0.0,0.0,0.0,18.0,5.800000000000001,350.0,0.01
2010-11-18 19:30:00-06:00,2010,11,18,19,30,0.0,0.0,0.0,18.0,6.0,358.0,0.01
2010-11-18 20:30:00-06:00,2010,11,18,20,30,0.0,0.0,0.0,18.0,6.1000000000000005,4.0,0.01
2010-11-18 21:30:00-06:00,2010,11,18,21,30,0.0,0.0,0.0,17.0,6.0,8.0,0.01
2010-11-18 22:30:00-06:00,2010,11,18,22,30,0.0,0.0,0.0,17.0,5.9,12.0,0.01
2010-11-18 23:30:00-06:00,2010,11,18,23,30,0.0,0.0,0.0,17.0,5.6000000000000005,16.0,0.01
2010-11-19 00:30:00-06:00,2010,11,19,0,30,0.0,0.0,0.0,17.0,5.2,20.0,0.01
2010-11-19 01:30:00-06:00,2010,11,19,1,30,0.0,0.0,0.0,17.0,4.800000000000001,22.0,0.01
2010-11-19 02:30:00-06:00,2010,11,19,2,30,0.0,0.0,0.0,17.0,4.6000000000000005,22.0,0.01
2010-11-19 03:30:00-06:00,2010,11,19,3,30,0.0,0.0,0.0,17.0,4.5,21.0,0.01
2010-11-19 04:30:00-06:00,2010,11,19,4,30,0.0,0.0,0.0,17.0,4.5,18.0,0.01
2010-11-19 05:30:00-06:00,2010,11,19,5,30,0.0,0.0,0.0,17.0,4.6000000000000005,17.0,0.01
2010-11-19 06:30:00-06:00,2010,11,19,6,30,0.0,0.0,0.0,17.0,4.7,19.0,0.01
2010-11-19 07:30:00-06:00,2010,11,19,7,30,36.0,0.0,36.0,17.0,4.7,22.0,0.01
2010-11-19 08:30:00-06:00,2010,11,19,8,30,92.0,0.0,92.0,18.0,4.4,27.0,0.01
2010-11-19 09:30:00-06:00,2010,11,19,9,30,125.0,0.0,125.0,18.0,3.8,33.0,0.01
2010-11-19 10:30:00-06:00,2010,11,19,10,30,132.0,0.0,132.0,18.0,3.0,39.0,0.01
2010-11-19 11:30:00-06:00,2010,11,19,11,30,170.0,0.0,170.0,18.0,2.0,44.0,0.01
2010-11-19 12:30:00-06:00,2010,11,19,12,30,150.0,0.0,150.0,18.0,1.2000000000000002,39.0,0.01
2010-11-19 13:30:00-06:00,2010,11,19,13,30,191.0,5.0,188.0,18.0,1.0,359.0,0.01
2010-11-19 14:30:00-06:00,2010,11,19,14,30,205.0,41.0,186.0,18.0,1.4,324.0,0.01
2010-11-19 15:30:00-06:00,2010,11,19,15,30,80.0,0.0,80.0,18.0,1.7000000000000002,320.0,0.01
2010-11-19 16:30:00-06:00,2010,11,19,16,30,11.0,0.0,11.0,18.0,1.9,324.0,0.01
2010-11-19 17:30:00-06:00,2010,11,19,17,30,0.0,0.0,0.0,18.0,1.8,329.0,0.01
2010-11-19 18:30:00-06:00,2010,11,19,18,30,0.0,0.0,0.0,18.0,1.5,335.0,0.01
2010-11-19 19:30:00-06:00,2010,11,19,19,30,0.0,0.0,0.0,17.0,1.1,338.0,0.01
2010-11-19 20:30:00-06:00,2010,11,19,20,30,0.0,0.0,0.0,17.0,0.7000000000000001,330.0,0.01
2010-11-19 21:30:00-06:00,2010,11,19,21,30,0.0,0.0,0.0,17.0,0.6000000000000001,295.0,0.01
2010-11-19 22:30:00-06:00,2010,11,19,22,30,0.0,0.0,0.0,17.0,0.9,253.0,0.01
2010-11-19 23:30:00-06:00,2010,11,19,23,30,0.0,0.0,0.0,17.0,1.2000000000000002,235.0,0.01
2010-11-20 00:30:00-06:00,2010,11,20,0,30,0.0,0.0,0.0,17.0,1.6,230.0,0.01
2010-11-20 01:30:00-06:00,2010,11,20,1,30,0.0,0.0,0.0,17.0,1.9,226.0,0.01
2010-11-20 02:30:00-06:00,2010,11,20,2,30,0.0,0.0,0.0,17.0,2.1,226.0,0.01
2010-11-20 03:30:00-06:00,2010,11,20,3,30,0.0,0.0,0.0,17.0,2.0,222.0,0.01
2010-11-20 04:30:00-06:00,2010,11,20,4,30,0.0,0.0,0.0,17.0,1.7000000000000002,215.0,0.01
2010-11-20 05:30:00-06:00,2010,11,20,5,30,0.0,0.0,0.0,18.0,1.2000000000000002,209.0,0.01
2010-11-20 06:30:00-06:00,2010,11,20,6,30,0.0,0.0,0.0,18.0,0.6000000000000001,201.0,0.01
2010-11-20 07:30:00-06:00,2010,11,20,7,30,114.0,233.0,69.0,18.0,0.4,161.0,0.01
2010-11-20 08:30:00-06:00,2010,11,20,8,30,328.0,663.0,80.0,18.0,0.7000000000000001,83.0,0.01
2010-11-20 09:30:00-06:00,2010,11,20,9,30,519.0,832.0,89.0,19.0,1.0,84.0,0.01
2010-11-20 10:30:00-06:00,2010,11,20,10,30,536.0,543.0,202.0,20.0,1.2000000000000002,91.0,0.01
2010-11-20 11:30:00-06:00,2010,11,20,11,30,484.0,276.0,303.0,20.0,1.6,98.0,0.01
2010-11-20 12:30:00-06:00,2010,11,20,12,30,447.0,222.0,303.0,20.0,2.0,102.0,0.01
2010-11-20 13:30:00-06:00,2010,11,20,13,30,588.0,870.0,86.0,21.0,2.3000000000000003,104.0,0.01
2010-11-20 14:30:00-06:00,2010,11,20,14,30,448.0,810.0,76.0,21.0,2.6,104.0,0.01
2010-11-20 15:30:00-06:00,2010,11,20,15,30,257.0,612.0,74.0,21.0,2.9000000000000004,103.0,0.01
2010-11-20 16:30:00-06:00,2010,11,20,16,30,68.0,301.0,37.0,20.0,3.3000000000000003,102.0,0.01
2010-11-20 17:30:00-06:00,2010,11,20,17,30,0.0,0.0,0.0,20.0,3.7,101.0,0.01
2010-11-20 18:30:00-06:00,2010,11,20,18,30,0.0,0.0,0.0,20.0,4.2,102.0,0.01
2010-11-20 19:30:00-06:00,2010,11,20,19,30,0.0,0.0,0.0,20.0,4.5,106.0,0.01
2010-11-20 20:30:00-06:00,2010,11,20,20,30,0.0,0.0,0.0,20.0,4.7,111.0,0.01
2010-11-20 21:30:00-06:00,2010,11,20,21,30,0.0,0.0,0.0,21.0,4.6000000000000005,116.0,0.01
2010-11-20 22:30:00-06:00,2010,11,20,22,30,0.0,0.0,0.0,21.0,4.5,120.0,0.01
2010-11-20 23:30:00-06:00,2010,11,20,23,30,0.0,0.0,0.0,21.0,4.3,126.0,0.01
2010-11-21 00:30:00-06:00,2010,11,21,0,30,0.0,0.0,0.0,21.0,4.3,130.0,0.01
2010-11-21 01:30:00-06:00,2010,11,21,1,30,0.0,0.0,0.0,21.0,4.4,134.0,0.01
2010-11-21 02:30:00-06:00,2010,11,21,2,30,0.0,0.0,0.0,21.0,4.5,135.0,0.01
2010-11-21 03:30:00-06:00,2010,11,21,3,30,0.0,0.0,0.0,21.0,4.4,136.0,0.01
2010-11-21 04:30:00-06:00,2010,11,21,4,30,0.0,0.0,0.0,21.0,4.3,135.0,0.01
2010-11-21 05:30:00-06:00,2010,11,21,5,30,0.0,0.0,0.0,21.0,4.3,134.0,0.01
2010-11-21 06:30:00-06:00,2010,11,21,6,30,0.0,0.0,0.0,21.0,4.2,134.0,0.01
2010-11-21 07:30:00-06:00,2010,11,21,7,30,157.0,583.0,44.0,21.0,4.2,132.0,0.01
2010-11-21 08:30:00-06:00,2010,11,21,8,30,259.0,322.0,139.0,22.0,4.1000000000000005,132.0,0.01
2010-11-21 09:30:00-06:00,2010,11,21,9,30,246.0,55.0,217.0,22.0,4.0,132.0,0.01
2010-11-21 10:30:00-06:00,2010,11,21,10,30,631.0,909.0,76.0,22.0,3.9,133.0,0.01
2010-11-21 11:30:00-06:00,2010,11,21,11,30,536.0,406.0,270.0,22.0,3.8,132.0,0.01
2010-11-21 12:30:00-06:00,2010,11,21,12,30,667.0,917.0,79.0,22.0,3.7,131.0,0.01
2010-11-21 13:30:00-06:00,2010,11,21,13,30,459.0,405.0,227.0,22.0,3.7,128.0,0.01
2010-11-21 14:30:00-06:00,2010,11,21,14,30,448.0,838.0,66.0,22.0,3.8,125.0,0.01
2010-11-21 15:30:00-06:00,2010,11,21,15,30,267.0,721.0,53.0,22.0,4.0,121.0,0.01
2010-11-21 16:30:00-06:00,2010,11,21,16,30,74.0,430.0,29.0,22.0,4.4,116.0,0.01
2010-11-21 17:30:00-06:00,2010,11,21,17,30,0.0,0.0,0.0,22.0,4.9,113.0,0.01
2010-11-21 18:30:00-06:00,2010,11,21,18,30,0.0,0.0,0.0,22.0,5.4,112.0,0.01
2010-11-21 19:30:00-06:00,2010,11,21,19,30,0.0,0.0,0.0,22.0,5.6000000000000005,113.0,0.01
2010-11-21 20:30:00-06:00,2010,11,21,20,30,0.0,0.0,0.0,21.0,5.6000000000000005,117.0,0.01
2010-11-21 21:30:00-06:00,2010,11,21,21,30,0.0,0.0,0.0,21.0,5.300000000000001,122.0,0.01
2010-11-21 22:30:00-06:00,2010,11,21,22,30,0.0,0.0,0.0,21.0,4.9,128.0,0.01
2010-11-21 23:30:00-06:00,2010,11,21,23,30,0.0,0.0,0.0,22.0,4.6000000000000005,135.0,0.01
2010-11-22 00:30:00-06:00,2010,11,22,0,30,0.0,0.0,0.0,22.0,4.2,141.0,0.01
2010-11-22 01:30:00-06:00,2010,11,22,1,30,0.0,0.0,0.0,22.0,4.0,146.0,0.01
2010-11-22 02:30:00-06:00,2010,11,22,2,30,0.0,0.0,0.0,22.0,3.9,150.0,0.01
2010-11-22 03:30:00-06:00,2010,11,22,3,30,0.0,0.0,0.0,22.0,3.9,150.0,0.01
2010-11-22 04:30:00-06:00,2010,11,22,4,30,0.0,0.0,0.0,22.0,3.9,150.0,0.01
2010-11-22 05:30:00-06:00,2010,11,22,5,30,0.0,0.0,0.0,22.0,3.8,152.0,0.01
2010-11-22 06:30:00-06:00,2010,11,22,6,30,0.0,0.0,0.0,22.0,3.7,155.0,0.01
2010-11-22 07:30:00-06:00,2010,11,22,7,30,149.0,543.0,46.0,22.0,3.6,156.0,0.01
2010-11-22 08:30:00-06:00,2010,11,22,8,30,341.0,748.0,65.0,22.0,3.5,157.0,0.01
2010-11-22 09:30:00-06:00,2010,11,22,9,30,501.0,823.0,81.0,22.0,3.4000000000000004,156.0,0.01
2010-11-22 10:30:00-06:00,2010,11,22,10,30,494.0,422.0,237.0,22.0,3.6,155.0,0.01
2010-11-22 11:30:00-06:00,2010,11,22,11,30,388.0,121.0,309.0,22.0,3.8,155.0,0.01
2010-11-22 12:30:00-06:00,2010,11,22,12,30,536.0,445.0,251.0,22.0,4.0,154.0,0.01
2010-11-22 13:30:00-06:00,2010,11,22,13,30,573.0,857.0,83.0,22.0,4.3,152.0,0.01
2010-11-22 14:30:00-06:00,2010,11,22,14,30,436.0,796.0,74.0,22.0,4.6000000000000005,149.0,0.01
2010-11-22 15:30:00-06:00,2010,11,22,15,30,257.0,671.0,59.0,22.0,4.9,149.0,0.01
2010-11-22 16:30:00-06:00,2010,11,22,16,30,68.0,363.0,31.0,22.0,5.1000000000000005,149.0,0.01
2010-11-22 17:30:00-06:00,2010,11,22,17,30,0.0,0.0,0.0,22.0,5.300000000000001,149.0,0.01
2010-11-22 18:30:00-06:00,2010,11,22,18,30,0.0,0.0,0.0,22.0,5.300000000000001,150.0,0.01
2010-11-22 19:30:00-06:00,2010,11,22,19,30,0.0,0.0,0.0,22.0,5.2,153.0,0.01
2010-11-22 20:30:00-06:00,2010,11,22,20,30,0.0,0.0,0.0,22.0,5.1000000000000005,156.0,0.01
2010-11-22 21:30:00-06:00,2010,11,22,21,30,0.0,0.0,0.0,22.0,5.0,158.0,0.01
2010-11-22 22:30:00-06:00,2010,11,22,22,30,0.0,0.0,0.0,22.0,4.800000000000001,160.0,0.01
2010-11-22 23:30:00-06:00,2010,11,22,23,30,0.0,0.0,0.0,22.0,4.800000000000001,161.0,0.01
2010-11-23 00:30:00-06:00,2010,11,23,0,30,0.0,0.0,0.0,22.0,4.800000000000001,162.0,0.01
2010-11-23 01:30:00-06:00,2010,11,23,1,30,0.0,0.0,0.0,22.0,4.6000000000000005,163.0,0.01
2010-11-23 02:30:00-06:00,2010,11,23,2,30,0.0,0.0,0.0,22.0,4.4,164.0,0.01
2010-11-23 03:30:00-06:00,2010,11,23,3,30,0.0,0.0,0.0,22.0,4.0,164.0,0.01
2010-11-23 04:30:00-06:00,2010,11,23,4,30,0.0,0.0,0.0,22.0,3.7,164.0,0.01
2010-11-23 05:30:00-06:00,2010,11,23,5,30,0.0,0.0,0.0,22.0,3.5,164.0,0.01
2010-11-23 06:30:00-06:00,2010,11,23,6,30,0.0,0.0,0.0,22.0,3.3000000000000003,165.0,0.01
2010-11-23 07:30:00-06:00,2010,11,23,7,30,140.0,478.0,51.0,22.0,3.3000000000000003,164.0,0.01
2010-11-23 08:30:00-06:00,2010,11,23,8,30,327.0,695.0,73.0,22.0,3.3000000000000003,165.0,0.01
2010-11-23 09:30:00-06:00,2010,11,23,9,30,490.0,796.0,85.0,22.0,3.3000000000000003,166.0,0.01
2010-11-23 10:30:00-06:00,2010,11,23,10,30,603.0,846.0,92.0,23.0,3.3000000000000003,167.0,0.01
2010-11-23 11:30:00-06:00,2010,11,23,11,30,655.0,866.0,94.0,23.0,3.1,168.0,0.01
2010-11-23 12:30:00-06:00,2010,11,23,12,30,644.0,873.0,88.0,23.0,2.9000000000000004,169.0,0.01
2010-11-23 13:30:00-06:00,2010,11,23,13,30,565.0,845.0,84.0,23.0,2.7,169.0,0.01
2010-11-23 14:30:00-06:00,2010,11,23,14,30,429.0,782.0,75.0,23.0,2.7,165.0,0.01
2010-11-23 15:30:00-06:00,2010,11,23,15,30,251.0,645.0,62.0,23.0,2.7,161.0,0.01
2010-11-23 16:30:00-06:00,2010,11,23,16,30,66.0,338.0,32.0,22.0,2.7,158.0,0.01
2010-11-23 17:30:00-06:00,2010,11,23,17,30,0.0,0.0,0.0,22.0,2.9000000000000004,154.0,0.01
2010-11-23 18:30:00-06:00,2010,11,23,18,30,0.0,0.0,0.0,22.0,3.1,150.0,0.01
2010-11-23 19:30:00-06:00,2010,11,23,19,30,0.0,0.0,0.0,22.0,3.2,148.0,0.01
2010-11-23 20:30:00-06:00,2010,11,23,20,30,0.0,0.0,0.0,22.0,3.4000000000000004,148.0,0.01
2010-11-23 21:30:00-06:00,2010,11,23,21,30,0.0,0.0,0.0,22.0,3.5,149.0,0.01
2010-11-23 22:30:00-06:00,2010,11,23,22,30,0.0,0.0,0.0,22.0,3.4000000000000004,151.0,0.01
2010-11-23 23:30:00-06:00,2010,11,23,23,30,0.0,0.0,0.0,22.0,3.3000000000000003,154.0,0.01
2010-11-24 00:30:00-06:00,2010,11,24,0,30,0.0,0.0,0.0,22.0,3.3000000000000003,157.0,0.01
2010-11-24 01:30:00-06:00,2010,11,24,1,30,0.0,0.0,0.0,22.0,3.4000000000000004,158.0,0.01
2010-11-24 02:30:00-06:00,2010,11,24,2,30,0.0,0.0,0.0,22.0,3.6,158.0,0.01
2010-11-24 03:30:00-06:00,2010,11,24,3,30,0.0,0.0,0.0,22.0,3.9,157.0,0.01
2010-11-24 04:30:00-06:00,2010,11,24,4,30,0.0,0.0,0.0,22.0,4.0,156.0,0.01
2010-11-24 05:30:00-06:00,2010,11,24,5,30,0.0,0.0,0.0,22.0,4.1000000000000005,156.0,0.01
2010-11-24 06:30:00-06:00,2010,11,24,6,30,0.0,0.0,0.0,22.0,4.2,154.0,0.01
2010-11-24 07:30:00-06:00,2010,11,24,7,30,144.0,538.0,45.0,22.0,4.4,152.0,0.01
2010-11-24 08:30:00-06:00,2010,11,24,8,30,337.0,750.0,65.0,22.0,4.7,152.0,0.01
2010-11-24 09:30:00-06:00,2010,11,24,9,30,504.0,853.0,74.0,23.0,4.9,153.0,0.01
2010-11-24 10:30:00-06:00,2010,11,24,10,30,622.0,905.0,78.0,23.0,4.9,155.0,0.01
2010-11-24 11:30:00-06:00,2010,11,24,11,30,678.0,927.0,79.0,23.0,4.800000000000001,155.0,0.01
2010-11-24 12:30:00-06:00,2010,11,24,12,30,664.0,925.0,78.0,23.0,4.6000000000000005,155.0,0.01
2010-11-24 13:30:00-06:00,2010,11,24,13,30,584.0,898.0,74.0,23.0,4.3,156.0,0.01
2010-11-24 14:30:00-06:00,2010,11,24,14,30,445.0,838.0,67.0,23.0,4.0,156.0,0.01
2010-11-24 15:30:00-06:00,2010,11,24,15,30,263.0,714.0,55.0,23.0,3.9,154.0,0.01
2010-11-24 16:30:00-06:00,2010,11,24,16,30,70.0,403.0,29.0,22.0,4.1000000000000005,150.0,0.01
2010-11-24 17:30:00-06:00,2010,11,24,17,30,0.0,0.0,0.0,22.0,4.6000000000000005,146.0,0.01
2010-11-24 18:30:00-06:00,2010,11,24,18,30,0.0,0.0,0.0,22.0,5.1000000000000005,145.0,0.01
2010-11-24 19:30:00-06:00,2010,11,24,19,30,0.0,0.0,0.0,22.0,5.6000000000000005,147.0,0.01
2010-11-24 20:30:00-06:00,2010,11,24,20,30,0.0,0.0,0.0,22.0,5.9,149.0,0.01
2010-11-24 21:30:00-06:00,2010,11,24,21,30,0.0,0.0,0.0,22.0,6.1000000000000005,151.0,0.01
2010-11-24 22:30:00-06:00,2010,11,24,22,30,0.0,0.0,0.0,22.0,6.300000000000001,153.0,0.01
2010-11-24 23:30:00-06:00,2010,11,24,23,30,0.0,0.0,0.0,22.0,6.300000000000001,155.0,0.01
2010-11-25 00:30:00-06:00,2010,11,25,0,30,0.0,0.0,0.0,22.0,6.2,156.0,0.01
2010-11-25 01:30:00-06:00,2010,11,25,1,30,0.0,0.0,0.0,22.0,6.1000000000000005,158.0,0.01
2010-11-25 02:30:00-06:00,2010,11,25,2,30,0.0,0.0,0.0,22.0,6.0,160.0,0.01
2010-11-25 03:30:00-06:00,2010,11,25,3,30,0.0,0.0,0.0,22.0,5.800000000000001,162.0,0.01
2010-11-25 04:30:00-06:00,2010,11,25,4,30,0.0,0.0,0.0,22.0,5.6000000000000005,162.0,0.01
2010-11-25 05:30:00-06:00,2010,11,25,5,30,0.0,0.0,0.0,22.0,5.5,163.0,0.01
2010-11-25 06:30:00-06:00,2010,11,25,6,30,0.0,0.0,0.0,22.0,5.4,165.0,0.01
2010-11-25 07:30:00-06:00,2010,11,25,7,30,58.0,0.0,58.0,23.0,5.300000000000001,167.0,0.01
2010-11-25 08:30:00-06:00,2010,11,25,8,30,325.0,716.0,67.0,23.0,5.300000000000001,168.0,0.01
2010-11-25 09:30:00-06:00,2010,11,25,9,30,488.0,817.0,78.0,23.0,5.4,167.0,0.01
2010-11-25 10:30:00-06:00,2010,11,25,10,30,602.0,867.0,83.0,23.0,5.4,168.0,0.01
2010-11-25 11:30:00-06:00,2010,11,25,11,30,657.0,891.0,84.0,23.0,5.2,171.0,0.01
2010-11-25 12:30:00-06:00,2010,11,25,12,30,647.0,902.0,77.0,23.0,5.0,176.0,0.01
2010-11-25 13:30:00-06:00,2010,11,25,13,30,571.0,884.0,71.0,23.0,4.7,179.0,0.01
2010-11-25 14:30:00-06:00,2010,11,25,14,30,436.0,829.0,64.0,23.0,4.3,180.0,0.01
2010-11-25 15:30:00-06:00,2010,11,25,15,30,256.0,690.0,55.0,23.0,4.0,181.0,0.01
2010-11-25 16:30:00-06:00,2010,11,25,16,30,68.0,379.0,30.0,23.0,3.8,178.0,0.01
2010-11-25 17:30:00-06:00,2010,11,25,17,30,0.0,0.0,0.0,23.0,3.9,174.0,0.01
2010-11-25 18:30:00-06:00,2010,11,25,18,30,0.0,0.0,0.0,23.0,4.2,170.0,0.01
2010-11-25 19:30:00-06:00,2010,11,25,19,30,0.0,0.0,0.0,23.0,4.5,171.0,0.01
2010-11-25 20:30:00-06:00,2010,11,25,20,30,0.0,0.0,0.0,23.0,4.6000000000000005,173.0,0.01
2010-11-25 21:30:00-06:00,2010,11,25,21,30,0.0,0.0,0.0,23.0,4.6000000000000005,177.0,0.01
2010-11-25 22:30:00-06:00,2010,11,25,22,30,0.0,0.0,0.0,23.0,4.5,181.0,0.01
2010-11-25 23:30:00-06:00,2010,11,25,23,30,0.0,0.0,0.0,22.0,4.4,186.0,0.01
2010-11-26 00:30:00-06:00,2010,11,26,0,30,0.0,0.0,0.0,22.0,4.5,191.0,0.01
2010-11-26 01:30:00-06:00,2010,11,26,1,30,0.0,0.0,0.0,22.0,4.7,193.0,0.01
2010-11-26 02:30:00-06:00,2010,11,26,2,30,0.0,0.0,0.0,22.0,5.0,194.0,0.01
2010-11-26 03:30:00-06:00,2010,11,26,3,30,0.0,0.0,0.0,22.0,5.0,196.0,0.01
2010-11-26 04:30:00-06:00,2010,11,26,4,30,0.0,0.0,0.0,22.0,4.800000000000001,200.0,0.01
2010-11-26 05:30:00-06:00,2010,11,26,5,30,0.0,0.0,0.0,22.0,4.4,204.0,0.01
2010-11-26 06:30:00-06:00,2010,11,26,6,30,0.0,0.0,0.0,22.0,3.8,211.0,0.01
2010-11-26 07:30:00-06:00,2010,11,26,7,30,96.0,180.0,64.0,22.0,3.3000000000000003,225.0,0.01
2010-11-26 08:30:00-06:00,2010,11,26,8,30,164.0,58.0,143.0,21.0,3.5,257.0,0.01
2010-11-26 09:30:00-06:00,2010,11,26,9,30,103.0,0.0,103.0,20.0,4.5,296.0,0.01
2010-11-26 10:30:00-06:00,2010,11,26,10,30,372.0,155.0,279.0,19.0,5.9,327.0,0.01
2010-11-26 11:30:00-06:00,2010,11,26,11,30,148.0,0.0,148.0,18.0,7.0,345.0,0.01
2010-11-26 12:30:00-06:00,2010,11,26,12,30,142.0,0.0,142.0,17.0,7.800000000000001,355.0,0.01
2010-11-26 13:30:00-06:00,2010,11,26,13,30,41.0,0.0,41.0,17.0,8.4,360.0,0.01
2010-11-26 14:30:00-06:00,2010,11,26,14,30,65.0,0.0,65.0,16.0,9.1,1.0,0.01
2010-11-26 15:30:00-06:00,2010,11,26,15,30,71.0,0.0,71.0,16.0,9.7,5.0,0.01
2010-11-26 16:30:00-06:00,2010,11,26,16,30,26.0,0.0,26.0,16.0,9.8,8.0,0.01
2010-11-26 17:30:00-06:00,2010,11,26,17,30,0.0,0.0,0.0,15.0,9.5,12.0,0.01
2010-11-26 18:30:00-06:00,2010,11,26,18,30,0.0,0.0,0.0,15.0,9.1,14.0,0.01
2010-11-26 19:30:00-06:00,2010,11,26,19,30,0.0,0.0,0.0,14.0,8.9,13.0,0.01
2010-11-26 20:30:00-06:00,2010,11,26,20,30,0.0,0.0,0.0,14.0,8.9,11.0,0.01
2010-11-26 21:30:00-06:00,2010,11,26,21,30,0.0,0.0,0.0,13.0,8.9,8.0,0.01
2010-11-26 22:30:00-06:00,2010,11,26,22,30,0.0,0.0,0.0,13.0,8.8,7.0,0.01
2010-11-26 23:30:00-06:00,2010,11,26,23,30,0.0,0.0,0.0,12.0,8.8,8.0,0.01
2010-11-27 00:30:00-06:00,2010,11,27,0,30,0.0,0.0,0.0,12.0,8.9,11.0,0.01
2010-11-27 01:30:00-06:00,2010,11,27,1,30,0.0,0.0,0.0,12.0,9.2,15.0,0.01
2010-11-27 02:30:00-06:00,2010,11,27,2,30,0.0,0.0,0.0,12.0,9.5,19.0,0.01
2010-11-27 03:30:00-06:00,2010,11,27,3,30,0.0,0.0,0.0,12.0,9.7,22.0,0.01
2010-11-27 04:30:00-06:00,2010,11,27,4,30,0.0,0.0,0.0,12.0,9.8,25.0,0.01
2010-11-27 05:30:00-06:00,2010,11,27,5,30,0.0,0.0,0.0,12.0,9.8,28.0,0.01
2010-11-27 06:30:00-06:00,2010,11,27,6,30,0.0,0.0,0.0,12.0,9.7,30.0,0.01
2010-11-27 07:30:00-06:00,2010,11,27,7,30,150.0,622.0,41.0,12.0,9.3,32.0,0.01
2010-11-27 08:30:00-06:00,2010,11,27,8,30,354.0,835.0,59.0,13.0,8.9,34.0,0.01
2010-11-27 09:30:00-06:00,2010,11,27,9,30,528.0,929.0,67.0,13.0,8.3,37.0,0.01
2010-11-27 10:30:00-06:00,2010,11,27,10,30,649.0,974.0,71.0,14.0,7.800000000000001,39.0,0.01
2010-11-27 11:30:00-06:00,2010,11,27,11,30,705.0,992.0,72.0,14.0,7.2,39.0,0.01
2010-11-27 12:30:00-06:00,2010,11,27,12,30,691.0,989.0,71.0,15.0,6.7,38.0,0.01
2010-11-27 13:30:00-06:00,2010,11,27,13,30,609.0,965.0,67.0,15.0,6.300000000000001,37.0,0.01
2010-11-27 14:30:00-06:00,2010,11,27,14,30,466.0,909.0,61.0,15.0,6.1000000000000005,36.0,0.01
2010-11-27 15:30:00-06:00,2010,11,27,15,30,278.0,793.0,50.0,15.0,6.0,36.0,0.01
2010-11-27 16:30:00-06:00,2010,11,27,16,30,76.0,497.0,27.0,15.0,5.9,36.0,0.01
2010-11-27 17:30:00-06:00,2010,11,27,17,30,0.0,0.0,0.0,15.0,5.9,38.0,0.01
2010-11-27 18:30:00-06:00,2010,11,27,18,30,0.0,0.0,0.0,15.0,6.0,40.0,0.01
2010-11-27 19:30:00-06:00,2010,11,27,19,30,0.0,0.0,0.0,15.0,6.0,43.0,0.01
2010-11-27 20:30:00-06:00,2010,11,27,20,30,0.0,0.0,0.0,15.0,6.0,48.0,0.01
2010-11-27 21:30:00-06:00,2010,11,27,21,30,0.0,0.0,0.0,15.0,5.9,53.0,0.01
2010-11-27 22:30:00-06:00,2010,11,27,22,30,0.0,0.0,0.0,15.0,5.800000000000001,54.0,0.01
2010-11-27 23:30:00-06:00,2010,11,27,23,30,0.0,0.0,0.0,15.0,5.9,58.0,0.01
2010-11-28 00:30:00-06:00,2010,11,28,0,30,0.0,0.0,0.0,15.0,5.9,63.0,0.01
2010-11-28 01:30:00-06:00,2010,11,28,1,30,0.0,0.0,0.0,15.0,5.6000000000000005,65.0,0.01
2010-11-28 02:30:00-06:00,2010,11,28,2,30,0.0,0.0,0.0,15.0,5.5,63.0,0.01
2010-11-28 03:30:00-06:00,2010,11,28,3,30,0.0,0.0,0.0,15.0,5.4,62.0,0.01
2010-11-28 04:30:00-06:00,2010,11,28,4,30,0.0,0.0,0.0,15.0,5.4,61.0,0.01
2010-11-28 05:30:00-06:00,2010,11,28,5,30,0.0,0.0,0.0,16.0,5.5,65.0,0.01
2010-11-28 06:30:00-06:00,2010,11,28,6,30,0.0,0.0,0.0,16.0,5.5,75.0,0.01
2010-11-28 07:30:00-06:00,2010,11,28,7,30,140.0,568.0,42.0,16.0,5.5,85.0,0.01
2010-11-28 08:30:00-06:00,2010,11,28,8,30,334.0,772.0,63.0,17.0,5.4,94.0,0.01
2010-11-28 09:30:00-06:00,2010,11,28,9,30,499.0,858.0,75.0,18.0,5.300000000000001,102.0,0.01
2010-11-28 10:30:00-06:00,2010,11,28,10,30,483.0,426.0,231.0,18.0,5.1000000000000005,107.0,0.01
2010-11-28 11:30:00-06:00,2010,11,28,11,30,215.0,8.0,209.0,19.0,4.9,112.0,0.01
2010-11-28 12:30:00-06:00,2010,11,28,12,30,211.0,8.0,206.0,19.0,4.6000000000000005,115.0,0.01
2010-11-28 13:30:00-06:00,2010,11,28,13,30,321.0,115.0,257.0,19.0,4.5,116.0,0.01
2010-11-28 14:30:00-06:00,2010,11,28,14,30,111.0,0.0,111.0,19.0,4.5,115.0,0.01
2010-11-28 15:30:00-06:00,2010,11,28,15,30,76.0,0.0,76.0,19.0,4.6000000000000005,110.0,0.01
2010-11-28 16:30:00-06:00,2010,11,28,16,30,25.0,0.0,25.0,19.0,4.9,105.0,0.01
2010-11-28 17:30:00-06:00,2010,11,28,17,30,0.0,0.0,0.0,19.0,5.4,104.0,0.01
2010-11-28 18:30:00-06:00,2010,11,28,18,30,0.0,0.0,0.0,19.0,6.1000000000000005,105.0,0.01
2010-11-28 19:30:00-06:00,2010,11,28,19,30,0.0,0.0,0.0,20.0,6.6000000000000005,109.0,0.01
2010-11-28 20:30:00-06:00,2010,11,28,20,30,0.0,0.0,0.0,20.0,6.9,113.0,0.01
2010-11-28 21:30:00-06:00,2010,11,28,21,30,0.0,0.0,0.0,20.0,6.9,117.0,0.01
2010-11-28 22:30:00-06:00,2010,11,28,22,30,0.0,0.0,0.0,20.0,6.800000000000001,119.0,0.01
2010-11-28 23:30:00-06:00,2010,11,28,23,30,0.0,0.0,0.0,21.0,6.7,122.0,0.01
2010-11-29 00:30:00-06:00,2010,11,29,0,30,0.0,0.0,0.0,21.0,6.7,124.0,0.01
2010-11-29 01:30:00-06:00,2010,11,29,1,30,0.0,0.0,0.0,21.0,6.9,126.0,0.01
2010-11-29 02:30:00-06:00,2010,11,29,2,30,0.0,0.0,0.0,21.0,7.1000000000000005,128.0,0.01
2010-11-29 03:30:00-06:00,2010,11,29,3,30,0.0,0.0,0.0,21.0,7.1000000000000005,131.0,0.01
2010-11-29 04:30:00-06:00,2010,11,29,4,30,0.0,0.0,0.0,21.0,7.0,133.0,0.01
2010-11-29 05:30:00-06:00,2010,11,29,5,30,0.0,0.0,0.0,21.0,7.0,136.0,0.01
2010-11-29 06:30:00-06:00,2010,11,29,6,30,0.0,0.0,0.0,22.0,6.9,138.0,0.01
2010-11-29 07:30:00-06:00,2010,11,29,7,30,117.0,377.0,53.0,22.0,6.7,141.0,0.01
2010-11-29 08:30:00-06:00,2010,11,29,8,30,300.0,633.0,80.0,22.0,6.5,145.0,0.01
2010-11-29 09:30:00-06:00,2010,11,29,9,30,461.0,753.0,92.0,22.0,6.4,154.0,0.01
2010-11-29 10:30:00-06:00,2010,11,29,10,30,575.0,817.0,95.0,22.0,6.2,160.0,0.01
2010-11-29 11:30:00-06:00,2010,11,29,11,30,631.0,847.0,94.0,22.0,6.0,164.0,0.01
2010-11-29 12:30:00-06:00,2010,11,29,12,30,619.0,847.0,92.0,22.0,6.0,164.0,0.01
2010-11-29 13:30:00-06:00,2010,11,29,13,30,543.0,813.0,89.0,22.0,6.1000000000000005,162.0,0.01
2010-11-29 14:30:00-06:00,2010,11,29,14,30,411.0,741.0,82.0,22.0,6.4,160.0,0.01
2010-11-29 15:30:00-06:00,2010,11,29,15,30,238.0,595.0,67.0,22.0,6.7,159.0,0.01
2010-11-29 16:30:00-06:00,2010,11,29,16,30,59.0,258.0,34.0,22.0,6.9,159.0,0.01
2010-11-29 17:30:00-06:00,2010,11,29,17,30,0.0,0.0,0.0,22.0,6.800000000000001,160.0,0.01
2010-11-29 18:30:00-06:00,2010,11,29,18,30,0.0,0.0,0.0,22.0,6.7,161.0,0.01
2010-11-29 19:30:00-06:00,2010,11,29,19,30,0.0,0.0,0.0,22.0,6.9,162.0,0.01
2010-11-29 20:30:00-06:00,2010,11,29,20,30,0.0,0.0,0.0,22.0,7.1000000000000005,161.0,0.01
2010-11-29 21:30:00-06:00,2010,11,29,21,30,0.0,0.0,0.0,22.0,7.300000000000001,161.0,0.01
2010-11-29 22:30:00-06:00,2010,11,29,22,30,0.0,0.0,0.0,22.0,7.300000000000001,162.0,0.01
2010-11-29 23:30:00-06:00,2010,11,29,23,30,0.0,0.0,0.0,22.0,7.0,163.0,0.01
2010-11-30 00:30:00-06:00,2010,11,30,0,30,0.0,0.0,0.0,22.0,6.6000000000000005,165.0,0.01
2010-11-30 01:30:00-06:00,2010,11,30,1,30,0.0,0.0,0.0,22.0,6.5,168.0,0.01
2010-11-30 02:30:00-06:00,2010,11,30,2,30,0.0,0.0,0.0,22.0,6.5,170.0,0.01
2010-11-30 03:30:00-06:00,2010,11,30,3,30,0.0,0.0,0.0,22.0,6.4,172.0,0.01
2010-11-30 04:30:00-06:00,2010,11,30,4,30,0.0,0.0,0.0,22.0,6.4,176.0,0.01
2010-11-30 05:30:00-06:00,2010,11,30,5,30,0.0,0.0,0.0,22.0,6.2,183.0,0.01
2010-11-30 06:30:00-06:00,2010,11,30,6,30,0.0,0.0,0.0,22.0,6.1000000000000005,190.0,0.01
2010-11-30 07:30:00-06:00,2010,11,30,7,30,7.0,0.0,7.0,22.0,6.300000000000001,202.0,0.01
2010-11-30 08:30:00-06:00,2010,11,30,8,30,194.0,147.0,143.0,21.0,6.2,222.0,0.01
2010-11-30 09:30:00-06:00,2010,11,30,9,30,59.0,0.0,59.0,18.0,8.0,270.0,0.01
2010-11-30 10:30:00-06:00,2010,11,30,10,30,109.0,0.0,109.0,16.0,10.8,311.0,0.01
2010-11-30 11:30:00-06:00,2010,11,30,11,30,199.0,5.0,195.0,15.0,11.8,326.0,0.01
2010-11-30 12:30:00-06:00,2010,11,30,12,30,121.0,0.0,121.0,15.0,11.3,329.0,0.01
2010-11-30 13:30:00-06:00,2010,11,30,13,30,43.0,0.0,43.0,15.0,10.7,330.0,0.01
2010-11-30 14:30:00-06:00,2010,11,30,14,30,117.0,0.0,117.0,15.0,10.1,332.0,0.01
2010-11-30 15:30:00-06:00,2010,11,30,15,30,118.0,32.0,109.0,14.0,9.5,332.0,0.01
2010-11-30 16:30:00-06:00,2010,11,30,16,30,30.0,0.0,30.0,14.0,9.3,327.0,0.01
2010-11-30 17:30:00-06:00,2010,11,30,17,30,0.0,0.0,0.0,13.0,9.5,322.0,0.01
2010-11-30 18:30:00-06:00,2010,11,30,18,30,0.0,0.0,0.0,19.0,8.3,292.0,0.01
2010-11-30 19:30:00-06:00,2010,11,30,19,30,0.0,0.0,0.0,17.0,10.3,312.0,0.01
2010-11-30 20:30:00-06:00,2010,11,30,20,30,0.0,0.0,0.0,15.0,10.7,323.0,0.01
2010-11-30 21:30:00-06:00,2010,11,30,21,30,0.0,0.0,0.0,15.0,10.3,328.0,0.01
2010-11-30 22:30:00-06:00,2010,11,30,22,30,0.0,0.0,0.0,15.0,10.1,333.0,0.01
2010-11-30 23:30:00-06:00,2010,11,30,23,30,0.0,0.0,0.0,15.0,9.8,337.0,0.01
2004-12-01 00:30:00-06:00,2004,12,1,0,30,0.0,0.0,0.0,15.0,9.5,340.0,0.01
2004-12-01 01:30:00-06:00,2004,12,1,1,30,0.0,0.0,0.0,14.0,9.1,342.0,0.01
2004-12-01 02:30:00-06:00,2004,12,1,2,30,0.0,0.0,0.0,14.0,8.9,344.0,0.01
2004-12-01 03:30:00-06:00,2004,12,1,3,30,0.0,0.0,0.0,14.0,8.8,346.0,0.01
2004-12-01 04:30:00-06:00,2004,12,1,4,30,0.0,0.0,0.0,13.0,8.8,350.0,0.01
2004-12-01 05:30:00-06:00,2004,12,1,5,30,0.0,0.0,0.0,13.0,8.8,356.0,0.01
2004-12-01 06:30:00-06:00,2004,12,1,6,30,0.0,0.0,0.0,12.0,8.8,2.0,0.01
2004-12-01 07:30:00-06:00,2004,12,1,7,30,56.0,0.0,55.0,12.0,8.700000000000001,9.0,0.01
2004-12-01 08:30:00-06:00,2004,12,1,8,30,242.0,357.0,120.0,13.0,8.3,16.0,0.01
2004-12-01 09:30:00-06:00,2004,12,1,9,30,403.0,507.0,158.0,13.0,8.0,23.0,0.01
2004-12-01 10:30:00-06:00,2004,12,1,10,30,518.0,597.0,171.0,13.0,7.6,28.0,0.01
2004-12-01 11:30:00-06:00,2004,12,1,11,30,538.0,487.0,232.0,14.0,7.1000000000000005,32.0,0.01
2004-12-01 12:30:00-06:00,2004,12,1,12,30,637.0,869.0,100.0,14.0,6.7,34.0,0.01
2004-12-01 13:30:00-06:00,2004,12,1,13,30,563.0,844.0,95.0,14.0,6.300000000000001,34.0,0.01
2004-12-01 14:30:00-06:00,2004,12,1,14,30,429.0,780.0,85.0,15.0,6.1000000000000005,33.0,0.01
2004-12-01 15:30:00-06:00,2004,12,1,15,30,242.0,646.0,58.0,15.0,6.0,33.0,0.01
2004-12-01 16:30:00-06:00,2004,12,1,16,30,63.0,320.0,32.0,15.0,6.0,34.0,0.01
2004-12-01 17:30:00-06:00,2004,12,1,17,30,0.0,0.0,0.0,15.0,6.0,37.0,0.01
2004-12-01 18:30:00-06:00,2004,12,1,18,30,0.0,0.0,0.0,15.0,6.1000000000000005,39.0,0.01
2004-12-01 19:30:00-06:00,2004,12,1,19,30,0.0,0.0,0.0,15.0,6.0,42.0,0.01
2004-12-01 20:30:00-06:00,2004,12,1,20,30,0.0,0.0,0.0,15.0,5.6000000000000005,47.0,0.01
2004-12-01 21:30:00-06:00,2004,12,1,21,30,0.0,0.0,0.0,15.0,5.1000000000000005,49.0,0.01
2004-12-01 22:30:00-06:00,2004,12,1,22,30,0.0,0.0,0.0,15.0,4.7,49.0,0.01
2004-12-01 23:30:00-06:00,2004,12,1,23,30,0.0,0.0,0.0,16.0,4.3,49.0,0.01
2004-12-02 00:30:00-06:00,2004,12,2,0,30,0.0,0.0,0.0,16.0,3.8,48.0,0.01
2004-12-02 01:30:00-06:00,2004,12,2,1,30,0.0,0.0,0.0,16.0,3.3000000000000003,49.0,0.01
2004-12-02 02:30:00-06:00,2004,12,2,2,30,0.0,0.0,0.0,16.0,2.9000000000000004,47.0,0.01
2004-12-02 03:30:00-06:00,2004,12,2,3,30,0.0,0.0,0.0,16.0,2.7,39.0,0.01
2004-12-02 04:30:00-06:00,2004,12,2,4,30,0.0,0.0,0.0,16.0,2.7,23.0,0.01
2004-12-02 05:30:00-06:00,2004,12,2,5,30,0.0,0.0,0.0,16.0,2.9000000000000004,9.0,0.01
2004-12-02 06:30:00-06:00,2004,12,2,6,30,0.0,0.0,0.0,16.0,3.1,4.0,0.01
2004-12-02 07:30:00-06:00,2004,12,2,7,30,27.0,0.0,27.0,16.0,3.3000000000000003,3.0,0.01
2004-12-02 08:30:00-06:00,2004,12,2,8,30,72.0,0.0,72.0,16.0,3.4000000000000004,358.0,0.01
2004-12-02 09:30:00-06:00,2004,12,2,9,30,214.0,39.0,195.0,16.0,3.5,354.0,0.01
2004-12-02 10:30:00-06:00,2004,12,2,10,30,256.0,35.0,236.0,16.0,3.9,349.0,0.01
2004-12-02 11:30:00-06:00,2004,12,2,11,30,511.0,410.0,255.0,16.0,4.2,344.0,0.01
2004-12-02 12:30:00-06:00,2004,12,2,12,30,535.0,519.0,215.0,17.0,4.4,342.0,0.01
2004-12-02 13:30:00-06:00,2004,12,2,13,30,379.0,233.0,249.0,17.0,4.3,342.0,0.01
2004-12-02 14:30:00-06:00,2004,12,2,14,30,219.0,73.0,187.0,17.0,4.1000000000000005,344.0,0.01
2004-12-02 15:30:00-06:00,2004,12,2,15,30,134.0,72.0,113.0,17.0,4.0,346.0,0.01
2004-12-02 16:30:00-06:00,2004,12,2,16,30,46.0,121.0,34.0,17.0,4.1000000000000005,346.0,0.01
2004-12-02 17:30:00-06:00,2004,12,2,17,30,0.0,0.0,0.0,17.0,4.3,349.0,0.01
2004-12-02 18:30:00-06:00,2004,12,2,18,30,0.0,0.0,0.0,16.0,4.4,354.0,0.01
2004-12-02 19:30:00-06:00,2004,12,2,19,30,0.0,0.0,0.0,16.0,4.6000000000000005,358.0,0.01
2004-12-02 20:30:00-06:00,2004,12,2,20,30,0.0,0.0,0.0,16.0,4.7,2.0,0.01
2004-12-02 21:30:00-06:00,2004,12,2,21,30,0.0,0.0,0.0,16.0,4.7,6.0,0.01
2004-12-02 22:30:00-06:00,2004,12,2,22,30,0.0,0.0,0.0,16.0,4.7,9.0,0.01
2004-12-02 23:30:00-06:00,2004,12,2,23,30,0.0,0.0,0.0,16.0,4.800000000000001,13.0,0.01
2004-12-03 00:30:00-06:00,2004,12,3,0,30,0.0,0.0,0.0,15.0,4.800000000000001,17.0,0.01
2004-12-03 01:30:00-06:00,2004,12,3,1,30,0.0,0.0,0.0,15.0,4.800000000000001,21.0,0.01
2004-12-03 02:30:00-06:00,2004,12,3,2,30,0.0,0.0,0.0,15.0,4.800000000000001,25.0,0.01
2004-12-03 03:30:00-06:00,2004,12,3,3,30,0.0,0.0,0.0,15.0,5.0,28.0,0.01
2004-12-03 04:30:00-06:00,2004,12,3,4,30,0.0,0.0,0.0,15.0,5.2,32.0,0.01
2004-12-03 05:30:00-06:00,2004,12,3,5,30,0.0,0.0,0.0,15.0,5.5,35.0,0.01
2004-12-03 06:30:00-06:00,2004,12,3,6,30,0.0,0.0,0.0,16.0,5.6000000000000005,40.0,0.01
2004-12-03 07:30:00-06:00,2004,12,3,7,30,58.0,18.0,55.0,16.0,5.7,46.0,0.01
2004-12-03 08:30:00-06:00,2004,12,3,8,30,138.0,28.0,128.0,16.0,5.5,52.0,0.01
2004-12-03 09:30:00-06:00,2004,12,3,9,30,235.0,65.0,204.0,17.0,5.1000000000000005,57.0,0.01
2004-12-03 10:30:00-06:00,2004,12,3,10,30,279.0,53.0,248.0,17.0,4.800000000000001,66.0,0.01
2004-12-03 11:30:00-06:00,2004,12,3,11,30,470.0,307.0,278.0,17.0,4.3,71.0,0.01
2004-12-03 12:30:00-06:00,2004,12,3,12,30,381.0,147.0,291.0,17.0,3.8,68.0,0.01
2004-12-03 13:30:00-06:00,2004,12,3,13,30,254.0,43.0,230.0,17.0,4.1000000000000005,45.0,0.01
2004-12-03 14:30:00-06:00,2004,12,3,14,30,41.0,0.0,41.0,17.0,4.4,24.0,0.01
2004-12-03 15:30:00-06:00,2004,12,3,15,30,72.0,0.0,72.0,16.0,4.4,22.0,0.01
2004-12-03 16:30:00-06:00,2004,12,3,16,30,25.0,0.0,25.0,16.0,4.2,26.0,0.01
2004-12-03 17:30:00-06:00,2004,12,3,17,30,0.0,0.0,0.0,16.0,3.9,47.0,0.01
2004-12-03 18:30:00-06:00,2004,12,3,18,30,0.0,0.0,0.0,16.0,3.6,80.0,0.01
2004-12-03 19:30:00-06:00,2004,12,3,19,30,0.0,0.0,0.0,16.0,2.8000000000000003,94.0,0.01
2004-12-03 20:30:00-06:00,2004,12,3,20,30,0.0,0.0,0.0,16.0,2.0,89.0,0.01
2004-12-03 21:30:00-06:00,2004,12,3,21,30,0.0,0.0,0.0,16.0,1.6,72.0,0.01
2004-12-03 22:30:00-06:00,2004,12,3,22,30,0.0,0.0,0.0,16.0,1.6,58.0,0.01
2004-12-03 23:30:00-06:00,2004,12,3,23,30,0.0,0.0,0.0,16.0,2.2,29.0,0.01
2004-12-04 00:30:00-06:00,2004,12,4,0,30,0.0,0.0,0.0,16.0,3.2,12.0,0.01
2004-12-04 01:30:00-06:00,2004,12,4,1,30,0.0,0.0,0.0,16.0,4.4,4.0,0.01
2004-12-04 02:30:00-06:00,2004,12,4,2,30,0.0,0.0,0.0,16.0,5.2,1.0,0.01
2004-12-04 03:30:00-06:00,2004,12,4,3,30,0.0,0.0,0.0,15.0,5.2,8.0,0.01
2004-12-04 04:30:00-06:00,2004,12,4,4,30,0.0,0.0,0.0,15.0,4.9,17.0,0.01
2004-12-04 05:30:00-06:00,2004,12,4,5,30,0.0,0.0,0.0,15.0,4.5,28.0,0.01
2004-12-04 06:30:00-06:00,2004,12,4,6,30,0.0,0.0,0.0,16.0,4.1000000000000005,41.0,0.01
2004-12-04 07:30:00-06:00,2004,12,4,7,30,50.0,0.0,50.0,16.0,4.2,53.0,0.01
2004-12-04 08:30:00-06:00,2004,12,4,8,30,181.0,131.0,137.0,16.0,4.4,60.0,0.01
2004-12-04 09:30:00-06:00,2004,12,4,9,30,143.0,0.0,143.0,17.0,4.4,62.0,0.01
2004-12-04 10:30:00-06:00,2004,12,4,10,30,139.0,0.0,139.0,17.0,4.3,64.0,0.01
2004-12-04 11:30:00-06:00,2004,12,4,11,30,268.0,30.0,249.0,17.0,4.2,68.0,0.01
2004-12-04 12:30:00-06:00,2004,12,4,12,30,197.0,5.0,194.0,18.0,4.2,70.0,0.01
2004-12-04 13:30:00-06:00,2004,12,4,13,30,103.0,0.0,103.0,18.0,4.2,67.0,0.01
2004-12-04 14:30:00-06:00,2004,12,4,14,30,185.0,30.0,172.0,18.0,4.2,65.0,0.01
2004-12-04 15:30:00-06:00,2004,12,4,15,30,188.0,304.0,102.0,18.0,4.3,68.0,0.01
2004-12-04 16:30:00-06:00,2004,12,4,16,30,39.0,51.0,34.0,19.0,4.4,74.0,0.01
2004-12-04 17:30:00-06:00,2004,12,4,17,30,0.0,0.0,0.0,19.0,4.3,80.0,0.01
2004-12-04 18:30:00-06:00,2004,12,4,18,30,0.0,0.0,0.0,19.0,4.1000000000000005,85.0,0.01
2004-12-04 19:30:00-06:00,2004,12,4,19,30,0.0,0.0,0.0,19.0,4.0,94.0,0.01
2004-12-04 20:30:00-06:00,2004,12,4,20,30,0.0,0.0,0.0,20.0,4.0,108.0,0.01
2004-12-04 21:30:00-06:00,2004,12,4,21,30,0.0,0.0,0.0,20.0,4.0,122.0,0.01
2004-12-04 22:30:00-06:00,2004,12,4,22,30,0.0,0.0,0.0,20.0,4.0,136.0,0.01
2004-12-04 23:30:00-06:00,2004,12,4,23,30,0.0,0.0,0.0,21.0,4.3,150.0,0.01
2004-12-05 00:30:00-06:00,2004,12,5,0,30,0.0,0.0,0.0,21.0,4.4,162.0,0.01
2004-12-05 01:30:00-06:00,2004,12,5,1,30,0.0,0.0,0.0,21.0,4.3,166.0,0.01
2004-12-05 02:30:00-06:00,2004,12,5,2,30,0.0,0.0,0.0,21.0,4.0,168.0,0.01
2004-12-05 03:30:00-06:00,2004,12,5,3,30,0.0,0.0,0.0,21.0,3.8,169.0,0.01
2004-12-05 04:30:00-06:00,2004,12,5,4,30,0.0,0.0,0.0,21.0,3.7,168.0,0.01
2004-12-05 05:30:00-06:00,2004,12,5,5,30,0.0,0.0,0.0,21.0,3.9,163.0,0.01
2004-12-05 06:30:00-06:00,2004,12,5,6,30,0.0,0.0,0.0,21.0,4.2,157.0,0.01
2004-12-05 07:30:00-06:00,2004,12,5,7,30,33.0,0.0,33.0,21.0,4.5,155.0,0.01
2004-12-05 08:30:00-06:00,2004,12,5,8,30,148.0,51.0,131.0,21.0,4.5,154.0,0.01
2004-12-05 09:30:00-06:00,2004,12,5,9,30,281.0,148.0,210.0,22.0,4.4,154.0,0.01
2004-12-05 10:30:00-06:00,2004,12,5,10,30,405.0,257.0,258.0,22.0,4.3,154.0,0.01
2004-12-05 11:30:00-06:00,2004,12,5,11,30,471.0,317.0,275.0,22.0,4.5,153.0,0.01
2004-12-05 12:30:00-06:00,2004,12,5,12,30,316.0,68.0,274.0,22.0,4.6000000000000005,153.0,0.01
2004-12-05 13:30:00-06:00,2004,12,5,13,30,404.0,302.0,238.0,22.0,4.800000000000001,156.0,0.01
2004-12-05 14:30:00-06:00,2004,12,5,14,30,235.0,103.0,190.0,22.0,4.9,157.0,0.01
2004-12-05 15:30:00-06:00,2004,12,5,15,30,212.0,447.0,85.0,22.0,4.9,158.0,0.01
2004-12-05 16:30:00-06:00,2004,12,5,16,30,42.0,71.0,35.0,22.0,4.9,160.0,0.01
2004-12-05 17:30:00-06:00,2004,12,5,17,30,0.0,0.0,0.0,22.0,5.0,163.0,0.01
2004-12-05 18:30:00-06:00,2004,12,5,18,30,0.0,0.0,0.0,22.0,5.300000000000001,166.0,0.01
2004-12-05 19:30:00-06:00,2004,12,5,19,30,0.0,0.0,0.0,22.0,5.6000000000000005,166.0,0.01
2004-12-05 20:30:00-06:00,2004,12,5,20,30,0.0,0.0,0.0,22.0,5.7,165.0,0.01
2004-12-05 21:30:00-06:00,2004,12,5,21,30,0.0,0.0,0.0,22.0,5.7,166.0,0.01
2004-12-05 22:30:00-06:00,2004,12,5,22,30,0.0,0.0,0.0,22.0,5.6000000000000005,163.0,0.01
2004-12-05 23:30:00-06:00,2004,12,5,23,30,0.0,0.0,0.0,22.0,5.2,161.0,0.01
2004-12-06 00:30:00-06:00,2004,12,6,0,30,0.0,0.0,0.0,22.0,4.5,169.0,0.01
2004-12-06 01:30:00-06:00,2004,12,6,1,30,0.0,0.0,0.0,22.0,3.9,176.0,0.01
2004-12-06 02:30:00-06:00,2004,12,6,2,30,0.0,0.0,0.0,22.0,3.6,181.0,0.01
2004-12-06 03:30:00-06:00,2004,12,6,3,30,0.0,0.0,0.0,22.0,3.5,184.0,0.01
2004-12-06 04:30:00-06:00,2004,12,6,4,30,0.0,0.0,0.0,22.0,3.6,180.0,0.01
2004-12-06 05:30:00-06:00,2004,12,6,5,30,0.0,0.0,0.0,22.0,3.9,175.0,0.01
2004-12-06 06:30:00-06:00,2004,12,6,6,30,0.0,0.0,0.0,22.0,4.3,171.0,0.01
2004-12-06 07:30:00-06:00,2004,12,6,7,30,74.0,136.0,53.0,22.0,4.5,169.0,0.01
2004-12-06 08:30:00-06:00,2004,12,6,8,30,211.0,258.0,127.0,22.0,4.5,171.0,0.01
2004-12-06 09:30:00-06:00,2004,12,6,9,30,295.0,186.0,208.0,22.0,4.3,172.0,0.01
2004-12-06 10:30:00-06:00,2004,12,6,10,30,430.0,324.0,245.0,22.0,4.3,174.0,0.01
2004-12-06 11:30:00-06:00,2004,12,6,11,30,478.0,338.0,269.0,22.0,4.3,175.0,0.01
2004-12-06 12:30:00-06:00,2004,12,6,12,30,467.0,327.0,267.0,22.0,4.3,175.0,0.01
2004-12-06 13:30:00-06:00,2004,12,6,13,30,456.0,465.0,201.0,22.0,4.2,174.0,0.01
2004-12-06 14:30:00-06:00,2004,12,6,14,30,306.0,291.0,178.0,22.0,4.2,170.0,0.01
2004-12-06 15:30:00-06:00,2004,12,6,15,30,167.0,198.0,111.0,22.0,4.2,164.0,0.01
2004-12-06 16:30:00-06:00,2004,12,6,16,30,52.0,146.0,37.0,22.0,4.1000000000000005,159.0,0.01
2004-12-06 17:30:00-06:00,2004,12,6,17,30,0.0,0.0,0.0,22.0,4.0,158.0,0.01
2004-12-06 18:30:00-06:00,2004,12,6,18,30,0.0,0.0,0.0,22.0,4.0,160.0,0.01
2004-12-06 19:30:00-06:00,2004,12,6,19,30,0.0,0.0,0.0,22.0,4.5,164.0,0.01
2004-12-06 20:30:00-06:00,2004,12,6,20,30,0.0,0.0,0.0,22.0,5.1000000000000005,169.0,0.01
2004-12-06 21:30:00-06:00,2004,12,6,21,30,0.0,0.0,0.0,22.0,5.5,172.0,0.01
2004-12-06 22:30:00-06:00,2004,12,6,22,30,0.0,0.0,0.0,22.0,5.6000000000000005,172.0,0.01
2004-12-06 23:30:00-06:00,2004,12,6,23,30,0.0,0.0,0.0,22.0,5.6000000000000005,173.0,0.01
2004-12-07 00:30:00-06:00,2004,12,7,0,30,0.0,0.0,0.0,22.0,5.4,176.0,0.01
2004-12-07 01:30:00-06:00,2004,12,7,1,30,0.0,0.0,0.0,22.0,5.1000000000000005,179.0,0.01
2004-12-07 02:30:00-06:00,2004,12,7,2,30,0.0,0.0,0.0,21.0,4.800000000000001,184.0,0.01
2004-12-07 03:30:00-06:00,2004,12,7,3,30,0.0,0.0,0.0,21.0,4.5,192.0,0.01
2004-12-07 04:30:00-06:00,2004,12,7,4,30,0.0,0.0,0.0,21.0,4.6000000000000005,198.0,0.01
2004-12-07 05:30:00-06:00,2004,12,7,5,30,0.0,0.0,0.0,21.0,4.800000000000001,197.0,0.01
2004-12-07 06:30:00-06:00,2004,12,7,6,30,0.0,0.0,0.0,21.0,5.2,198.0,0.01
2004-12-07 07:30:00-06:00,2004,12,7,7,30,8.0,0.0,8.0,22.0,5.4,202.0,0.01
2004-12-07 08:30:00-06:00,2004,12,7,8,30,51.0,0.0,51.0,22.0,5.4,206.0,0.01
2004-12-07 09:30:00-06:00,2004,12,7,9,30,158.0,2.0,156.0,22.0,5.1000000000000005,209.0,0.01
2004-12-07 10:30:00-06:00,2004,12,7,10,30,392.0,234.0,259.0,22.0,4.800000000000001,214.0,0.01
2004-12-07 11:30:00-06:00,2004,12,7,11,30,182.0,2.0,181.0,21.0,4.4,221.0,0.01
2004-12-07 12:30:00-06:00,2004,12,7,12,30,224.0,13.0,216.0,21.0,3.8,229.0,0.01
2004-12-07 13:30:00-06:00,2004,12,7,13,30,96.0,0.0,96.0,21.0,3.4000000000000004,238.0,0.01
2004-12-07 14:30:00-06:00,2004,12,7,14,30,183.0,28.0,171.0,21.0,2.9000000000000004,246.0,0.01
2004-12-07 15:30:00-06:00,2004,12,7,15,30,222.0,474.0,88.0,21.0,2.4000000000000004,254.0,0.01
2004-12-07 16:30:00-06:00,2004,12,7,16,30,56.0,192.0,37.0,20.0,2.0,262.0,0.01
2004-12-07 17:30:00-06:00,2004,12,7,17,30,0.0,0.0,0.0,20.0,1.8,276.0,0.01
2004-12-07 18:30:00-06:00,2004,12,7,18,30,0.0,0.0,0.0,20.0,1.8,297.0,0.01
2004-12-07 19:30:00-06:00,2004,12,7,19,30,0.0,0.0,0.0,20.0,1.7000000000000002,321.0,0.01
2004-12-07 20:30:00-06:00,2004,12,7,20,30,0.0,0.0,0.0,20.0,1.7000000000000002,345.0,0.01
2004-12-07 21:30:00-06:00,2004,12,7,21,30,0.0,0.0,0.0,19.0,1.7000000000000002,4.0,0.01
2004-12-07 22:30:00-06:00,2004,12,7,22,30,0.0,0.0,0.0,19.0,2.0,17.0,0.01
2004-12-07 23:30:00-06:00,2004,12,7,23,30,0.0,0.0,0.0,19.0,2.5,25.0,0.01
2004-12-08 00:30:00-06:00,2004,12,8,0,30,0.0,0.0,0.0,19.0,3.1,29.0,0.01
2004-12-08 01:30:00-06:00,2004,12,8,1,30,0.0,0.0,0.0,19.0,3.8,32.0,0.01
2004-12-08 02:30:00-06:00,2004,12,8,2,30,0.0,0.0,0.0,19.0,4.4,35.0,0.01
2004-12-08 03:30:00-06:00,2004,12,8,3,30,0.0,0.0,0.0,19.0,4.800000000000001,39.0,0.01
2004-12-08 04:30:00-06:00,2004,12,8,4,30,0.0,0.0,0.0,19.0,4.9,46.0,0.01
2004-12-08 05:30:00-06:00,2004,12,8,5,30,0.0,0.0,0.0,19.0,4.9,54.0,0.01
2004-12-08 06:30:00-06:00,2004,12,8,6,30,0.0,0.0,0.0,19.0,4.7,60.0,0.01
2004-12-08 07:30:00-06:00,2004,12,8,7,30,98.0,374.0,44.0,19.0,4.4,68.0,0.01
2004-12-08 08:30:00-06:00,2004,12,8,8,30,217.0,304.0,119.0,20.0,4.3,79.0,0.01
2004-12-08 09:30:00-06:00,2004,12,8,9,30,203.0,34.0,186.0,20.0,4.4,92.0,0.01
2004-12-08 10:30:00-06:00,2004,12,8,10,30,414.0,291.0,249.0,21.0,4.3,103.0,0.01
2004-12-08 11:30:00-06:00,2004,12,8,11,30,289.0,45.0,261.0,21.0,3.8,111.0,0.01
2004-12-08 12:30:00-06:00,2004,12,8,12,30,360.0,121.0,286.0,21.0,3.2,118.0,0.01
2004-12-08 13:30:00-06:00,2004,12,8,13,30,207.0,14.0,199.0,21.0,2.8000000000000003,125.0,0.01
2004-12-08 14:30:00-06:00,2004,12,8,14,30,396.0,696.0,92.0,21.0,2.6,136.0,0.01
2004-12-08 15:30:00-06:00,2004,12,8,15,30,156.0,151.0,113.0,21.0,2.7,142.0,0.01
2004-12-08 16:30:00-06:00,2004,12,8,16,30,40.0,54.0,34.0,21.0,2.9000000000000004,146.0,0.01
2004-12-08 17:30:00-06:00,2004,12,8,17,30,0.0,0.0,0.0,21.0,3.1,147.0,0.01
2004-12-08 18:30:00-06:00,2004,12,8,18,30,0.0,0.0,0.0,21.0,3.5,146.0,0.01
2004-12-08 19:30:00-06:00,2004,12,8,19,30,0.0,0.0,0.0,21.0,3.9,145.0,0.01
2004-12-08 20:30:00-06:00,2004,12,8,20,30,0.0,0.0,0.0,21.0,4.4,148.0,0.01
2004-12-08 21:30:00-06:00,2004,12,8,21,30,0.0,0.0,0.0,21.0,4.7,152.0,0.01
2004-12-08 22:30:00-06:00,2004,12,8,22,30,0.0,0.0,0.0,21.0,5.0,156.0,0.01
2004-12-08 23:30:00-06:00,2004,12,8,23,30,0.0,0.0,0.0,22.0,5.300000000000001,159.0,0.01
2004-12-09 00:30:00-06:00,2004,12,9,0,30,0.0,0.0,0.0,22.0,5.5,161.0,0.01
2004-12-09 01:30:00-06:00,2004,12,9,1,30,0.0,0.0,0.0,22.0,5.6000000000000005,165.0,0.01
2004-12-09 02:30:00-06:00,2004,12,9,2,30,0.0,0.0,0.0,22.0,5.6000000000000005,170.0,0.01
2004-12-09 03:30:00-06:00,2004,12,9,3,30,0.0,0.0,0.0,22.0,5.6000000000000005,174.0,0.01
2004-12-09 04:30:00-06:00,2004,12,9,4,30,0.0,0.0,0.0,22.0,5.800000000000001,181.0,0.01
2004-12-09 05:30:00-06:00,2004,12,9,5,30,0.0,0.0,0.0,22.0,6.1000000000000005,187.0,0.01
2004-12-09 06:30:00-06:00,2004,12,9,6,30,0.0,0.0,0.0,22.0,6.7,191.0,0.01
2004-12-09 07:30:00-06:00,2004,12,9,7,30,5.0,0.0,5.0,22.0,7.4,196.0,0.01
2004-12-09 08:30:00-06:00,2004,12,9,8,30,11.0,0.0,11.0,22.0,7.5,200.0,0.01
2004-12-09 09:30:00-06:00,2004,12,9,9,30,62.0,0.0,62.0,22.0,7.300000000000001,202.0,0.01
2004-12-09 10:30:00-06:00,2004,12,9,10,30,32.0,0.0,32.0,22.0,7.2,205.0,0.01
2004-12-09 11:30:00-06:00,2004,12,9,11,30,91.0,0.0,91.0,22.0,6.9,211.0,0.01
2004-12-09 12:30:00-06:00,2004,12,9,12,30,235.0,17.0,225.0,22.0,6.300000000000001,215.0,0.01
2004-12-09 13:30:00-06:00,2004,12,9,13,30,460.0,485.0,195.0,22.0,5.9,218.0,0.01
2004-12-09 14:30:00-06:00,2004,12,9,14,30,242.0,118.0,191.0,21.0,5.6000000000000005,223.0,0.01
2004-12-09 15:30:00-06:00,2004,12,9,15,30,178.0,221.0,116.0,21.0,5.300000000000001,228.0,0.01
2004-12-09 16:30:00-06:00,2004,12,9,16,30,56.0,185.0,38.0,21.0,5.0,233.0,0.01
2004-12-09 17:30:00-06:00,2004,12,9,17,30,0.0,0.0,0.0,21.0,4.800000000000001,237.0,0.01
2004-12-09 18:30:00-06:00,2004,12,9,18,30,0.0,0.0,0.0,21.0,4.7,238.0,0.01
2004-12-09 19:30:00-06:00,2004,12,9,19,30,0.0,0.0,0.0,21.0,4.800000000000001,236.0,0.01
2004-12-09 20:30:00-06:00,2004,12,9,20,30,0.0,0.0,0.0,21.0,5.1000000000000005,234.0,0.01
2004-12-09 21:30:00-06:00,2004,12,9,21,30,0.0,0.0,0.0,21.0,5.4,235.0,0.01
2004-12-09 22:30:00-06:00,2004,12,9,22,30,0.0,0.0,0.0,21.0,5.9,236.0,0.01
2004-12-09 23:30:00-06:00,2004,12,9,23,30,0.0,0.0,0.0,21.0,6.300000000000001,242.0,0.01
2004-12-10 00:30:00-06:00,2004,12,10,0,30,0.0,0.0,0.0,21.0,6.7,248.0,0.01
2004-12-10 01:30:00-06:00,2004,12,10,1,30,0.0,0.0,0.0,21.0,7.300000000000001,255.0,0.01
2004-12-10 02:30:00-06:00,2004,12,10,2,30,0.0,0.0,0.0,21.0,7.9,264.0,0.01
2004-12-10 03:30:00-06:00,2004,12,10,3,30,0.0,0.0,0.0,20.0,8.200000000000001,275.0,0.01
2004-12-10 04:30:00-06:00,2004,12,10,4,30,0.0,0.0,0.0,19.0,7.9,290.0,0.01
2004-12-10 05:30:00-06:00,2004,12,10,5,30,0.0,0.0,0.0,19.0,7.2,301.0,0.01
2004-12-10 06:30:00-06:00,2004,12,10,6,30,0.0,0.0,0.0,19.0,6.5,308.0,0.01
2004-12-10 07:30:00-06:00,2004,12,10,7,30,111.0,557.0,34.0,19.0,6.300000000000001,307.0,0.01
2004-12-10 08:30:00-06:00,2004,12,10,8,30,304.0,791.0,53.0,19.0,6.5,304.0,0.01
2004-12-10 09:30:00-06:00,2004,12,10,9,30,473.0,890.0,62.0,19.0,6.9,303.0,0.01
2004-12-10 10:30:00-06:00,2004,12,10,10,30,594.0,939.0,66.0,20.0,7.5,302.0,0.01
2004-12-10 11:30:00-06:00,2004,12,10,11,30,654.0,959.0,68.0,20.0,8.1,302.0,0.01
2004-12-10 12:30:00-06:00,2004,12,10,12,30,647.0,951.0,70.0,20.0,8.5,305.0,0.01
2004-12-10 13:30:00-06:00,2004,12,10,13,30,575.0,927.0,68.0,20.0,8.700000000000001,308.0,0.01
2004-12-10 14:30:00-06:00,2004,12,10,14,30,444.0,874.0,63.0,20.0,8.9,308.0,0.01
2004-12-10 15:30:00-06:00,2004,12,10,15,30,268.0,763.0,51.0,19.0,9.2,308.0,0.01
2004-12-10 16:30:00-06:00,2004,12,10,16,30,75.0,475.0,28.0,19.0,9.4,308.0,0.01
2004-12-10 17:30:00-06:00,2004,12,10,17,30,0.0,0.0,0.0,18.0,9.5,309.0,0.01
2004-12-10 18:30:00-06:00,2004,12,10,18,30,0.0,0.0,0.0,18.0,9.6,310.0,0.01
2004-12-10 19:30:00-06:00,2004,12,10,19,30,0.0,0.0,0.0,18.0,10.0,310.0,0.01
2004-12-10 20:30:00-06:00,2004,12,10,20,30,0.0,0.0,0.0,17.0,10.3,312.0,0.01
2004-12-10 21:30:00-06:00,2004,12,10,21,30,0.0,0.0,0.0,17.0,10.4,313.0,0.01
2004-12-10 22:30:00-06:00,2004,12,10,22,30,0.0,0.0,0.0,16.0,10.3,312.0,0.01
2004-12-10 23:30:00-06:00,2004,12,10,23,30,0.0,0.0,0.0,16.0,10.2,313.0,0.01
2004-12-11 00:30:00-06:00,2004,12,11,0,30,0.0,0.0,0.0,16.0,10.1,314.0,0.01
2004-12-11 01:30:00-06:00,2004,12,11,1,30,0.0,0.0,0.0,15.0,9.8,315.0,0.01
2004-12-11 02:30:00-06:00,2004,12,11,2,30,0.0,0.0,0.0,15.0,9.5,317.0,0.01
2004-12-11 03:30:00-06:00,2004,12,11,3,30,0.0,0.0,0.0,14.0,9.2,318.0,0.01
2004-12-11 04:30:00-06:00,2004,12,11,4,30,0.0,0.0,0.0,14.0,9.0,320.0,0.01
2004-12-11 05:30:00-06:00,2004,12,11,5,30,0.0,0.0,0.0,14.0,8.700000000000001,323.0,0.01
2004-12-11 06:30:00-06:00,2004,12,11,6,30,0.0,0.0,0.0,13.0,8.3,324.0,0.01
2004-12-11 07:30:00-06:00,2004,12,11,7,30,110.0,561.0,34.0,13.0,8.0,325.0,0.01
2004-12-11 08:30:00-06:00,2004,12,11,8,30,233.0,413.0,102.0,13.0,7.7,323.0,0.01
2004-12-11 09:30:00-06:00,2004,12,11,9,30,476.0,888.0,67.0,13.0,7.5,322.0,0.01
2004-12-11 10:30:00-06:00,2004,12,11,10,30,598.0,933.0,75.0,14.0,7.4,319.0,0.01
2004-12-11 11:30:00-06:00,2004,12,11,11,30,659.0,951.0,78.0,14.0,7.300000000000001,316.0,0.01
2004-12-11 12:30:00-06:00,2004,12,11,12,30,652.0,950.0,77.0,14.0,7.300000000000001,312.0,0.01
2004-12-11 13:30:00-06:00,2004,12,11,13,30,579.0,926.0,73.0,14.0,7.2,312.0,0.01
2004-12-11 14:30:00-06:00,2004,12,11,14,30,446.0,871.0,66.0,15.0,7.0,313.0,0.01
2004-12-11 15:30:00-06:00,2004,12,11,15,30,268.0,754.0,53.0,15.0,6.9,314.0,0.01
2004-12-11 16:30:00-06:00,2004,12,11,16,30,75.0,458.0,29.0,15.0,6.7,317.0,0.01
2004-12-11 17:30:00-06:00,2004,12,11,17,30,0.0,0.0,0.0,15.0,6.5,320.0,0.01
2004-12-11 18:30:00-06:00,2004,12,11,18,30,0.0,0.0,0.0,14.0,6.2,324.0,0.01
2004-12-11 19:30:00-06:00,2004,12,11,19,30,0.0,0.0,0.0,14.0,5.7,329.0,0.01
2004-12-11 20:30:00-06:00,2004,12,11,20,30,0.0,0.0,0.0,14.0,5.2,335.0,0.01
2004-12-11 21:30:00-06:00,2004,12,11,21,30,0.0,0.0,0.0,14.0,4.6000000000000005,342.0,0.01
2004-12-11 22:30:00-06:00,2004,12,11,22,30,0.0,0.0,0.0,14.0,4.1000000000000005,349.0,0.01
2004-12-11 23:30:00-06:00,2004,12,11,23,30,0.0,0.0,0.0,13.0,3.7,356.0,0.01
2004-12-12 00:30:00-06:00,2004,12,12,0,30,0.0,0.0,0.0,13.0,3.5,0.0,0.01
2004-12-12 01:30:00-06:00,2004,12,12,1,30,0.0,0.0,0.0,13.0,3.2,3.0,0.01
2004-12-12 02:30:00-06:00,2004,12,12,2,30,0.0,0.0,0.0,13.0,3.0,5.0,0.01
2004-12-12 03:30:00-06:00,2004,12,12,3,30,0.0,0.0,0.0,13.0,2.6,6.0,0.01
2004-12-12 04:30:00-06:00,2004,12,12,4,30,0.0,0.0,0.0,13.0,2.1,12.0,0.01
2004-12-12 05:30:00-06:00,2004,12,12,5,30,0.0,0.0,0.0,13.0,1.8,25.0,0.01
2004-12-12 06:30:00-06:00,2004,12,12,6,30,0.0,0.0,0.0,14.0,1.7000000000000002,50.0,0.01
2004-12-12 07:30:00-06:00,2004,12,12,7,30,104.0,540.0,32.0,14.0,1.8,87.0,0.01
2004-12-12 08:30:00-06:00,2004,12,12,8,30,295.0,778.0,51.0,15.0,2.2,124.0,0.01
2004-12-12 09:30:00-06:00,2004,12,12,9,30,464.0,877.0,62.0,16.0,2.5,150.0,0.01
2004-12-12 10:30:00-06:00,2004,12,12,10,30,585.0,924.0,68.0,17.0,2.9000000000000004,167.0,0.01
2004-12-12 11:30:00-06:00,2004,12,12,11,30,645.0,942.0,71.0,17.0,3.2,180.0,0.01
2004-12-12 12:30:00-06:00,2004,12,12,12,30,639.0,940.0,71.0,18.0,3.5,189.0,0.01
2004-12-12 13:30:00-06:00,2004,12,12,13,30,567.0,916.0,68.0,18.0,3.7,197.0,0.01
2004-12-12 14:30:00-06:00,2004,12,12,14,30,437.0,861.0,61.0,18.0,3.9,203.0,0.01
2004-12-12 15:30:00-06:00,2004,12,12,15,30,262.0,748.0,49.0,19.0,4.1000000000000005,209.0,0.01
2004-12-12 16:30:00-06:00,2004,12,12,16,30,74.0,464.0,27.0,19.0,4.3,214.0,0.01
2004-12-12 17:30:00-06:00,2004,12,12,17,30,0.0,0.0,0.0,19.0,4.5,216.0,0.01
2004-12-12 18:30:00-06:00,2004,12,12,18,30,0.0,0.0,0.0,19.0,4.6000000000000005,217.0,0.01
2004-12-12 19:30:00-06:00,2004,12,12,19,30,0.0,0.0,0.0,19.0,4.6000000000000005,218.0,0.01
2004-12-12 20:30:00-06:00,2004,12,12,20,30,0.0,0.0,0.0,19.0,4.7,220.0,0.01
2004-12-12 21:30:00-06:00,2004,12,12,21,30,0.0,0.0,0.0,19.0,4.800000000000001,222.0,0.01
2004-12-12 22:30:00-06:00,2004,12,12,22,30,0.0,0.0,0.0,19.0,4.6000000000000005,224.0,0.01
2004-12-12 23:30:00-06:00,2004,12,12,23,30,0.0,0.0,0.0,20.0,4.5,227.0,0.01
2004-12-13 00:30:00-06:00,2004,12,13,0,30,0.0,0.0,0.0,20.0,4.4,233.0,0.01
2004-12-13 01:30:00-06:00,2004,12,13,1,30,0.0,0.0,0.0,20.0,4.4,240.0,0.01
2004-12-13 02:30:00-06:00,2004,12,13,2,30,0.0,0.0,0.0,20.0,4.4,249.0,0.01
2004-12-13 03:30:00-06:00,2004,12,13,3,30,0.0,0.0,0.0,20.0,4.4,255.0,0.01
2004-12-13 04:30:00-06:00,2004,12,13,4,30,0.0,0.0,0.0,20.0,4.3,259.0,0.01
2004-12-13 05:30:00-06:00,2004,12,13,5,30,0.0,0.0,0.0,20.0,4.3,261.0,0.01
2004-12-13 06:30:00-06:00,2004,12,13,6,30,0.0,0.0,0.0,20.0,4.5,265.0,0.01
2004-12-13 07:30:00-06:00,2004,12,13,7,30,90.0,371.0,41.0,20.0,4.6000000000000005,273.0,0.01
2004-12-13 08:30:00-06:00,2004,12,13,8,30,156.0,93.0,127.0,19.0,4.5,286.0,0.01
2004-12-13 09:30:00-06:00,2004,12,13,9,30,223.0,64.0,194.0,19.0,4.6000000000000005,307.0,0.01
2004-12-13 10:30:00-06:00,2004,12,13,10,30,185.0,4.0,182.0,19.0,5.1000000000000005,334.0,0.01
2004-12-13 11:30:00-06:00,2004,12,13,11,30,218.0,11.0,211.0,18.0,5.800000000000001,354.0,0.01
2004-12-13 12:30:00-06:00,2004,12,13,12,30,179.0,1.0,178.0,18.0,6.300000000000001,6.0,0.01
2004-12-13 13:30:00-06:00,2004,12,13,13,30,248.0,40.0,225.0,18.0,6.6000000000000005,12.0,0.01
2004-12-13 14:30:00-06:00,2004,12,13,14,30,408.0,713.0,96.0,18.0,6.800000000000001,14.0,0.01
2004-12-13 15:30:00-06:00,2004,12,13,15,30,240.0,572.0,77.0,18.0,7.1000000000000005,10.0,0.01
2004-12-13 16:30:00-06:00,2004,12,13,16,30,64.0,261.0,37.0,17.0,7.6,8.0,0.01
2004-12-13 17:30:00-06:00,2004,12,13,17,30,0.0,0.0,0.0,17.0,8.200000000000001,6.0,0.01
2004-12-13 18:30:00-06:00,2004,12,13,18,30,0.0,0.0,0.0,16.0,8.8,6.0,0.01
2004-12-13 19:30:00-06:00,2004,12,13,19,30,0.0,0.0,0.0,15.0,9.3,6.0,0.01
2004-12-13 20:30:00-06:00,2004,12,13,20,30,0.0,0.0,0.0,14.0,9.7,6.0,0.01
2004-12-13 21:30:00-06:00,2004,12,13,21,30,0.0,0.0,0.0,13.0,10.0,7.0,0.01
2004-12-13 22:30:00-06:00,2004,12,13,22,30,0.0,0.0,0.0,13.0,10.1,8.0,0.01
2004-12-13 23:30:00-06:00,2004,12,13,23,30,0.0,0.0,0.0,12.0,10.2,9.0,0.01
2004-12-14 00:30:00-06:00,2004,12,14,0,30,0.0,0.0,0.0,12.0,10.2,9.0,0.01
2004-12-14 01:30:00-06:00,2004,12,14,1,30,0.0,0.0,0.0,12.0,10.3,10.0,0.01
2004-12-14 02:30:00-06:00,2004,12,14,2,30,0.0,0.0,0.0,12.0,10.2,12.0,0.01
2004-12-14 03:30:00-06:00,2004,12,14,3,30,0.0,0.0,0.0,11.0,10.1,12.0,0.01
2004-12-14 04:30:00-06:00,2004,12,14,4,30,0.0,0.0,0.0,11.0,10.1,10.0,0.01
2004-12-14 05:30:00-06:00,2004,12,14,5,30,0.0,0.0,0.0,11.0,10.2,9.0,0.01
2004-12-14 06:30:00-06:00,2004,12,14,6,30,0.0,0.0,0.0,10.0,10.3,9.0,0.01
2004-12-14 07:30:00-06:00,2004,12,14,7,30,106.0,566.0,32.0,10.0,10.1,10.0,0.01
2004-12-14 08:30:00-06:00,2004,12,14,8,30,306.0,825.0,51.0,10.0,9.6,10.0,0.01
2004-12-14 09:30:00-06:00,2004,12,14,9,30,484.0,930.0,61.0,10.0,9.0,9.0,0.01
2004-12-14 10:30:00-06:00,2004,12,14,10,30,613.0,982.0,67.0,10.0,8.700000000000001,7.0,0.01
2004-12-14 11:30:00-06:00,2004,12,14,11,30,678.0,1003.0,69.0,10.0,8.6,4.0,0.01
2004-12-14 12:30:00-06:00,2004,12,14,12,30,674.0,997.0,72.0,10.0,8.5,2.0,0.01
2004-12-14 13:30:00-06:00,2004,12,14,13,30,492.0,637.0,145.0,10.0,8.4,2.0,0.01
2004-12-14 14:30:00-06:00,2004,12,14,14,30,465.0,922.0,62.0,10.0,8.3,4.0,0.01
2004-12-14 15:30:00-06:00,2004,12,14,15,30,283.0,809.0,51.0,10.0,8.200000000000001,7.0,0.01
2004-12-14 16:30:00-06:00,2004,12,14,16,30,82.0,521.0,29.0,10.0,8.200000000000001,10.0,0.01
2004-12-14 17:30:00-06:00,2004,12,14,17,30,0.0,0.0,0.0,10.0,8.5,12.0,0.01
2004-12-14 18:30:00-06:00,2004,12,14,18,30,0.0,0.0,0.0,10.0,9.0,14.0,0.01
2004-12-14 19:30:00-06:00,2004,12,14,19,30,0.0,0.0,0.0,10.0,9.3,17.0,0.01
2004-12-14 20:30:00-06:00,2004,12,14,20,30,0.0,0.0,0.0,10.0,9.4,22.0,0.01
2004-12-14 21:30:00-06:00,2004,12,14,21,30,0.0,0.0,0.0,10.0,9.4,26.0,0.01
2004-12-14 22:30:00-06:00,2004,12,14,22,30,0.0,0.0,0.0,9.0,9.2,29.0,0.01
2004-12-14 23:30:00-06:00,2004,12,14,23,30,0.0,0.0,0.0,9.0,9.0,31.0,0.01
2004-12-15 00:30:00-06:00,2004,12,15,0,30,0.0,0.0,0.0,9.0,8.9,34.0,0.01
2004-12-15 01:30:00-06:00,2004,12,15,1,30,0.0,0.0,0.0,9.0,8.8,36.0,0.01
2004-12-15 02:30:00-06:00,2004,12,15,2,30,0.0,0.0,0.0,9.0,8.6,38.0,0.01
2004-12-15 03:30:00-06:00,2004,12,15,3,30,0.0,0.0,0.0,9.0,8.5,41.0,0.01
2004-12-15 04:30:00-06:00,2004,12,15,4,30,0.0,0.0,0.0,10.0,8.4,44.0,0.01
2004-12-15 05:30:00-06:00,2004,12,15,5,30,0.0,0.0,0.0,10.0,8.200000000000001,48.0,0.01
2004-12-15 06:30:00-06:00,2004,12,15,6,30,0.0,0.0,0.0,10.0,8.0,51.0,0.01
2004-12-15 07:30:00-06:00,2004,12,15,7,30,58.0,93.0,46.0,10.0,7.800000000000001,53.0,0.01
2004-12-15 08:30:00-06:00,2004,12,15,8,30,186.0,213.0,121.0,11.0,7.5,55.0,0.01
2004-12-15 09:30:00-06:00,2004,12,15,9,30,289.0,205.0,196.0,11.0,7.0,57.0,0.01
2004-12-15 10:30:00-06:00,2004,12,15,10,30,361.0,191.0,255.0,12.0,6.4,58.0,0.01
2004-12-15 11:30:00-06:00,2004,12,15,11,30,426.0,242.0,280.0,12.0,6.0,58.0,0.01
2004-12-15 12:30:00-06:00,2004,12,15,12,30,584.0,758.0,127.0,12.0,5.6000000000000005,57.0,0.01
2004-12-15 13:30:00-06:00,2004,12,15,13,30,578.0,905.0,84.0,13.0,5.6000000000000005,56.0,0.01
2004-12-15 14:30:00-06:00,2004,12,15,14,30,445.0,842.0,76.0,13.0,5.6000000000000005,56.0,0.01
2004-12-15 15:30:00-06:00,2004,12,15,15,30,269.0,730.0,59.0,13.0,5.7,56.0,0.01
2004-12-15 16:30:00-06:00,2004,12,15,16,30,76.0,410.0,33.0,13.0,5.800000000000001,56.0,0.01
2004-12-15 17:30:00-06:00,2004,12,15,17,30,0.0,0.0,0.0,13.0,5.9,57.0,0.01
2004-12-15 18:30:00-06:00,2004,12,15,18,30,0.0,0.0,0.0,13.0,5.9,60.0,0.01
2004-12-15 19:30:00-06:00,2004,12,15,19,30,0.0,0.0,0.0,13.0,5.800000000000001,64.0,0.01
2004-12-15 20:30:00-06:00,2004,12,15,20,30,0.0,0.0,0.0,13.0,5.800000000000001,71.0,0.01
2004-12-15 21:30:00-06:00,2004,12,15,21,30,0.0,0.0,0.0,14.0,5.6000000000000005,78.0,0.01
2004-12-15 22:30:00-06:00,2004,12,15,22,30,0.0,0.0,0.0,14.0,5.4,86.0,0.01
2004-12-15 23:30:00-06:00,2004,12,15,23,30,0.0,0.0,0.0,14.0,5.1000000000000005,91.0,0.01
2004-12-16 00:30:00-06:00,2004,12,16,0,30,0.0,0.0,0.0,14.0,4.800000000000001,91.0,0.01
2004-12-16 01:30:00-06:00,2004,12,16,1,30,0.0,0.0,0.0,14.0,4.4,88.0,0.01
2004-12-16 02:30:00-06:00,2004,12,16,2,30,0.0,0.0,0.0,14.0,4.3,79.0,0.01
2004-12-16 03:30:00-06:00,2004,12,16,3,30,0.0,0.0,0.0,15.0,4.3,70.0,0.01
2004-12-16 04:30:00-06:00,2004,12,16,4,30,0.0,0.0,0.0,15.0,4.3,65.0,0.01
2004-12-16 05:30:00-06:00,2004,12,16,5,30,0.0,0.0,0.0,15.0,4.5,62.0,0.01
2004-12-16 06:30:00-06:00,2004,12,16,6,30,0.0,0.0,0.0,15.0,4.6000000000000005,61.0,0.01
2004-12-16 07:30:00-06:00,2004,12,16,7,30,90.0,387.0,41.0,16.0,4.6000000000000005,66.0,0.01
2004-12-16 08:30:00-06:00,2004,12,16,8,30,275.0,669.0,71.0,16.0,4.6000000000000005,73.0,0.01
2004-12-16 09:30:00-06:00,2004,12,16,9,30,447.0,813.0,79.0,16.0,4.800000000000001,79.0,0.01
2004-12-16 10:30:00-06:00,2004,12,16,10,30,569.0,871.0,86.0,17.0,4.800000000000001,86.0,0.01
2004-12-16 11:30:00-06:00,2004,12,16,11,30,630.0,893.0,90.0,17.0,4.800000000000001,89.0,0.01
2004-12-16 12:30:00-06:00,2004,12,16,12,30,554.0,645.0,165.0,17.0,4.800000000000001,90.0,0.01
2004-12-16 13:30:00-06:00,2004,12,16,13,30,486.0,608.0,155.0,17.0,5.0,92.0,0.01
2004-12-16 14:30:00-06:00,2004,12,16,14,30,359.0,496.0,141.0,17.0,5.1000000000000005,90.0,0.01
2004-12-16 15:30:00-06:00,2004,12,16,15,30,228.0,529.0,76.0,17.0,5.2,89.0,0.01
2004-12-16 16:30:00-06:00,2004,12,16,16,30,68.0,312.0,35.0,17.0,5.2,88.0,0.01
2004-12-16 17:30:00-06:00,2004,12,16,17,30,0.0,0.0,0.0,17.0,5.4,84.0,0.01
2004-12-16 18:30:00-06:00,2004,12,16,18,30,0.0,0.0,0.0,17.0,5.7,78.0,0.01
2004-12-16 19:30:00-06:00,2004,12,16,19,30,0.0,0.0,0.0,17.0,6.1000000000000005,72.0,0.01
2004-12-16 20:30:00-06:00,2004,12,16,20,30,0.0,0.0,0.0,17.0,6.5,69.0,0.01
2004-12-16 21:30:00-06:00,2004,12,16,21,30,0.0,0.0,0.0,17.0,6.5,68.0,0.01
2004-12-16 22:30:00-06:00,2004,12,16,22,30,0.0,0.0,0.0,17.0,6.4,67.0,0.01
2004-12-16 23:30:00-06:00,2004,12,16,23,30,0.0,0.0,0.0,17.0,6.4,66.0,0.01
2004-12-17 00:30:00-06:00,2004,12,17,0,30,0.0,0.0,0.0,17.0,6.5,62.0,0.01
2004-12-17 01:30:00-06:00,2004,12,17,1,30,0.0,0.0,0.0,16.0,6.6000000000000005,57.0,0.01
2004-12-17 02:30:00-06:00,2004,12,17,2,30,0.0,0.0,0.0,16.0,6.6000000000000005,52.0,0.01
2004-12-17 03:30:00-06:00,2004,12,17,3,30,0.0,0.0,0.0,16.0,6.9,49.0,0.01
2004-12-17 04:30:00-06:00,2004,12,17,4,30,0.0,0.0,0.0,16.0,7.2,47.0,0.01
2004-12-17 05:30:00-06:00,2004,12,17,5,30,0.0,0.0,0.0,16.0,7.5,47.0,0.01
2004-12-17 06:30:00-06:00,2004,12,17,6,30,0.0,0.0,0.0,16.0,7.7,47.0,0.01
2004-12-17 07:30:00-06:00,2004,12,17,7,30,81.0,356.0,37.0,16.0,7.800000000000001,47.0,0.01
2004-12-17 08:30:00-06:00,2004,12,17,8,30,232.0,464.0,91.0,16.0,7.800000000000001,48.0,0.01
2004-12-17 09:30:00-06:00,2004,12,17,9,30,393.0,593.0,125.0,16.0,7.5,49.0,0.01
2004-12-17 10:30:00-06:00,2004,12,17,10,30,327.0,130.0,255.0,16.0,7.300000000000001,51.0,0.01
2004-12-17 11:30:00-06:00,2004,12,17,11,30,439.0,270.0,275.0,16.0,7.2,51.0,0.01
2004-12-17 12:30:00-06:00,2004,12,17,12,30,447.0,293.0,270.0,16.0,7.1000000000000005,51.0,0.01
2004-12-17 13:30:00-06:00,2004,12,17,13,30,408.0,323.0,232.0,16.0,7.0,51.0,0.01
2004-12-17 14:30:00-06:00,2004,12,17,14,30,313.0,312.0,176.0,16.0,6.9,50.0,0.01
2004-12-17 15:30:00-06:00,2004,12,17,15,30,125.0,43.0,112.0,16.0,6.7,48.0,0.01
2004-12-17 16:30:00-06:00,2004,12,17,16,30,30.0,0.0,30.0,16.0,6.300000000000001,46.0,0.01
2004-12-17 17:30:00-06:00,2004,12,17,17,30,0.0,0.0,0.0,16.0,6.0,43.0,0.01
2004-12-17 18:30:00-06:00,2004,12,17,18,30,0.0,0.0,0.0,16.0,5.9,39.0,0.01
2004-12-17 19:30:00-06:00,2004,12,17,19,30,0.0,0.0,0.0,16.0,5.6000000000000005,38.0,0.01
2004-12-17 20:30:00-06:00,2004,12,17,20,30,0.0,0.0,0.0,16.0,5.300000000000001,39.0,0.01
2004-12-17 21:30:00-06:00,2004,12,17,21,30,0.0,0.0,0.0,16.0,5.0,41.0,0.01
2004-12-17 22:30:00-06:00,2004,12,17,22,30,0.0,0.0,0.0,15.0,4.6000000000000005,39.0,0.01
2004-12-17 23:30:00-06:00,2004,12,17,23,30,0.0,0.0,0.0,15.0,4.6000000000000005,34.0,0.01
2004-12-18 00:30:00-06:00,2004,12,18,0,30,0.0,0.0,0.0,15.0,4.800000000000001,25.0,0.01
2004-12-18 01:30:00-06:00,2004,12,18,1,30,0.0,0.0,0.0,14.0,5.300000000000001,19.0,0.01
2004-12-18 02:30:00-06:00,2004,12,18,2,30,0.0,0.0,0.0,14.0,5.6000000000000005,17.0,0.01
2004-12-18 03:30:00-06:00,2004,12,18,3,30,0.0,0.0,0.0,14.0,5.6000000000000005,16.0,0.01
2004-12-18 04:30:00-06:00,2004,12,18,4,30,0.0,0.0,0.0,14.0,5.4,17.0,0.01
2004-12-18 05:30:00-06:00,2004,12,18,5,30,0.0,0.0,0.0,14.0,5.1000000000000005,18.0,0.01
2004-12-18 06:30:00-06:00,2004,12,18,6,30,0.0,0.0,0.0,14.0,4.6000000000000005,17.0,0.01
2004-12-18 07:30:00-06:00,2004,12,18,7,30,91.0,468.0,34.0,14.0,4.3,15.0,0.01
2004-12-18 08:30:00-06:00,2004,12,18,8,30,281.0,739.0,58.0,14.0,4.0,10.0,0.01
2004-12-18 09:30:00-06:00,2004,12,18,9,30,452.0,850.0,71.0,14.0,3.8,5.0,0.01
2004-12-18 10:30:00-06:00,2004,12,18,10,30,578.0,908.0,77.0,15.0,3.8,2.0,0.01
2004-12-18 11:30:00-06:00,2004,12,18,11,30,643.0,932.0,80.0,15.0,4.0,353.0,0.01
2004-12-18 12:30:00-06:00,2004,12,18,12,30,640.0,927.0,82.0,15.0,4.1000000000000005,342.0,0.01
2004-12-18 13:30:00-06:00,2004,12,18,13,30,572.0,903.0,79.0,15.0,4.3,335.0,0.01
2004-12-18 14:30:00-06:00,2004,12,18,14,30,443.0,845.0,72.0,16.0,4.5,329.0,0.01
2004-12-18 15:30:00-06:00,2004,12,18,15,30,270.0,727.0,59.0,16.0,4.6000000000000005,324.0,0.01
2004-12-18 16:30:00-06:00,2004,12,18,16,30,79.0,442.0,32.0,15.0,4.6000000000000005,319.0,0.01
2004-12-18 17:30:00-06:00,2004,12,18,17,30,0.0,0.0,0.0,15.0,4.800000000000001,317.0,0.01
2004-12-18 18:30:00-06:00,2004,12,18,18,30,0.0,0.0,0.0,15.0,4.800000000000001,314.0,0.01
2004-12-18 19:30:00-06:00,2004,12,18,19,30,0.0,0.0,0.0,15.0,4.9,311.0,0.01
2004-12-18 20:30:00-06:00,2004,12,18,20,30,0.0,0.0,0.0,15.0,5.1000000000000005,310.0,0.01
2004-12-18 21:30:00-06:00,2004,12,18,21,30,0.0,0.0,0.0,15.0,5.300000000000001,308.0,0.01
2004-12-18 22:30:00-06:00,2004,12,18,22,30,0.0,0.0,0.0,15.0,5.7,308.0,0.01
2004-12-18 23:30:00-06:00,2004,12,18,23,30,0.0,0.0,0.0,14.0,6.2,309.0,0.01
2004-12-19 00:30:00-06:00,2004,12,19,0,30,0.0,0.0,0.0,14.0,7.0,313.0,0.01
2004-12-19 01:30:00-06:00,2004,12,19,1,30,0.0,0.0,0.0,14.0,7.6,318.0,0.01
2004-12-19 02:30:00-06:00,2004,12,19,2,30,0.0,0.0,0.0,14.0,8.0,320.0,0.01
2004-12-19 03:30:00-06:00,2004,12,19,3,30,0.0,0.0,0.0,14.0,7.9,323.0,0.01
2004-12-19 04:30:00-06:00,2004,12,19,4,30,0.0,0.0,0.0,14.0,7.5,328.0,0.01
2004-12-19 05:30:00-06:00,2004,12,19,5,30,0.0,0.0,0.0,14.0,7.300000000000001,334.0,0.01
2004-12-19 06:30:00-06:00,2004,12,19,6,30,0.0,0.0,0.0,13.0,7.1000000000000005,341.0,0.01
2004-12-19 07:30:00-06:00,2004,12,19,7,30,95.0,533.0,31.0,13.0,6.800000000000001,344.0,0.01
2004-12-19 08:30:00-06:00,2004,12,19,8,30,294.0,806.0,51.0,14.0,6.6000000000000005,344.0,0.01
2004-12-19 09:30:00-06:00,2004,12,19,9,30,471.0,916.0,61.0,14.0,6.7,337.0,0.01
2004-12-19 10:30:00-06:00,2004,12,19,10,30,598.0,967.0,65.0,14.0,7.300000000000001,328.0,0.01
2004-12-19 11:30:00-06:00,2004,12,19,11,30,663.0,986.0,67.0,15.0,8.5,322.0,0.01
2004-12-19 12:30:00-06:00,2004,12,19,12,30,659.0,980.0,69.0,15.0,9.3,320.0,0.01
2004-12-19 13:30:00-06:00,2004,12,19,13,30,588.0,953.0,67.0,15.0,9.6,317.0,0.01
2004-12-19 14:30:00-06:00,2004,12,19,14,30,457.0,897.0,62.0,15.0,9.9,316.0,0.01
2004-12-19 15:30:00-06:00,2004,12,19,15,30,280.0,779.0,53.0,14.0,10.1,321.0,0.01
2004-12-19 16:30:00-06:00,2004,12,19,16,30,84.0,502.0,30.0,14.0,10.1,328.0,0.01
2004-12-19 17:30:00-06:00,2004,12,19,17,30,0.0,0.0,0.0,13.0,10.0,335.0,0.01
2004-12-19 18:30:00-06:00,2004,12,19,18,30,0.0,0.0,0.0,13.0,9.8,341.0,0.01
2004-12-19 19:30:00-06:00,2004,12,19,19,30,0.0,0.0,0.0,12.0,9.5,346.0,0.01
2004-12-19 20:30:00-06:00,2004,12,19,20,30,0.0,0.0,0.0,11.0,9.2,350.0,0.01
2004-12-19 21:30:00-06:00,2004,12,19,21,30,0.0,0.0,0.0,11.0,8.8,352.0,0.01
2004-12-19 22:30:00-06:00,2004,12,19,22,30,0.0,0.0,0.0,10.0,8.4,354.0,0.01
2004-12-19 23:30:00-06:00,2004,12,19,23,30,0.0,0.0,0.0,10.0,8.1,356.0,0.01
2004-12-20 00:30:00-06:00,2004,12,20,0,30,0.0,0.0,0.0,9.0,7.6,358.0,0.01
2004-12-20 01:30:00-06:00,2004,12,20,1,30,0.0,0.0,0.0,9.0,7.1000000000000005,0.0,0.01
2004-12-20 02:30:00-06:00,2004,12,20,2,30,0.0,0.0,0.0,9.0,6.6000000000000005,5.0,0.01
2004-12-20 03:30:00-06:00,2004,12,20,3,30,0.0,0.0,0.0,9.0,6.4,11.0,0.01
2004-12-20 04:30:00-06:00,2004,12,20,4,30,0.0,0.0,0.0,9.0,6.1000000000000005,18.0,0.01
2004-12-20 05:30:00-06:00,2004,12,20,5,30,0.0,0.0,0.0,9.0,5.6000000000000005,26.0,0.01
2004-12-20 06:30:00-06:00,2004,12,20,6,30,0.0,0.0,0.0,9.0,4.9,36.0,0.01
2004-12-20 07:30:00-06:00,2004,12,20,7,30,94.0,547.0,29.0,10.0,4.3,48.0,0.01
2004-12-20 08:30:00-06:00,2004,12,20,8,30,226.0,455.0,90.0,10.0,3.7,60.0,0.01
2004-12-20 09:30:00-06:00,2004,12,20,9,30,462.0,906.0,58.0,11.0,3.3000000000000003,72.0,0.01
2004-12-20 10:30:00-06:00,2004,12,20,10,30,589.0,954.0,64.0,12.0,3.1,86.0,0.01
2004-12-20 11:30:00-06:00,2004,12,20,11,30,654.0,974.0,67.0,12.0,3.0,99.0,0.01
2004-12-20 12:30:00-06:00,2004,12,20,12,30,653.0,974.0,67.0,13.0,3.1,111.0,0.01
2004-12-20 13:30:00-06:00,2004,12,20,13,30,585.0,951.0,64.0,13.0,3.3000000000000003,120.0,0.01
2004-12-20 14:30:00-06:00,2004,12,20,14,30,456.0,897.0,60.0,14.0,3.6,130.0,0.01
2004-12-20 15:30:00-06:00,2004,12,20,15,30,204.0,353.0,100.0,14.0,4.0,140.0,0.01
2004-12-20 16:30:00-06:00,2004,12,20,16,30,50.0,100.0,39.0,15.0,4.5,147.0,0.01
2004-12-20 17:30:00-06:00,2004,12,20,17,30,0.0,0.0,0.0,15.0,5.1000000000000005,153.0,0.01
2004-12-20 18:30:00-06:00,2004,12,20,18,30,0.0,0.0,0.0,15.0,5.7,158.0,0.01
2004-12-20 19:30:00-06:00,2004,12,20,19,30,0.0,0.0,0.0,16.0,6.300000000000001,164.0,0.01
2004-12-20 20:30:00-06:00,2004,12,20,20,30,0.0,0.0,0.0,16.0,6.800000000000001,168.0,0.01
2004-12-20 21:30:00-06:00,2004,12,20,21,30,0.0,0.0,0.0,16.0,7.0,170.0,0.01
2004-12-20 22:30:00-06:00,2004,12,20,22,30,0.0,0.0,0.0,17.0,7.0,171.0,0.01
2004-12-20 23:30:00-06:00,2004,12,20,23,30,0.0,0.0,0.0,17.0,6.9,172.0,0.01
2004-12-21 00:30:00-06:00,2004,12,21,0,30,0.0,0.0,0.0,17.0,6.6000000000000005,173.0,0.01
2004-12-21 01:30:00-06:00,2004,12,21,1,30,0.0,0.0,0.0,17.0,6.300000000000001,174.0,0.01
2004-12-21 02:30:00-06:00,2004,12,21,2,30,0.0,0.0,0.0,17.0,5.9,175.0,0.01
2004-12-21 03:30:00-06:00,2004,12,21,3,30,0.0,0.0,0.0,17.0,5.6000000000000005,175.0,0.01
2004-12-21 04:30:00-06:00,2004,12,21,4,30,0.0,0.0,0.0,17.0,5.4,175.0,0.01
2004-12-21 05:30:00-06:00,2004,12,21,5,30,0.0,0.0,0.0,18.0,5.300000000000001,171.0,0.01
2004-12-21 06:30:00-06:00,2004,12,21,6,30,0.0,0.0,0.0,18.0,5.300000000000001,166.0,0.01
2004-12-21 07:30:00-06:00,2004,12,21,7,30,84.0,419.0,35.0,18.0,5.4,164.0,0.01
2004-12-21 08:30:00-06:00,2004,12,21,8,30,213.0,382.0,99.0,18.0,5.5,163.0,0.01
2004-12-21 09:30:00-06:00,2004,12,21,9,30,185.0,26.0,173.0,19.0,5.5,162.0,0.01
2004-12-21 10:30:00-06:00,2004,12,21,10,30,157.0,0.0,157.0,19.0,5.4,160.0,0.01
2004-12-21 11:30:00-06:00,2004,12,21,11,30,628.0,912.0,77.0,19.0,5.4,160.0,0.01
2004-12-21 12:30:00-06:00,2004,12,21,12,30,624.0,902.0,80.0,19.0,5.300000000000001,159.0,0.01
2004-12-21 13:30:00-06:00,2004,12,21,13,30,555.0,869.0,79.0,19.0,5.1000000000000005,156.0,0.01
2004-12-21 14:30:00-06:00,2004,12,21,14,30,427.0,802.0,73.0,19.0,5.1000000000000005,150.0,0.01
2004-12-21 15:30:00-06:00,2004,12,21,15,30,181.0,231.0,114.0,19.0,5.2,146.0,0.01
2004-12-21 16:30:00-06:00,2004,12,21,16,30,33.0,0.0,33.0,19.0,5.300000000000001,143.0,0.01
2004-12-21 17:30:00-06:00,2004,12,21,17,30,0.0,0.0,0.0,19.0,5.4,142.0,0.01
2004-12-21 18:30:00-06:00,2004,12,21,18,30,0.0,0.0,0.0,19.0,5.5,142.0,0.01
2004-12-21 19:30:00-06:00,2004,12,21,19,30,0.0,0.0,0.0,19.0,5.6000000000000005,144.0,0.01
2004-12-21 20:30:00-06:00,2004,12,21,20,30,0.0,0.0,0.0,19.0,5.9,145.0,0.01
2004-12-21 21:30:00-06:00,2004,12,21,21,30,0.0,0.0,0.0,19.0,6.0,147.0,0.01
2004-12-21 22:30:00-06:00,2004,12,21,22,30,0.0,0.0,0.0,19.0,6.1000000000000005,148.0,0.01
2004-12-21 23:30:00-06:00,2004,12,21,23,30,0.0,0.0,0.0,19.0,6.2,149.0,0.01
2004-12-22 00:30:00-06:00,2004,12,22,0,30,0.0,0.0,0.0,19.0,6.1000000000000005,153.0,0.01
2004-12-22 01:30:00-06:00,2004,12,22,1,30,0.0,0.0,0.0,19.0,6.1000000000000005,157.0,0.01
2004-12-22 02:30:00-06:00,2004,12,22,2,30,0.0,0.0,0.0,19.0,6.1000000000000005,160.0,0.01
2004-12-22 03:30:00-06:00,2004,12,22,3,30,0.0,0.0,0.0,19.0,5.800000000000001,160.0,0.01
2004-12-22 04:30:00-06:00,2004,12,22,4,30,0.0,0.0,0.0,19.0,5.800000000000001,159.0,0.01
2004-12-22 05:30:00-06:00,2004,12,22,5,30,0.0,0.0,0.0,19.0,5.800000000000001,160.0,0.01
2004-12-22 06:30:00-06:00,2004,12,22,6,30,0.0,0.0,0.0,19.0,5.5,158.0,0.01
2004-12-22 07:30:00-06:00,2004,12,22,7,30,36.0,0.0,36.0,19.0,5.7,156.0,0.01
2004-12-22 08:30:00-06:00,2004,12,22,8,30,8.0,0.0,8.0,20.0,5.9,161.0,0.01
2004-12-22 09:30:00-06:00,2004,12,22,9,30,85.0,0.0,85.0,20.0,5.800000000000001,160.0,0.01
2004-12-22 10:30:00-06:00,2004,12,22,10,30,54.0,0.0,54.0,20.0,6.300000000000001,161.0,0.01
2004-12-22 11:30:00-06:00,2004,12,22,11,30,170.0,0.0,170.0,20.0,7.2,170.0,0.01
2004-12-22 12:30:00-06:00,2004,12,22,12,30,293.0,52.0,262.0,20.0,7.800000000000001,177.0,0.01
2004-12-22 13:30:00-06:00,2004,12,22,13,30,458.0,467.0,202.0,20.0,8.0,179.0,0.01
2004-12-22 14:30:00-06:00,2004,12,22,14,30,250.0,123.0,195.0,20.0,8.1,180.0,0.01
2004-12-22 15:30:00-06:00,2004,12,22,15,30,61.0,0.0,61.0,20.0,8.200000000000001,181.0,0.01
2004-12-22 16:30:00-06:00,2004,12,22,16,30,17.0,0.0,17.0,20.0,8.3,185.0,0.01
2004-12-22 17:30:00-06:00,2004,12,22,17,30,0.0,0.0,0.0,20.0,8.4,189.0,0.01
2004-12-22 18:30:00-06:00,2004,12,22,18,30,0.0,0.0,0.0,20.0,8.9,194.0,0.01
2004-12-22 19:30:00-06:00,2004,12,22,19,30,0.0,0.0,0.0,20.0,9.5,198.0,0.01
2004-12-22 20:30:00-06:00,2004,12,22,20,30,0.0,0.0,0.0,19.0,9.4,208.0,0.01
2004-12-22 21:30:00-06:00,2004,12,22,21,30,0.0,0.0,0.0,17.0,9.8,243.0,0.01
2004-12-22 22:30:00-06:00,2004,12,22,22,30,0.0,0.0,0.0,14.0,11.1,290.0,0.01
2004-12-22 23:30:00-06:00,2004,12,22,23,30,0.0,0.0,0.0,11.0,11.5,313.0,0.01
2004-12-23 00:30:00-06:00,2004,12,23,0,30,0.0,0.0,0.0,9.0,11.3,320.0,0.01
2004-12-23 01:30:00-06:00,2004,12,23,1,30,0.0,0.0,0.0,8.0,11.1,323.0,0.01
2004-12-23 02:30:00-06:00,2004,12,23,2,30,0.0,0.0,0.0,8.0,10.9,327.0,0.01
2004-12-23 03:30:00-06:00,2004,12,23,3,30,0.0,0.0,0.0,7.0,10.7,330.0,0.01
2004-12-23 04:30:00-06:00,2004,12,23,4,30,0.0,0.0,0.0,7.0,10.5,333.0,0.01
2004-12-23 05:30:00-06:00,2004,12,23,5,30,0.0,0.0,0.0,6.0,10.2,337.0,0.01
2004-12-23 06:30:00-06:00,2004,12,23,6,30,0.0,0.0,0.0,6.0,9.7,342.0,0.01
2004-12-23 07:30:00-06:00,2004,12,23,7,30,27.0,0.0,27.0,6.0,9.4,347.0,0.01
2004-12-23 08:30:00-06:00,2004,12,23,8,30,75.0,0.0,75.0,6.0,9.1,353.0,0.01
2004-12-23 09:30:00-06:00,2004,12,23,9,30,227.0,81.0,191.0,7.0,8.9,358.0,0.01
2004-12-23 10:30:00-06:00,2004,12,23,10,30,426.0,366.0,225.0,7.0,8.700000000000001,2.0,0.01
2004-12-23 11:30:00-06:00,2004,12,23,11,30,423.0,238.0,279.0,7.0,8.700000000000001,3.0,0.01
2004-12-23 12:30:00-06:00,2004,12,23,12,30,547.0,613.0,177.0,8.0,8.700000000000001,3.0,0.01
2004-12-23 13:30:00-06:00,2004,12,23,13,30,437.0,399.0,218.0,8.0,8.5,5.0,0.01
2004-12-23 14:30:00-06:00,2004,12,23,14,30,349.0,429.0,159.0,9.0,8.200000000000001,6.0,0.01
2004-12-23 15:30:00-06:00,2004,12,23,15,30,139.0,68.0,119.0,9.0,8.1,8.0,0.01
2004-12-23 16:30:00-06:00,2004,12,23,16,30,52.0,91.0,42.0,9.0,8.200000000000001,9.0,0.01
2004-12-23 17:30:00-06:00,2004,12,23,17,30,0.0,0.0,0.0,9.0,8.5,9.0,0.01
2004-12-23 18:30:00-06:00,2004,12,23,18,30,0.0,0.0,0.0,9.0,8.8,12.0,0.01
2004-12-23 19:30:00-06:00,2004,12,23,19,30,0.0,0.0,0.0,8.0,8.9,15.0,0.01
2004-12-23 20:30:00-06:00,2004,12,23,20,30,0.0,0.0,0.0,8.0,8.9,19.0,0.01
2004-12-23 21:30:00-06:00,2004,12,23,21,30,0.0,0.0,0.0,8.0,8.8,22.0,0.01
2004-12-23 22:30:00-06:00,2004,12,23,22,30,0.0,0.0,0.0,8.0,8.5,23.0,0.01
2004-12-23 23:30:00-06:00,2004,12,23,23,30,0.0,0.0,0.0,8.0,8.0,21.0,0.01
2004-12-24 00:30:00-06:00,2004,12,24,0,30,0.0,0.0,0.0,8.0,7.6,20.0,0.01
2004-12-24 01:30:00-06:00,2004,12,24,1,30,0.0,0.0,0.0,8.0,7.4,17.0,0.01
2004-12-24 02:30:00-06:00,2004,12,24,2,30,0.0,0.0,0.0,7.0,7.300000000000001,15.0,0.01
2004-12-24 03:30:00-06:00,2004,12,24,3,30,0.0,0.0,0.0,7.0,7.5,16.0,0.01
2004-12-24 04:30:00-06:00,2004,12,24,4,30,0.0,0.0,0.0,7.0,7.7,16.0,0.01
2004-12-24 05:30:00-06:00,2004,12,24,5,30,0.0,0.0,0.0,7.0,7.800000000000001,15.0,0.01
2004-12-24 06:30:00-06:00,2004,12,24,6,30,0.0,0.0,0.0,7.0,7.800000000000001,15.0,0.01
2004-12-24 07:30:00-06:00,2004,12,24,7,30,24.0,0.0,24.0,7.0,7.7,16.0,0.01
2004-12-24 08:30:00-06:00,2004,12,24,8,30,73.0,0.0,73.0,7.0,7.7,18.0,0.01
2004-12-24 09:30:00-06:00,2004,12,24,9,30,57.0,0.0,57.0,7.0,7.9,18.0,0.01
2004-12-24 10:30:00-06:00,2004,12,24,10,30,81.0,0.0,81.0,7.0,8.1,18.0,0.01
2004-12-24 11:30:00-06:00,2004,12,24,11,30,98.0,0.0,98.0,7.0,7.9,21.0,0.01
2004-12-24 12:30:00-06:00,2004,12,24,12,30,70.0,0.0,70.0,7.0,7.5,24.0,0.01
2004-12-24 13:30:00-06:00,2004,12,24,13,30,103.0,0.0,103.0,7.0,7.2,26.0,0.01
2004-12-24 14:30:00-06:00,2004,12,24,14,30,137.0,0.0,137.0,8.0,7.2,29.0,0.01
2004-12-24 15:30:00-06:00,2004,12,24,15,30,63.0,0.0,63.0,8.0,7.4,30.0,0.01
2004-12-24 16:30:00-06:00,2004,12,24,16,30,29.0,0.0,29.0,8.0,7.7,30.0,0.01
2004-12-24 17:30:00-06:00,2004,12,24,17,30,0.0,0.0,0.0,9.0,7.800000000000001,28.0,0.01
2004-12-24 18:30:00-06:00,2004,12,24,18,30,0.0,0.0,0.0,8.0,7.800000000000001,27.0,0.01
2004-12-24 19:30:00-06:00,2004,12,24,19,30,0.0,0.0,0.0,8.0,7.800000000000001,26.0,0.01
2004-12-24 20:30:00-06:00,2004,12,24,20,30,0.0,0.0,0.0,8.0,8.200000000000001,27.0,0.01
2004-12-24 21:30:00-06:00,2004,12,24,21,30,0.0,0.0,0.0,8.0,8.6,29.0,0.01
2004-12-24 22:30:00-06:00,2004,12,24,22,30,0.0,0.0,0.0,8.0,8.5,33.0,0.01
2004-12-24 23:30:00-06:00,2004,12,24,23,30,0.0,0.0,0.0,8.0,8.200000000000001,35.0,0.01
2004-12-25 00:30:00-06:00,2004,12,25,0,30,0.0,0.0,0.0,9.0,8.0,39.0,0.01
2004-12-25 01:30:00-06:00,2004,12,25,1,30,0.0,0.0,0.0,8.0,8.3,34.0,0.01
2004-12-25 02:30:00-06:00,2004,12,25,2,30,0.0,0.0,0.0,8.0,9.2,12.0,0.01
2004-12-25 03:30:00-06:00,2004,12,25,3,30,0.0,0.0,0.0,7.0,9.5,11.0,0.01
2004-12-25 04:30:00-06:00,2004,12,25,4,30,0.0,0.0,0.0,7.0,8.6,18.0,0.01
2004-12-25 05:30:00-06:00,2004,12,25,5,30,0.0,0.0,0.0,7.0,8.5,24.0,0.01
2004-12-25 06:30:00-06:00,2004,12,25,6,30,0.0,0.0,0.0,7.0,8.8,33.0,0.01
2004-12-25 07:30:00-06:00,2004,12,25,7,30,17.0,0.0,17.0,7.0,8.700000000000001,27.0,0.01
2004-12-25 08:30:00-06:00,2004,12,25,8,30,8.0,0.0,8.0,8.0,8.8,21.0,0.01
2004-12-25 09:30:00-06:00,2004,12,25,9,30,8.0,0.0,8.0,7.0,8.6,16.0,0.01
2004-12-25 10:30:00-06:00,2004,12,25,10,30,31.0,0.0,31.0,7.0,8.700000000000001,357.0,0.01
2004-12-25 11:30:00-06:00,2004,12,25,11,30,48.0,0.0,48.0,7.0,9.1,356.0,0.01
2004-12-25 12:30:00-06:00,2004,12,25,12,30,151.0,0.0,151.0,7.0,9.2,7.0,0.01
2004-12-25 13:30:00-06:00,2004,12,25,13,30,23.0,0.0,23.0,7.0,9.2,10.0,0.01
2004-12-25 14:30:00-06:00,2004,12,25,14,30,42.0,0.0,42.0,7.0,9.0,8.0,0.01
2004-12-25 15:30:00-06:00,2004,12,25,15,30,111.0,8.0,109.0,7.0,9.0,1.0,0.01
2004-12-25 16:30:00-06:00,2004,12,25,16,30,40.0,0.0,40.0,7.0,9.1,356.0,0.01
2004-12-25 17:30:00-06:00,2004,12,25,17,30,0.0,0.0,0.0,7.0,9.1,358.0,0.01
2004-12-25 18:30:00-06:00,2004,12,25,18,30,0.0,0.0,0.0,7.0,9.0,7.0,0.01
2004-12-25 19:30:00-06:00,2004,12,25,19,30,0.0,0.0,0.0,7.0,8.700000000000001,15.0,0.01
2004-12-25 20:30:00-06:00,2004,12,25,20,30,0.0,0.0,0.0,8.0,8.1,15.0,0.01
2004-12-25 21:30:00-06:00,2004,12,25,21,30,0.0,0.0,0.0,8.0,7.800000000000001,11.0,0.01
2004-12-25 22:30:00-06:00,2004,12,25,22,30,0.0,0.0,0.0,8.0,7.7,4.0,0.01
2004-12-25 23:30:00-06:00,2004,12,25,23,30,0.0,0.0,0.0,8.0,7.7,355.0,0.01
2004-12-26 00:30:00-06:00,2004,12,26,0,30,0.0,0.0,0.0,8.0,7.6,348.0,0.01
2004-12-26 01:30:00-06:00,2004,12,26,1,30,0.0,0.0,0.0,7.0,7.5,342.0,0.01
2004-12-26 02:30:00-06:00,2004,12,26,2,30,0.0,0.0,0.0,7.0,7.300000000000001,338.0,0.01
2004-12-26 03:30:00-06:00,2004,12,26,3,30,0.0,0.0,0.0,7.0,7.2,338.0,0.01
2004-12-26 04:30:00-06:00,2004,12,26,4,30,0.0,0.0,0.0,7.0,7.300000000000001,340.0,0.01
2004-12-26 05:30:00-06:00,2004,12,26,5,30,0.0,0.0,0.0,7.0,7.4,344.0,0.01
2004-12-26 06:30:00-06:00,2004,12,26,6,30,0.0,0.0,0.0,7.0,7.5,348.0,0.01
2004-12-26 07:30:00-06:00,2004,12,26,7,30,87.0,524.0,30.0,8.0,7.4,353.0,0.01
2004-12-26 08:30:00-06:00,2004,12,26,8,30,285.0,800.0,51.0,8.0,7.1000000000000005,356.0,0.01
2004-12-26 09:30:00-06:00,2004,12,26,9,30,463.0,909.0,62.0,9.0,6.800000000000001,358.0,0.01
2004-12-26 10:30:00-06:00,2004,12,26,10,30,593.0,961.0,67.0,9.0,6.4,358.0,0.01
2004-12-26 11:30:00-06:00,2004,12,26,11,30,662.0,983.0,69.0,9.0,6.1000000000000005,357.0,0.01
2004-12-26 12:30:00-06:00,2004,12,26,12,30,662.0,978.0,71.0,10.0,6.0,356.0,0.01
2004-12-26 13:30:00-06:00,2004,12,26,13,30,595.0,954.0,68.0,10.0,5.800000000000001,357.0,0.01
2004-12-26 14:30:00-06:00,2004,12,26,14,30,467.0,901.0,62.0,10.0,5.6000000000000005,358.0,0.01
2004-12-26 15:30:00-06:00,2004,12,26,15,30,206.0,324.0,108.0,11.0,5.4,359.0,0.01
2004-12-26 16:30:00-06:00,2004,12,26,16,30,96.0,538.0,31.0,11.0,5.0,360.0,0.01
2004-12-26 17:30:00-06:00,2004,12,26,17,30,0.0,0.0,0.0,11.0,4.800000000000001,2.0,0.01
2004-12-26 18:30:00-06:00,2004,12,26,18,30,0.0,0.0,0.0,12.0,4.800000000000001,5.0,0.01
2004-12-26 19:30:00-06:00,2004,12,26,19,30,0.0,0.0,0.0,12.0,4.7,8.0,0.01
2004-12-26 20:30:00-06:00,2004,12,26,20,30,0.0,0.0,0.0,12.0,4.7,11.0,0.01
2004-12-26 21:30:00-06:00,2004,12,26,21,30,0.0,0.0,0.0,12.0,4.800000000000001,13.0,0.01
2004-12-26 22:30:00-06:00,2004,12,26,22,30,0.0,0.0,0.0,12.0,4.9,14.0,0.01
2004-12-26 23:30:00-06:00,2004,12,26,23,30,0.0,0.0,0.0,11.0,4.9,16.0,0.01
2004-12-27 00:30:00-06:00,2004,12,27,0,30,0.0,0.0,0.0,11.0,4.9,16.0,0.01
2004-12-27 01:30:00-06:00,2004,12,27,1,30,0.0,0.0,0.0,11.0,4.800000000000001,17.0,0.01
2004-12-27 02:30:00-06:00,2004,12,27,2,30,0.0,0.0,0.0,11.0,4.7,18.0,0.01
2004-12-27 03:30:00-06:00,2004,12,27,3,30,0.0,0.0,0.0,11.0,4.800000000000001,19.0,0.01
2004-12-27 04:30:00-06:00,2004,12,27,4,30,0.0,0.0,0.0,11.0,4.9,22.0,0.01
2004-12-27 05:30:00-06:00,2004,12,27,5,30,0.0,0.0,0.0,11.0,5.0,26.0,0.01
2004-12-27 06:30:00-06:00,2004,12,27,6,30,0.0,0.0,0.0,11.0,5.1000000000000005,32.0,0.01
2004-12-27 07:30:00-06:00,2004,12,27,7,30,51.0,122.0,38.0,11.0,5.1000000000000005,37.0,0.01
2004-12-27 08:30:00-06:00,2004,12,27,8,30,278.0,778.0,52.0,12.0,4.9,42.0,0.01
2004-12-27 09:30:00-06:00,2004,12,27,9,30,455.0,890.0,63.0,13.0,4.6000000000000005,46.0,0.01
2004-12-27 10:30:00-06:00,2004,12,27,10,30,585.0,942.0,69.0,13.0,4.5,49.0,0.01
2004-12-27 11:30:00-06:00,2004,12,27,11,30,654.0,964.0,72.0,14.0,4.3,48.0,0.01
2004-12-27 12:30:00-06:00,2004,12,27,12,30,656.0,966.0,71.0,14.0,4.3,45.0,0.01
2004-12-27 13:30:00-06:00,2004,12,27,13,30,591.0,944.0,68.0,14.0,4.4,42.0,0.01
2004-12-27 14:30:00-06:00,2004,12,27,14,30,465.0,893.0,63.0,14.0,4.5,41.0,0.01
2004-12-27 15:30:00-06:00,2004,12,27,15,30,292.0,787.0,53.0,14.0,4.6000000000000005,39.0,0.01
2004-12-27 16:30:00-06:00,2004,12,27,16,30,69.0,217.0,42.0,14.0,4.800000000000001,37.0,0.01
2004-12-27 17:30:00-06:00,2004,12,27,17,30,0.0,0.0,0.0,14.0,4.9,37.0,0.01
2004-12-27 18:30:00-06:00,2004,12,27,18,30,0.0,0.0,0.0,14.0,5.0,38.0,0.01
2004-12-27 19:30:00-06:00,2004,12,27,19,30,0.0,0.0,0.0,14.0,5.0,40.0,0.01
2004-12-27 20:30:00-06:00,2004,12,27,20,30,0.0,0.0,0.0,14.0,5.0,45.0,0.01
2004-12-27 21:30:00-06:00,2004,12,27,21,30,0.0,0.0,0.0,14.0,5.0,51.0,0.01
2004-12-27 22:30:00-06:00,2004,12,27,22,30,0.0,0.0,0.0,14.0,5.0,60.0,0.01
2004-12-27 23:30:00-06:00,2004,12,27,23,30,0.0,0.0,0.0,13.0,4.800000000000001,67.0,0.01
2004-12-28 00:30:00-06:00,2004,12,28,0,30,0.0,0.0,0.0,13.0,4.4,72.0,0.01
2004-12-28 01:30:00-06:00,2004,12,28,1,30,0.0,0.0,0.0,13.0,3.8,74.0,0.01
2004-12-28 02:30:00-06:00,2004,12,28,2,30,0.0,0.0,0.0,13.0,3.3000000000000003,74.0,0.01
2004-12-28 03:30:00-06:00,2004,12,28,3,30,0.0,0.0,0.0,13.0,3.1,73.0,0.01
2004-12-28 04:30:00-06:00,2004,12,28,4,30,0.0,0.0,0.0,13.0,2.9000000000000004,72.0,0.01
2004-12-28 05:30:00-06:00,2004,12,28,5,30,0.0,0.0,0.0,13.0,2.6,72.0,0.01
2004-12-28 06:30:00-06:00,2004,12,28,6,30,0.0,0.0,0.0,14.0,2.4000000000000004,68.0,0.01
2004-12-28 07:30:00-06:00,2004,12,28,7,30,38.0,14.0,37.0,14.0,2.3000000000000003,61.0,0.01
2004-12-28 08:30:00-06:00,2004,12,28,8,30,144.0,92.0,117.0,14.0,2.4000000000000004,56.0,0.01
2004-12-28 09:30:00-06:00,2004,12,28,9,30,256.0,144.0,193.0,15.0,2.5,61.0,0.01
2004-12-28 10:30:00-06:00,2004,12,28,10,30,291.0,83.0,245.0,15.0,2.6,73.0,0.01
2004-12-28 11:30:00-06:00,2004,12,28,11,30,645.0,935.0,80.0,16.0,2.8000000000000003,86.0,0.01
2004-12-28 12:30:00-06:00,2004,12,28,12,30,567.0,674.0,158.0,16.0,3.0,96.0,0.01
2004-12-28 13:30:00-06:00,2004,12,28,13,30,504.0,643.0,147.0,16.0,3.1,100.0,0.01
2004-12-28 14:30:00-06:00,2004,12,28,14,30,458.0,855.0,71.0,17.0,3.2,101.0,0.01
2004-12-28 15:30:00-06:00,2004,12,28,15,30,286.0,741.0,59.0,16.0,3.2,100.0,0.01
2004-12-28 16:30:00-06:00,2004,12,28,16,30,95.0,474.0,35.0,16.0,3.2,98.0,0.01
2004-12-28 17:30:00-06:00,2004,12,28,17,30,0.0,0.0,0.0,16.0,3.3000000000000003,97.0,0.01
2004-12-28 18:30:00-06:00,2004,12,28,18,30,0.0,0.0,0.0,16.0,3.4000000000000004,98.0,0.01
2004-12-28 19:30:00-06:00,2004,12,28,19,30,0.0,0.0,0.0,16.0,3.4000000000000004,102.0,0.01
2004-12-28 20:30:00-06:00,2004,12,28,20,30,0.0,0.0,0.0,16.0,3.4000000000000004,108.0,0.01
2004-12-28 21:30:00-06:00,2004,12,28,21,30,0.0,0.0,0.0,16.0,3.3000000000000003,112.0,0.01
2004-12-28 22:30:00-06:00,2004,12,28,22,30,0.0,0.0,0.0,16.0,3.1,117.0,0.01
2004-12-28 23:30:00-06:00,2004,12,28,23,30,0.0,0.0,0.0,16.0,2.8000000000000003,121.0,0.01
2004-12-29 00:30:00-06:00,2004,12,29,0,30,0.0,0.0,0.0,16.0,2.3000000000000003,123.0,0.01
2004-12-29 01:30:00-06:00,2004,12,29,1,30,0.0,0.0,0.0,16.0,1.7000000000000002,122.0,0.01
2004-12-29 02:30:00-06:00,2004,12,29,2,30,0.0,0.0,0.0,16.0,1.5,112.0,0.01
2004-12-29 03:30:00-06:00,2004,12,29,3,30,0.0,0.0,0.0,16.0,1.9,100.0,0.01
2004-12-29 04:30:00-06:00,2004,12,29,4,30,0.0,0.0,0.0,16.0,2.4000000000000004,97.0,0.01
2004-12-29 05:30:00-06:00,2004,12,29,5,30,0.0,0.0,0.0,16.0,2.9000000000000004,98.0,0.01
2004-12-29 06:30:00-06:00,2004,12,29,6,30,0.0,0.0,0.0,17.0,3.1,98.0,0.01
2004-12-29 07:30:00-06:00,2004,12,29,7,30,77.0,430.0,31.0,17.0,3.1,100.0,0.01
2004-12-29 08:30:00-06:00,2004,12,29,8,30,264.0,715.0,56.0,18.0,2.9000000000000004,102.0,0.01
2004-12-29 09:30:00-06:00,2004,12,29,9,30,436.0,831.0,70.0,18.0,2.6,102.0,0.01
2004-12-29 10:30:00-06:00,2004,12,29,10,30,564.0,888.0,77.0,18.0,2.7,103.0,0.01
2004-12-29 11:30:00-06:00,2004,12,29,11,30,633.0,913.0,81.0,19.0,2.7,108.0,0.01
2004-12-29 12:30:00-06:00,2004,12,29,12,30,543.0,582.0,189.0,19.0,2.7,111.0,0.01
2004-12-29 13:30:00-06:00,2004,12,29,13,30,568.0,862.0,88.0,19.0,2.8000000000000003,109.0,0.01
2004-12-29 14:30:00-06:00,2004,12,29,14,30,446.0,803.0,81.0,19.0,3.1,106.0,0.01
2004-12-29 15:30:00-06:00,2004,12,29,15,30,216.0,350.0,108.0,19.0,3.4000000000000004,104.0,0.01
2004-12-29 16:30:00-06:00,2004,12,29,16,30,65.0,143.0,46.0,19.0,3.6,103.0,0.01
2004-12-29 17:30:00-06:00,2004,12,29,17,30,0.0,0.0,0.0,19.0,3.9,105.0,0.01
2004-12-29 18:30:00-06:00,2004,12,29,18,30,0.0,0.0,0.0,19.0,4.1000000000000005,110.0,0.01
2004-12-29 19:30:00-06:00,2004,12,29,19,30,0.0,0.0,0.0,19.0,4.4,115.0,0.01
2004-12-29 20:30:00-06:00,2004,12,29,20,30,0.0,0.0,0.0,19.0,4.6000000000000005,120.0,0.01
2004-12-29 21:30:00-06:00,2004,12,29,21,30,0.0,0.0,0.0,18.0,4.9,123.0,0.01
2004-12-29 22:30:00-06:00,2004,12,29,22,30,0.0,0.0,0.0,18.0,5.1000000000000005,124.0,0.01
2004-12-29 23:30:00-06:00,2004,12,29,23,30,0.0,0.0,0.0,18.0,5.300000000000001,126.0,0.01
2004-12-30 00:30:00-06:00,2004,12,30,0,30,0.0,0.0,0.0,18.0,5.4,127.0,0.01
2004-12-30 01:30:00-06:00,2004,12,30,1,30,0.0,0.0,0.0,18.0,5.4,127.0,0.01
2004-12-30 02:30:00-06:00,2004,12,30,2,30,0.0,0.0,0.0,18.0,5.2,127.0,0.01
2004-12-30 03:30:00-06:00,2004,12,30,3,30,0.0,0.0,0.0,18.0,4.9,127.0,0.01
2004-12-30 04:30:00-06:00,2004,12,30,4,30,0.0,0.0,0.0,18.0,4.5,127.0,0.01
2004-12-30 05:30:00-06:00,2004,12,30,5,30,0.0,0.0,0.0,18.0,4.5,124.0,0.01
2004-12-30 06:30:00-06:00,2004,12,30,6,30,0.0,0.0,0.0,18.0,4.800000000000001,122.0,0.01
2004-12-30 07:30:00-06:00,2004,12,30,7,30,21.0,0.0,21.0,18.0,5.2,123.0,0.01
2004-12-30 08:30:00-06:00,2004,12,30,8,30,200.0,345.0,100.0,19.0,5.4,125.0,0.01
2004-12-30 09:30:00-06:00,2004,12,30,9,30,426.0,782.0,82.0,19.0,5.5,125.0,0.01
2004-12-30 10:30:00-06:00,2004,12,30,10,30,436.0,401.0,216.0,19.0,5.5,125.0,0.01
2004-12-30 11:30:00-06:00,2004,12,30,11,30,532.0,545.0,202.0,19.0,5.300000000000001,126.0,0.01
2004-12-30 12:30:00-06:00,2004,12,30,12,30,542.0,570.0,194.0,19.0,5.1000000000000005,126.0,0.01
2004-12-30 13:30:00-06:00,2004,12,30,13,30,449.0,410.0,220.0,19.0,4.9,124.0,0.01
2004-12-30 14:30:00-06:00,2004,12,30,14,30,312.0,261.0,193.0,19.0,4.7,122.0,0.01
2004-12-30 15:30:00-06:00,2004,12,30,15,30,254.0,569.0,78.0,19.0,4.7,119.0,0.01
2004-12-30 16:30:00-06:00,2004,12,30,16,30,88.0,358.0,41.0,19.0,4.9,116.0,0.01
2004-12-30 17:30:00-06:00,2004,12,30,17,30,0.0,0.0,0.0,19.0,5.1000000000000005,114.0,0.01
2004-12-30 18:30:00-06:00,2004,12,30,18,30,0.0,0.0,0.0,19.0,5.2,115.0,0.01
2004-12-30 19:30:00-06:00,2004,12,30,19,30,0.0,0.0,0.0,19.0,5.300000000000001,116.0,0.01
2004-12-30 20:30:00-06:00,2004,12,30,20,30,0.0,0.0,0.0,19.0,5.5,118.0,0.01
2004-12-30 21:30:00-06:00,2004,12,30,21,30,0.0,0.0,0.0,19.0,5.6000000000000005,121.0,0.01
2004-12-30 22:30:00-06:00,2004,12,30,22,30,0.0,0.0,0.0,19.0,5.6000000000000005,124.0,0.01
2004-12-30 23:30:00-06:00,2004,12,30,23,30,0.0,0.0,0.0,19.0,5.6000000000000005,124.0,0.01
2004-12-31 00:30:00-06:00,2004,12,31,0,30,0.0,0.0,0.0,19.0,5.6000000000000005,125.0,0.01
2004-12-31 01:30:00-06:00,2004,12,31,1,30,0.0,0.0,0.0,19.0,5.5,126.0,0.01
2004-12-31 02:30:00-06:00,2004,12,31,2,30,0.0,0.0,0.0,19.0,5.2,127.0,0.01
2004-12-31 03:30:00-06:00,2004,12,31,3,30,0.0,0.0,0.0,18.0,4.9,125.0,0.01
2004-12-31 04:30:00-06:00,2004,12,31,4,30,0.0,0.0,0.0,18.0,4.800000000000001,120.0,0.01
2004-12-31 05:30:00-06:00,2004,12,31,5,30,0.0,0.0,0.0,18.0,5.0,116.0,0.01
2004-12-31 06:30:00-06:00,2004,12,31,6,30,0.0,0.0,0.0,18.0,5.300000000000001,111.0,0.01
2004-12-31 07:30:00-06:00,2004,12,31,7,30,40.0,33.0,36.0,19.0,5.800000000000001,106.0,0.01
2004-12-31 08:30:00-06:00,2004,12,31,8,30,92.0,0.0,92.0,19.0,6.0,103.0,0.01
2004-12-31 09:30:00-06:00,2004,12,31,9,30,128.0,0.0,128.0,19.0,5.9,102.0,0.01
2004-12-31 10:30:00-06:00,2004,12,31,10,30,402.0,299.0,238.0,19.0,5.6000000000000005,101.0,0.01
2004-12-31 11:30:00-06:00,2004,12,31,11,30,423.0,232.0,282.0,19.0,5.300000000000001,100.0,0.01
2004-12-31 12:30:00-06:00,2004,12,31,12,30,429.0,237.0,284.0,19.0,4.9,99.0,0.01
2004-12-31 13:30:00-06:00,2004,12,31,13,30,355.0,169.0,259.0,19.0,4.6000000000000005,96.0,0.01
2004-12-31 14:30:00-06:00,2004,12,31,14,30,42.0,0.0,42.0,19.0,4.6000000000000005,89.0,0.01
2004-12-31 15:30:00-06:00,2004,12,31,15,30,83.0,0.0,83.0,19.0,4.800000000000001,84.0,0.01
2004-12-31 16:30:00-06:00,2004,12,31,16,30,4.0,0.0,4.0,19.0,5.300000000000001,83.0,0.01
2004-12-31 17:30:00-06:00,2004,12,31,17,30,0.0,0.0,0.0,19.0,5.6000000000000005,88.0,0.01
2004-12-31 18:30:00-06:00,2004,12,31,18,30,0.0,0.0,0.0,20.200000000000003,3.2,223.0,0.01
2004-12-31 19:30:00-06:00,2004,12,31,19,30,0.0,0.0,0.0,20.1,2.5,225.0,0.01
2004-12-31 20:30:00-06:00,2004,12,31,20,30,0.0,0.0,0.0,20.0,2.0,221.0,0.01
2004-12-31 21:30:00-06:00,2004,12,31,21,30,0.0,0.0,0.0,20.0,1.6,211.0,0.01
2004-12-31 22:30:00-06:00,2004,12,31,22,30,0.0,0.0,0.0,20.0,1.7000000000000002,196.0,0.01
2004-12-31 23:30:00-06:00,2004,12,31,23,30,0.0,0.0,0.0,20.0,2.0,188.0,0.01
